País,Fuente,Entidades Coincidentes,Términos del Sector,Palabras Clave (Keywords),Título,Fecha Publicación,URL Verificada,Resumen
Brasil,Búsqueda ANEEL (Google News),ANEEL,"Geração, Transmissão","Cinco, Grupos, Assinam, Nove, Contratos",Cinco grupos assinam nove contratos de geração e transmissão na Aneel - CNN Brasil,2026-09-11 02:21,https://news.google.com/rss/articles/CBMiqAFBVV95cUxNaFpGbE42SGRJT3ZLelJZMGhPY09LSjV1MzhBR19WQnZ3U3NEUFE5RFg3MlVsTUVXN2VBNnNQMFBQVk9hX0ljM1Uzbmg5TFdJcVRHbjZLTUVPTnR0M296dElxOE9TTjBMZk5oWGw2VF9yekYtSld3ZVNjWUpjUmVxMUVHejdkZnNjQndSSkRxc2R0T2hRUW9SWTBZYXRwa0V5ajNOTS1fQnA?oc=5,Cinco grupos assinam nove contratos de geração e transmissão na Aneel CNN Brasil
Brasil,Búsqueda Petrobras (Google News),Petrobras,N/A,"Análise, Comunicação, Falha, Petrobras, Recebida",Análise: Comunicação falha da Petrobras é mal recebida - CNN Brasil,2026-09-11 02:09,https://news.google.com/rss/articles/CBMisgFBVV95cUxObGc0dEJLNTBWSHY3aV9zSXZHcWVoMHNwakhheGY2UjFVYVowdzJrcDI0bjZVRVNLZ25fOG9hYTEtSzNtdi04MVNVVWVLUHZYR1JDcTZmelFrRmZDVDZOVXhYWkoyS3ZQbmpvZFJjYXkwZlo1OWVCUWNXSWRocXdxeUpkZmNPbHBKemxFcDJDV0JtdUJBS0Nhb2t5OWI4ajdWTWdBcFdRNTNBSWNaODRFU0p3?oc=5,Análise: Comunicação falha da Petrobras é mal recebida CNN Brasil
Brasil,Búsqueda Agência Brasil (Google News),Agência Brasil,N/A,"Projeto, Pago, Emenda, Mário, Frias",Projeto pago com emenda de Mário Frias não teve execução comprovada - Agência Brasil,2026-09-11 01:51,https://news.google.com/rss/articles/CBMiwgFBVV95cUxPcEFXTDFVWnI1QnhEQmZ4Q0cxV2wxU3V2eXBsQnZEMnY4aGZfZWlkYy1tX3lpOTdRMzBKcEkySUdGUW1TRFFqNkJET19JQ0I3blptcEhFRFpRNDZGWGYzTXJxQlJZbmdlUGl6Zk5TXzlUQldTbWI0LUFSSXc4R1RodkNLU2VydVVFUDZ2T0c4SmZ2YzMtTDZYVHRPN29LMGE3UGJ3aTRYVFJPTEJZRVpfbjFjQmZNVFZRV3ZkMmRma3NfZw?oc=5,Projeto pago com emenda de Mário Frias não teve execução comprovada Agência Brasil
Brasil,Búsqueda Petrobras (Google News),Petrobras,N/A,"Petrobras, Volta, Atrás, Cancela, Alta","Petrobras volta atrás e cancela alta de R$ 0,19 na gasolina - Se Ligue Bahia",2026-09-11 00:49,https://news.google.com/rss/articles/CBMinAFBVV95cUxQUXU5amh3YmV1RXY3ZUtDRVNNVUZ5ajRRZWluY0RWYkl3Tk1mLU44YUtWcXJhX2Z2emx2RmVoZkZkYkY2NlEwZ2gtTzBjV2h5WUt2WHM1aEV3OXZlMUxVaDd3NV9sYUpmdGdON1VELUlGVnZYM2RrU3RqN25BQnlVVk1YRXdSMkF1QVk4TzRNUVVmTGV1eVgtXzIyazQ?oc=5,"Petrobras volta atrás e cancela alta de R$ 0,19 na gasolina Se Ligue Bahia"
Brasil,Búsqueda Agência Brasil (Google News),Agência Brasil,N/A,"Mega, Sena, Acumula, Milhões, Confira",Mega-Sena acumula para R$ 85 milhões; confira os números sorteados - Agência Brasil,2026-09-11 00:32,https://news.google.com/rss/articles/CBMiuwFBVV95cUxNelhMN1RFaEJTTDdpVFA3NzZvVHh6aXR6WnpIWlVXeGtVMTFWVUlxbm9uU1c4MmlxaWVZYkh5UndZLUFCd1ROSGlYOEM4dTZLeVZuLUxOcTdJZkxrbTA5SVNONG85MHU5Q0ZMX0RrYzU4bkJ1ZUhaUlJVQ05XTEI5QWpwWUwtcHRCZVNXQmZwRUpzVnp2YUFJc1BQNHVjbnB3NjhwUFM5LUVTckdUSTdHbWRWZnNfdjZhbjcw?oc=5,Mega-Sena acumula para R$ 85 milhões; confira os números sorteados Agência Brasil
Brasil,Búsqueda Agência Brasil (Google News),Agência Brasil,N/A,"Levantamento, Aponta, Identificação, Candidatos, Brasil",Levantamento aponta uso de IA sem identificação por candidatos - Agência Brasil,2026-09-11 00:27,https://news.google.com/rss/articles/CBMivAFBVV95cUxNUW41T2tqWWRZcDI3VHZDTHREaFphWmlzbTFqQ0YtcjdxYUNUbG45ZlAyTmkyVlNpQ1VjaW94eGtwSHhTSTFqakZkR1BiRi14Nmo5OHpVY0g4cUREdWFiMkJ1N01seTRORUZkd0lBcGdmYktUdk9Tejh3cmZSWE1rbWEwQlF1b1NWRG5hVnJpSWpldTVvaHBBVHE1NUVJTURGR1BuZEtiNEh1UzlhR1hrNnBmWVp5a2FTRkpWUQ?oc=5,Levantamento aponta uso de IA sem identificação por candidatos Agência Brasil
Brasil,Búsqueda Agência Brasil (Google News),Agência Brasil,N/A,"Paulo, Masp, Inaugura, Passagem, Nesta","Em São Paulo, Masp inaugura passagem subterrânea nesta sexta-feira | Radioagência Nacional - Agência Brasil",2026-09-11 00:13,https://news.google.com/rss/articles/CBMi2gFBVV95cUxPMGFzaXZYWk9EMFQ0LWVwYjRlU1hvWlY3WThUdVd1NmdXS04tQ29TM2VVR0NBQm0yeDJfcl9JalZJVDg0VzRLeW5RdHM0b1pWaVE2SFBNcDE2aHlfaWJkeXBtTElTemw5MVVIc0czYzBEOGRGa0RfWkI1TDJ4eUNKVnRRUm4tQ2h4alYwWlpvQ1cwOGxNX2NzeG9hTEVYQ05SMHExWktDcHRfYk5selo5TFU4MjUxcTJSTTl1bG9aRlVVaGpZSmMtNGtwbXdzMkh3ZGR5Y282MDBzQQ?oc=5,"Em São Paulo, Masp inaugura passagem subterrânea nesta sexta-feira | Radioagência Nacional Agência Brasil"
Brasil,Búsqueda Petrobras (Google News),Petrobras,N/A,"Petrobras, Pode, Parecer, Pressão, Governo",Vai e vem da Petrobras pode parecer que foi pressão do governo - band.com.br,2026-09-10 23:47,https://news.google.com/rss/articles/CBMirwFBVV95cUxOcFdJdzFSM0ZyNGJrVkxBcTZFeWJvVlU5TG8yd0c5XzlrZTNMdWhOYmllTXlMN1hYQzVtM255QW8zV2ZZUXZoTUNuR2JDLVV4WW5JeV8wd25ocmltcmpvUE90SUh3ZktxUkktUlVZdlY3VTVvWjRQRTZfaHIwMW9nQXZfXzA1aHlQOFNncURsRWhPeWNoY3NUbTkycXRoRDNWc2NTTWl4enZXWjl2VENV?oc=5,Vai e vem da Petrobras pode parecer que foi pressão do governo band.com.br
Brasil,Búsqueda Petrobras (Google News),Petrobras,N/A,"Margem, Equatorial, Atrai, Bilhões, Petrobras","Margem Equatorial atrai US$ 2,5 bilhões da Petrobras; três poços ainda aguardam licença do Ibama - DefesaTV",2026-09-10 23:35,https://news.google.com/rss/articles/CBMiuwFBVV95cUxPdmgxcTgzeDF5RUxwbzNaSVVuUWgyb3JKa25USldtQ1ExSFphOU1fZXRXczctcmNEZHRyS1VvZDhJOUp4ZUhRUVNCRG9VMDRlWFQzSUt4b21ScGI0TGNmUmxIS1ByQXFpVlFyM2lDMmJxWU0xOHI2TTc4NHR1MWY4MVFvaVdnVmp5X1VBTHJIQjZUWGpMSEJ1TXV4bXBSOEpnRnlTM0VfNm45VFNyVDZZNVFkWUNwX1JNcDBF?oc=5,"Margem Equatorial atrai US$ 2,5 bilhões da Petrobras; três poços ainda aguardam licença do Ibama DefesaTV"
Brasil,Búsqueda Agência Brasil (Google News),Agência Brasil,N/A,"Brasil, Programa, Habilitou, Milhões, Motoristas",Programa CNH do Brasil habilitou 2 milhões de motoristas em 9 meses - Agência Brasil,2026-09-10 23:35,https://news.google.com/rss/articles/CBMi2gFBVV95cUxQLXp0WU9qSUNWNGoxeElMLXRRSWdjS3lyVmlNLW85U2hka0I5UWxhRTFpbGJIOFRiQVZuYzFRYTkyMm83MHNvaWhQV3pyS3BMcGgwYTFVMmRIQ1kzY1dfdGw5MkVxRExaSVhEV25GS29ob09ncW9BSkw5dXVSRTVlUXY4NmZ0WDBSS29DckxZVWluU0hLZ3M3Nm5IRXV6ZFNIMDRMa25iZnVJMDdKODFnYVpVdmJoRktad2V1ME5QN0VZRUowYTF5Znp3enZqRHY0T0h5WDJzYzh4UQ?oc=5,Programa CNH do Brasil habilitou 2 milhões de motoristas em 9 meses Agência Brasil
Brasil,Búsqueda Petrobras (Google News),Petrobras,N/A,"Gasolina, Sobe, Bomba, Aepet",Gasolina não sobe na bomba - aepet.org.br,2026-09-10 23:28,https://news.google.com/rss/articles/CBMiZ0FVX3lxTE9vZ0JneXZISEE3WWdHRU14ZUFLRnpUVmc4WEEzX21zaVM0aGYtempBbGtYTDNSNUh6N0g3TlUwWXVGa2FOa0hNbzl3cG1XSGY2clBFcHkwclAwNG51OGU2YWYzR19hc0E?oc=5,Gasolina não sobe na bomba aepet.org.br
Brasil,Búsqueda Agência Brasil (Google News),Agência Brasil,N/A,"Confira, Quinta, Feira, Candidatos, Presidente",Confira como foi a quinta-feira (10) dos candidatos a presidente - Agência Brasil,2026-09-10 23:25,https://news.google.com/rss/articles/CBMitwFBVV95cUxQQXZzb010Q3hTTldZOE44X0loRGsxX3NMRFJjVXc4SnFBY3ZlMnJpWnJpbzVzQU5CY2k2OF9CMmNETDFGTVY5Sk92TmxtRkRGLTBfSjg3dWRhb3liX2pEMWtoZG1pUXpCb20xWlFKRkR1V3UzNzM0NXJxcWE2TlF5a2pFMGVFVEw5akFkeEtxdnA4R0hsUjFnZnpwUXFYZkhNb2wtN042Q3NlNjdabjhlUEU0bk1rdGc?oc=5,Confira como foi a quinta-feira (10) dos candidatos a presidente Agência Brasil
Brasil,Búsqueda BNDES (Google News),BNDES,N/A,"Transição, Energética, Brasil, Porcaria, Cara","Transição energética no Brasil 'é uma porcaria' por ser cara e socialmente injusta, diz Elena Landau - Terra",2026-09-10 23:20,https://news.google.com/rss/articles/CBMiiAJBVV95cUxNcUt1QWhxd0pxQXE2TmFXek01UGJJczdBdUhmREN6akoxOGZfRldUUlREQ1E2ZFR2NUt5LUdiTER6ck53Y2ZNWFRqbW9sUlFSdnNwZFJCcHkwaTQtMGxYQXdsU1o4ZUVQcnN5ZEFZOWpwSlJEaVpjRTg3cEhxV2hZV3hKLU85YzZlREk3ZkJVOUdLWVVCSjRiYUZUR3RjU19ZUGhONWJJMm1rSHJPaEZ6X2Q4ZW13My0wSnNjVjdSbWsxcG8yV2hrcEx4djNFTkdwV3hoTEdFOER6VGlYaHE3MzZsZGFYQ0ItNHduRERiWEFlXzVQczA5QUg3djNhZEFyRjlOdU1uV3o?oc=5,"Transição energética no Brasil 'é uma porcaria' por ser cara e socialmente injusta, diz Elena Landau Terra"
Brasil,Búsqueda Agência Brasil (Google News),Agência Brasil,N/A,"Brasil, Continua, Vitória, Mundial, Basquete",Brasil continua sem vitória no Mundial de basquete em cadeira de rodas - Agência Brasil,2026-09-10 22:58,https://news.google.com/rss/articles/CBMixwFBVV95cUxPRkZuSzB2bmV3TnNsVlYyUmNTTlhmUGlFb29FenRSbWs2WTRSLXN5MDlKa0NXb0hZRFpCXzBCQzN5djc5UXZTc05oU2xSM1VqX1hwVk5wWkNsNVdXNFpYbkNVc3FlbnhXTmx3TUJOLXZHdDR5Z0d1SHlTd29qcy01VkE5T2lvUHVreFk1YnFvZHdtTzhkQ25aVVZTXzZoS1BIQW16QUtRVkpzd1VZTjhOWktvUUtpcExja2VnYTU5OXYyQ19LdHM0?oc=5,Brasil continua sem vitória no Mundial de basquete em cadeira de rodas Agência Brasil
Brasil,Búsqueda Agência Brasil (Google News),Agência Brasil,N/A,"Comícios, Entrevistas, Atos, Marcaram, Presidenciáveis","Comícios, entrevistas e atos de rua marcaram o dia dos presidenciáveis - Agência Brasil",2026-09-10 22:56,https://news.google.com/rss/articles/CBMi4AFBVV95cUxOVnhJN0tfSXNoR2NJXzdJVV9GVU5WLU9FSGJRX0dRS01nVm84ZjVQWmp5X1dNY1RxTUhlUGNzbUtPeEFoLVVVdUotb0xHTFR5UG1LbXFRcF9mTlpFaUZfekR1b1dUbm5XUjJ2al9JUUlrRjVVRkVLS1JMWDhfV09FU1E4UG50Z01SUlhzZC1HYUh2di0xNnhaUUxhdU55OThFdjAwYUozTHZCSWs1SVNJSmlDSjlqYVc0VDYwMnhqNWxYNUtWbExqcWNWM0V1c05EMm5nVkFvZURaaFN0M1JuaQ?oc=5,"Comícios, entrevistas e atos de rua marcaram o dia dos presidenciáveis Agência Brasil"
Brasil,Búsqueda Agência Brasil (Google News),Agência Brasil,N/A,"Agosto, Preço, Cesta, Básica, Teve","Em agosto, preço da cesta básica teve redução em 25 capitais - Agência Brasil",2026-09-10 22:37,https://news.google.com/rss/articles/CBMi0wFBVV95cUxNYWlXTE1USG85XzlCTDFWZWtkMW51ci0zOHBpOFc0dW5Ram9mZzlxbGxnNkxMX1VySEVBbHJoZFdUaFpWY2JzeHNqR0ptVVNvekJwTzRTRkJ1VmJtQzBOZTdxYjJlaFNPaWhtNEdEc19wNVIzOW9kY1ppM1lyQ3JMVFhpaVVjWXRIQnNpUjdZaGx1ZlV4WER6ekY5V0VRTmR1UmJzUVV3YS1QNmdkWGxpX3VuZWZOamQyZmx4ckt2NVR0TmlxbzZpRUE3N0ljaFFEQ05J?oc=5,"Em agosto, preço da cesta básica teve redução em 25 capitais Agência Brasil"
Brasil,Búsqueda Agência Brasil (Google News),Agência Brasil,N/A,"Flávio, Dino, Retira, Sigilo, Processo",Flávio Dino retira sigilo de processo sobre filme Dark Horse - Agência Brasil,2026-09-10 22:34,https://news.google.com/rss/articles/CBMi0wFBVV95cUxQWVNUR2JPMDRQQnhnbVItbXY3c1JsREpzLUVWLVFLTkNlYTd0UlQxWEZlTkhWR3FFR0pmSE5JS0xQblN2N3Z3dTVQXzlzSV9XWjNpakx6UGVCZ01VdHlEUFYzM3ktaEFtM1hGcVg0UVFuX182S21fZ2g2aXVmLW5TNm83UENZZ0lWb3Z2SGo0RTh5T1hIQ3hTNjBSUGVieVhZN1ZibHg5UXpTbzhoWldQR1NMS0FfWHRmNXdrTGo4T1FvVVVmREwxbFh0ZkJfeFdHMXkw?oc=5,Flávio Dino retira sigilo de processo sobre filme Dark Horse Agência Brasil
Brasil,Búsqueda Agência Brasil (Google News),Agência Brasil,N/A,"Número, Lares, Idosos, Insegurança, Alimentar",Número de lares com idosos em insegurança alimentar cai em dois anos - Agência Brasil,2026-09-10 22:23,https://news.google.com/rss/articles/CBMizwFBVV95cUxOTjNmNXhKcDlEelVFTnhZbW5FN2dILWxuRDFuU0FuclFkaktpU0picnhjaTdGeUhhdmx0UnVXLXdxbl85SzYteGtxUEFEX1lTVGtiZ1pmU09QSnBGOXY5MHAxcWNsX2Q5R1d0Z0hUOTN6aFdpQTE4d3BVb2d4eVY0NGVxczZ6ZGtoZE1pZ0lKbVlKcXdocm1Lc08wZ2t0TnJ1OHhzbFVHUEVUaEVIYU5BM1V5dU1ONDQ4c3RLWmxMVU4xQUFQSE11bEJUUHdTNkk?oc=5,Número de lares com idosos em insegurança alimentar cai em dois anos Agência Brasil
Brasil,Búsqueda Agência Brasil (Google News),Agência Brasil,N/A,"Brasil, Programa, Aumenta, Pedidos, Habilitação",Programa CNH do Brasil aumenta pedidos de habilitação em mais de 200% - Agência Brasil,2026-09-10 22:20,https://news.google.com/rss/articles/CBMiwAFBVV95cUxNXzBYWkhVQXAtdTFYcTQxbmt6LXNfZk5vSkxpMk5XUmJMNC1oN1ZYQ042bVJEaENYbjlheEdfNEZTZVVrYm5fRnJ5NHQzZ0pQeFBRZEtVVVNOUzc5U0h0LWFvUjlycXhTU21BRUhieFdyMEZkVFpzS3RnTFVONVVGT3h2aG5ockxlYXpDS3VxM3JoYTlxOVpOVTZsUUNWcnlHbzhZZXFOUGwxVTlXMHRhYXFmcFhEV1UtOHl5bFVJZGk?oc=5,Programa CNH do Brasil aumenta pedidos de habilitação em mais de 200% Agência Brasil
Brasil,Búsqueda Agência Brasil (Google News),Agência Brasil,N/A,"Brasil, Futebol, Cegos, Final, Copa",Futebol de cegos: Brasil vai à final da Copa América contra Colômbia - Agência Brasil,2026-09-10 22:18,https://news.google.com/rss/articles/CBMiwAFBVV95cUxNNzJ6b2ptTWQ3TFlwc1BSVkZTc21Cb0NhRldyZFdDWklTSS1MSFNQaHhuLUh5bmlrZFBELXpmd2ltRGJjakFGdnNYcU1YZzVyaHlyTzlMb1ZEbTU5RjNROTBVc0Y1d0I5ZS1OOG5FU2ZydXhuVlRyR0o4RkZrMHpidjBZYmVYN2V6S015RDcwa2dTV2pTZU45V3N2c21rdGJTYi0tRU5tOGp4YXQwdzR0MTNLUllIRG9BYnVJNFljVDE?oc=5,Futebol de cegos: Brasil vai à final da Copa América contra Colômbia Agência Brasil
Brasil,Búsqueda ANEEL (Google News),ANEEL,N/A,"Agenda, Aneel, Mira, Armazenamento, Abertura","Agenda da Aneel mira armazenamento, abertura do mercado e curtailment - BNamericas",2026-09-10 22:00,https://news.google.com/rss/articles/CBMiqgFBVV95cUxNMHdZWU8xY2d1OUpFU0oyTk9QVFd2NkVMb0x0YWY1T0dPdktzR3p2NjRhcm9CZXdDUFNOWFkyWkxmMEhBX1FvWTRIc1A0YUJCU3M1ZXZuZjNrcnQ3c3ZYcmJSdTIzRTIxUXVreVpfSFNDS082ZVZvUWpFcmxNOG1aYThvTWQ3eDZWU0ZPWmNvaXlNdllhTnE0Wk8xQkhHdDZiUkxzTnR5em9HUQ?oc=5,"Agenda da Aneel mira armazenamento, abertura do mercado e curtailment BNamericas"
Brasil,Búsqueda Petrobras (Google News),Petrobras,N/A,"Orquestra, Petrobras, Estreia, Obra, Dedicada",Orquestra Petrobras Sinfônica estreia obra dedicada aos povos originários do Brasil - VEJA,2026-09-10 21:30,https://news.google.com/rss/articles/CBMiugFBVV95cUxNWENwU0ZVZVlna3NZcjIydVdPWGVkMDQ5SmpfSXZVNjU3UV9GRXFlYVJTa3B2UWtMY3FuaUFXTnlwSmFSTDB4dUpRbWFpQW9wbEplSjBRSUNxaTNiVzZUUVhlYXljTGY0RFhmZmNlS2xJcGJ1Q3ViaVhGb2FzcTllOTRaeWJtN3JhVGhxM1MzeEVVQVVGU2dWTHVqdVBhSF9nN0tlY2pYTjZRel9pOGhKV2NGelg5dk5wVnc?oc=5,Orquestra Petrobras Sinfônica estreia obra dedicada aos povos originários do Brasil VEJA
Brasil,Búsqueda Petrobras (Google News),Petrobras,N/A,"Petrobras, Reverte, Informação, Preço, Gasolina",Petrobras reverte informação sobre preço da gasolina e preocupa mercado - CNN Brasil,2026-09-10 21:15,https://news.google.com/rss/articles/CBMiwwFBVV95cUxQbE0zTEFuUk80ektWSWlXR3U3LXJpdG9JNVpUdEpKMXBHeVJmU2tRU1MwczJIYllxQlh3amVVR1hKNnRQRURXdUJGRnR5UkJIeEp1eGQtWkdhUFNZaUNTWmpFZFNKTGRrYjVYNE56WWt3LVo3YUNlWHpJcXdQR0wxWnpWbTJpOGtVM240RGVBVER5TzFJY2ZwbHJ3SWtTVHpfQlRlSVVmeWxPQVlVR3A5WGwtYmlZdk5SUVFsUWo2SzVyc3M?oc=5,Petrobras reverte informação sobre preço da gasolina e preocupa mercado CNN Brasil
Brasil,Búsqueda Agência Brasil (Google News),Agência Brasil,N/A,"Altitude, Encara, Independiente, Valle, Quartas","Na altitude, Fla encara Independiente del Valle nas quartas da Liberta - Agência Brasil",2026-09-10 21:12,https://news.google.com/rss/articles/CBMi4AFBVV95cUxNMDJDdC0wZEl6Z29ZNTZUdkJTSU1xQ180d2xHb1VfQmw4WDRHbFZXOGZycks0aWpuT1R6UkN3WHJRV094Ml96dWNKQTlGcGx2TjFBZy1VNzFjMkZtZExpallKRnlPVU9nY1lFREVqMlF4Q1NJT05oUGNKVTNRSDZJcVhoSVd5ekozUkQ4ak9DS3dodzhOTVRMNXc0YU1Wa0hsMl9YN1E1YTlPYmFlc2JYNmxEeExha1NVYzFXa2hoODdETlh6X3poU09kY3RRWjdUNGNGbHNXUklsR1hxM2N5Xw?oc=5,"Na altitude, Fla encara Independiente del Valle nas quartas da Liberta Agência Brasil"
Brasil,Búsqueda BNDES (Google News),BNDES,N/A,"Lula, Permite, Bndes, Criar, Empresas","Lula permite ao BNDES criar empresas, mas nega fundo para apoiar exportação - noticiasdoplanalto.com.br",2026-09-10 21:05,https://news.google.com/rss/articles/CBMirgFBVV95cUxOenhNaVQyQklxZ1F6M293b1FnZFlneERqbGNGTnpoczZfSGhnaGswTUZBNGR6RXJrMldCWE1naXZ6VFNXN2ZiUGJ1aEZUcjZYZTl0MllxTkNrZnZKUEdkY1BXUGNIYkJXOGtjeGViMWhLT25FTnpqVXk0SWVPRTg4YXpDSERyS1lmR3I3LXhaTVY1M1VwcnBzRmQyc1hxUzk0dXJnWVhGSW8xaUQ0T1E?oc=5,"Lula permite ao BNDES criar empresas, mas nega fundo para apoiar exportação noticiasdoplanalto.com.br"
Brasil,Búsqueda BNDES (Google News),BNDES,N/A,"Lula, Sanciona, Autorização, Bndes, Criar","Lula sanciona autorização para BNDES criar subsidiárias, mas veta criação do Fundo de Crédito à Exportação - Valor Econômico",2026-09-10 21:00,https://news.google.com/rss/articles/CBMi8wFBVV95cUxQN0xwaEJBQUYzY3hnZ3cxUlltQ0xUZ29VUkpQeWJqZmlnRTFxSDM3UXB1bnByN1BrOVhUcjRQSHFZM1ZGbXctaDVrNHhZUlZHTk0wUjNfbElHYk51UjhXMWZpZlBNMEhoM1ZoT2ZhZmVmUUVTWEktaVhTZE1iMEN4elBtSGlaOGtQRFZXbGhzdXRiai1NU3Vwc3lCTUxpS0hMdVEzR2pjanU5eGxRT1hRNmM4bGllY2JKUzRRTExPR0p4cE5DZzgzMFNYam16VkNIVE5PWmc3bGtIMUc0OFNFOFNmSVBpS0dZX0I4Vkp6T29fTVnSAYICQVVfeXFMUGo1N1IwR1JydTFVajRFdGs0VTVRQUtxRGpfYVB3Ti1XOEx4SEtqSE8ybE55Rmhja01Obm1wTDg3bVJWWmZtR1VuaVM0OENhMEo4VUYzdzhQWkl0NGprbTlkSTl0dl9DeDNHOUhqMkVQMlZVYWVnaGs1UDlzcDM2OE1iWmI5UF90YVd4NXVsaFM1MU9TRkptQXlwdVBoMG9pZ255UlZsZDJ4VjFxU1hsMmFLOTJ5RzhoeWdfYW5XYUcyaTJOWk9tQklwZEhYazM4WS1UblU3eW5oQ3VqcmpTemtJcVJiMjVVSE1EVEdhTzEtSzNPT2h1WlFoWlh4bS15c05B?oc=5,"Lula sanciona autorização para BNDES criar subsidiárias, mas veta criação do Fundo de Crédito à Exportação Valor Econômico"
Brasil,Búsqueda BNDES (Google News),BNDES,N/A,"Recebe, Aval, Bndes, Disputar, Leilão",WEG recebe aval do BNDES para disputar leilão de baterias no Brasil - ocp.news,2026-09-10 20:31,https://news.google.com/rss/articles/CBMimAFBVV95cUxQZWYxcTBIMG45WHpBN1ItaE4xbnpra3lzV3k1ZG5XMGxxSjJCMmlDWGVMM3V6U2RmVE9qZFF0NmZYTnVUblpTYV9JMVlWRFJ3aEJYOGh3U3YzdXpReWZyRktxcllneXRTRUUzQ25XZS1Tay11VFJ0emJJcjljMEU1R2N3TmdjNDZLUTVDRExvUlNibHRGU1RmVg?oc=5,WEG recebe aval do BNDES para disputar leilão de baterias no Brasil ocp.news
Brasil,Búsqueda Agência Brasil (Google News),Agência Brasil,N/A,"Festival, Brasília, Cinema, Brasileiro, Brasil",59º Festival de Brasília do Cinema Brasileiro - Agência Brasil,2026-09-10 20:24,https://news.google.com/rss/articles/CBMipwFBVV95cUxQTkx6VDhCQWxoTjhtM1ZNN2FFOG1NSG56dmxtUzRzNE5FMVRWWkwwZmVOM19jdjBrcFl2VzV3ZnY3VE42TzJ4anl3SldRQ0UyaWhWYVBJT0VzbXo4TDNfdnFZTlJjbmhiajZJRUliY05uRjUzNkg1aXdJLXRCeDJXd1kxcUxGSy1hQ3dlbXhNSThHOTM4eXM3a0dkRkRMM1ZnWUgxMlRiQQ?oc=5,59º Festival de Brasília do Cinema Brasileiro Agência Brasil
Brasil,Búsqueda Agência Brasil (Google News),Agência Brasil,N/A,"Saiba, Qual, Rotina, Ideal, Consultas",Saiba qual é a rotina ideal de consultas para cuidar da visão - Agência Brasil,2026-09-10 20:17,https://news.google.com/rss/articles/CBMitAFBVV95cUxNYUoxTnVEOTBFNnpvU3NNU1ZpS0dPLXd6WDgzTDhXXzhnMGF3VWt5Y1JNejdkNHpScXFvNno0Y2RjRGZNX0VIOWtURThHaTdQZ1JSQ3lkdjRaQ0VQTnJBdDlaQ2llRk5LcU5pd1FCeVlKYXY2UFhCZDJLSWFxOWxzNzNwYjFnT0VkcEVDd2tWaVFyTGdCMkpBRkR1MnlXMWtkXzlFS2pUS0pIaTVXVlQzZGJ0Q2U?oc=5,Saiba qual é a rotina ideal de consultas para cuidar da visão Agência Brasil
Brasil,Búsqueda Agência Brasil (Google News),Agência Brasil,N/A,"Chuva, Paulo, Brasil",Chuva em São Paulo - Agência Brasil,2026-09-10 20:16,https://news.google.com/rss/articles/CBMigwFBVV95cUxPbFdsWks5V0Z1alhPZ2lzZnBfaUlITjFlRGxCdmU1YldsMDVvOGk1MkhUTF9uVXI4QlZuYTFIckhXS2d3dmNkdVhXXzg2cllkQzBTeDJsVVdhYlp2cDk1S2pWYlhTQ3hMNU9rY2g4a21FdlpYZ3gtUU53REtRaUdMUmdZdw?oc=5,Chuva em São Paulo Agência Brasil
Brasil,Búsqueda Valor Econômico (Google News),Valor Econômico,N/A,"Sicredi, Está, Principais, Instituições, Financeiras",Sicredi está entre as principais instituições financeiras do Brasil no Valor 1000 - enquantoissoemgoias.com,2026-09-10 20:06,https://news.google.com/rss/articles/CBMi5AFBVV95cUxPeGVFOExjRTdVQjZ6dWVYN3FKWllwejUtZzVNdUJ0Zzd3bF92UXdRRlA3cVZ1WS14aGZ2c1lUMWZKSjZ3c3ZfcFhEMExMUVJldnNCbmxfbV9VRHd5SWF4Y0ZMdDZjVnczdjlHT2xOeUlCWi1OQ2plemh1RXRUb2htb0VWRDJObXpUZXFEZF9PbEt0NGc3c0VhdGd4d0F0QTR4SEZlY3RFcUFqb3FyVFE3Vzc1OXFteW10SUVGc042YlEyUUl2VjRZTUJZMWZiYVd3NHpuQTVTSHU1b3RNRDFFWEN3TjM?oc=5,Sicredi está entre as principais instituições financeiras do Brasil no Valor 1000 enquantoissoemgoias.com
Brasil,Búsqueda BNDES (Google News),BNDES,N/A,"Zaaz, Grupo, Argentino, Dono, Capta","Zaaz, do grupo argentino dono da Sky, capta R$157mi do BNDES - BNamericas",2026-09-10 20:00,https://news.google.com/rss/articles/CBMinAFBVV95cUxNTUUxNVg2QmxXYnU2NjhsUUk3YXg5M2tJYXFjUXM5dUwtcDNIZHRaMFJKdmhIWkdNTHpDWnk2Y3h3VU9BM0VyYXpyOXNoMjJvd0dfeThUd0lraVdJTVJrWTZXQkIxeDlKMEdmN2ZBZGtPUnkxbDQ1TVpfNnFxam8xYVphcm5VMGFqT0hkS0lOaWlNcUlfU0FsYWEwVDA?oc=5,"Zaaz, do grupo argentino dono da Sky, capta R$157mi do BNDES BNamericas"
Brasil,Feed Últimas,N/A,Transmissão,"Brasil, Mundial, Seleções, Brasileiras, Feira",Brasil continua sem vitória no mundial de basquete em cadeira de rodas,2026-09-10 19:58,https://agenciabrasil.ebc.com.br/esportes/noticia/2026-09/brasil-continua-sem-vitoria-no-mundial-de-basquete-em-cadeira-de-rodas,"As seleções brasileiras de basquete em cadeira de rodas continuam sem vencer no Campeonato Mundial da modalidade, que ocorre em Ottawa (Canadá). Nesta quinta-feira (10), o time masculino estreou com derrota por 77 a 32 para a Itália, no ginásio da Carleton University. O feminino, pela segunda rodada, caiu por 70 a 63 para a Espanha, no TD Place. Os jogos da competição têm transmissão ao vivo no canal da Federação Internacional da modalidade (IWBF, sigla em inglês). Notícias relacionadas:Futebol de cegos: Brasil vai à final da Copa América contra Colômbia.Valieva perde status de neutra e fica fora de disputas internacionais.Copa do Brasil: Arena Mané Garrincha será o palco da final em Brasília.Entre os homens, o Brasil pecou no aproveitamento (29% em 55 arremessos, contra 55% dos italianos em 63 tentativas) e pegou bem menos rebotes (29 a 41). Cristiano Clemente, o Juninho, foi o destaque brasileiro, com oito pontos, sete rebotes e três assistências. A seleção verde e amarela busca a reação nesta sexta-feira (11), às 18h (horário de Brasília), diante do favorito Estados Unidos, atuais campeões mundiais e tri paralímpicos, no TD Place. A campanha na fase de grupos termina no domingo (13), às 17h45, novamente na Carleton University, contra a Holanda, país do técnico brasileiro, Cees Van Rootselaar. O Mundial masculino reúne 16 seleções, divididas em quatro chaves. O Brasil está no Grupo A. Os dois primeiros colocados avançam às quartas de final. No feminino, o Brasil fez um jogo apertado diante das espanholas, chegando a passar a frente em determinados momentos do terceiro e do último quartos, mas sem resistir à pressão das rivais. Os lances livres fizeram diferença. As europeias tiveram direito a 13 arremessos (acertaram dez), contra cinco (todos convertidos) das brasileiras. Com 18 pontos, cinco rebotes e sete assistências, liderou o time verde e amarelo, a experiente Vileide Almeida liderou o time verde e amarelo. Foi o segundo revés da equipe comandada por Evelyn Barbian, que, na última quarta-feira (9), perdeu da Grã-Bretanha por 78 a 41, também no TD Place. As brasileiras têm novo desafio no sábado (12), às 15h30, na Carleton University, diante da Austrália, donas de quatro medalhas paralímpicas (três pratas e um bronze). Entre as mulheres, o Mundial tem 12 países, separados em duas chaves. Integrante do Grupo B, o Brasil ainda terá pela frente China e Canadá. As quatro melhores seleções vão às quartas."
Brasil,Búsqueda Agência Brasil (Google News),Agência Brasil,N/A,"Caiado, Internado, Tratar, Faringite, Aguda",Caiado é internado em SP para tratar uma faringite aguda - Agência Brasil,2026-09-10 19:55,https://news.google.com/rss/articles/CBMitAFBVV95cUxNVTM0SldNV3FPd1ZwbkNlWmlvM2ZsTVJuQkZoZ2phMV9PTUQwMjRkQjBiU3k1TUdmaS1leGU5RjZHQjUyXzlMaHgwV3JCZmJnRUVQNFpvcDVXM0lGZnY2dHJ4dlgzY0pxR3l1YzJCb3daUW1wSnV3WWxyOEIxTjd5aExKQ2kxdGw5dG94ZVFVeUFIYjU5WjNrcjlvaGdrNHNWUEVKYlZYUkh6VnlzR21PWVdRRlI?oc=5,Caiado é internado em SP para tratar uma faringite aguda Agência Brasil
Brasil,Búsqueda BNDES (Google News),BNDES,N/A,"Amazonas, Indústria, Manaus, Concentra, Investimentos",Indústria de Manaus concentra investimentos do BNDES no Amazonas - amazonas atual,2026-09-10 19:52,https://news.google.com/rss/articles/CBMimgFBVV95cUxOYmdiYjdEZHl3YkRkbE9wdHVXeVd2X2doUl9ObXl2YmVDUlNSMlJDalJ0NEMwSUN5eWpNUHZuWVNIeTZaaWljQ0NMNmxiYU45eDhEUDdIc1RmQU9kODBtRG4zak1HekFVcV9QMk80N0JmQXJTUF9LSDFvMmxiTWVvcFE2OFpJZm4zdXpQWG5lQVVvbWpwMkF3Y2N3?oc=5,Indústria de Manaus concentra investimentos do BNDES no Amazonas amazonas atual
Brasil,Búsqueda Agência Brasil (Google News),Agência Brasil,N/A,"Aprova, Regras, Férias, Escolares, Copa",MEC aprova regras para as férias escolares na Copa do Mundo Feminina - Agência Brasil,2026-09-10 19:49,https://news.google.com/rss/articles/CBMiwAFBVV95cUxQM0JXRWZJQmJIeTdjTlVGVTZ3a21Ld1owWk8wNWFBRklCN0MwdHhWcHdOSGlNSEktTmRiNWxNV3ZxNFAzSHdHa1ZFbTlYeVlQMzgzR0F4cnZacDRTaHpFTGdxdVBqalNKZHpYRE9PRHVwbXZTQWk2Wk10LXR5R2RERXdaOEJUTFRXV0twZGZuUW0wSHlzaFpLaGZsNjBWQkI3YllwUzlBSk9iQ0ZoZC01b3dZRUhfTVFBV0Y1eXZiamc?oc=5,MEC aprova regras para as férias escolares na Copa do Mundo Feminina Agência Brasil
Brasil,Búsqueda Agência Brasil (Google News),Agência Brasil,N/A,"Mostra, Exibe, Produção, Indigenista, Vincent",Mostra em SP exibe produção do indigenista Vincent Carelli - Agência Brasil,2026-09-10 19:43,https://news.google.com/rss/articles/CBMitgFBVV95cUxQS2sxbDVOWFRCZlRBY3VsdlJ0NnVNaFRybFNOWHhuam9Qams0U25sTElvcHhlNmRlRlg3TDBZWEw1c1VQQkNLNEVjdFQ3YndIT0toUFBsUldTSGVvLWZuWDhxeTF0VlV2aW9hTHhNQXpLeDF1U0NhSl9RSFVIUXlsY3VWaGdpS0ZBTHFaMEV0amFNSWlzNlIyYU5oSlJnX0ZZdVVGTU0tMEF0Z2lwNGxwaV9nR0Z4UQ?oc=5,Mostra em SP exibe produção do indigenista Vincent Carelli Agência Brasil
Brasil,Búsqueda Agência Brasil (Google News),Agência Brasil,N/A,"Brasil, Sudoeste, Asiático, Mirando, Virar",Brasil vai ao Sudoeste Asiático mirando virar parceiro pleno da Asean - Agência Brasil,2026-09-10 19:36,https://news.google.com/rss/articles/CBMizAFBVV95cUxQem9ENk5yeEJLN2VzalZlQkozV2lsVExmcmVBdm5vVlpWZ2dMaUJMcHhpMGJab0Y1NmhoZmVqcDRBMndhaHo0emRIWFAxci1lV1JaOXozdUtxVmx6dnlCRW5jX3RxREMycDl4SlFhTWpJblhsV1BTcE5VVG5pVXZNOTgwWE8tWkFONld5UUtnQWtnTDVfWExDc3JqcC1MaEdzTHpkeVlNYldyRm1UOTBRMklqSWRJc3ZvRVJpa3ExeXV4WjZKMzY4MVRnOVQ?oc=5,Brasil vai ao Sudoeste Asiático mirando virar parceiro pleno da Asean Agência Brasil
Brasil,Búsqueda ANEEL (Google News),ANEEL,N/A,"Aneel, Assina, Contratos, Ampliação, Hidrelétricas",Aneel assina contratos de ampliação de hidrelétricas contratadas em leilão de capacidade - Valor Econômico,2026-09-10 19:31,https://news.google.com/rss/articles/CBMi1wFBVV95cUxQb0gwS0hFT2lCaVlOY0FDQTRHRllDRDF4bEl3SjlhbmZ3eDhjXzctTTI1VnlzaDQxUWdPcFV0QWpHUHNaT3FOR3BsQjREWDFvbEFEX19hRTFoZG5NNFpnYnFET3laZkR1YkN1bjJaSmZhNEI3VFotQjBNNEcyaU1Xc2RCM3M1NmpVM05JY1BxVFVWOV8wcWl3emhCWjk5SVE2TlZ5NGZGVkQ0Y1hkRE9zUlhvd1QtNlQwcGlKTkZLcFZfUTNmQkVPMmxGVmxKTVpLSXdVWUJ1TdIB5gFBVV95cUxPeWptcVRyZldHSWp0dngzMElla1NuRnhCOXVjN3RPdThEMl93YW1iR1NSUk5vR05EQ0d4YlhVVG0takZkaGM0YmloVnlJTFdqQmdQR3BMa3FKcTV3Si0yV0E4WmozOVk2QnR5Q1NDbUIyOGpHd05RNW1xaDgxTnFwVXJXYU9aZjRaVUpHUHZ3ekwwbzlGcnUzZXNrMGZMd1lmdFE3dmtFR2xrWlV5TFFKcjA2enJGWk0zTjhLcE5vb1RiajZ6WWlCd1AxTGFWVElTekF4bHR1R3RrVXZvdS1OQVhFRWlGQQ?oc=5,Aneel assina contratos de ampliação de hidrelétricas contratadas em leilão de capacidade Valor Econômico
Brasil,Búsqueda Petrobras (Google News),Petrobras,N/A,"Petrobras, Aguarda, Medida, Governo, Elevar","Petrobras aguarda medida do governo para elevar preço do diesel sem impacto a consumidor, dizem fontes - Terra",2026-09-10 19:29,https://news.google.com/rss/articles/CBMijgJBVV95cUxPQnhqVFNuazhRbHNYM25CZUVENEhVZDNYZVh3bHI4OENfVHZ0QzRRRFFoY2xrOUgwYTNId3ZHQzJtRTlOcXJ6SDZJcmhKRnd3TjhCYUpRTmFhVk9nMzVxX3JSR2pHcExyT0txTzF2T2dPbjY5ZkNNMHl1dVlFVjFrdHRCOXRDdWt6YTVUVWM5Wk9XWTczZDVRai1wR2hKZlpfQkN0UE1iMFBrVFFhUDlod2pDZVU0RnZjR2pMWlA0VzNtMXpqN1ZobzhROEt5ZFBOeG8zajFhZjBrNFhNem11WUhWM2VYNUUwN0FhQndPdEtNcEFDemJHQ09PajIzaHFPNUM5NHE5MUhqdUMzVVE?oc=5,"Petrobras aguarda medida do governo para elevar preço do diesel sem impacto a consumidor, dizem fontes Terra"
Brasil,Búsqueda ANEEL (Google News),ANEEL,"Energia, Geração, Transmissão","Aneel, Formaliza, Contratos, Geração, Transmissão",Aneel formaliza contratos de geração e transmissão - Editora Brasil Energia,2026-09-10 19:26,https://news.google.com/rss/articles/CBMiqAFBVV95cUxQY0JCVHlENEZiekJQYmJ5cEMwR01oSlNIaEoweWJnTGJfOHFxdWtIRUNaRDU1Ql9ZRzFsYVlVR09tY0xyQlgtcV9tSWdrZlFNaHIwWXRuQ2ttRGhhT29XYWFJUWxGM2ZEcFVkT0RILTJSQUYyVzJHLXhVVUZoQ0hqQzBoeUdibE5xUmdrN3V1SXBJbTBnUG1ra1dOeTJPTW5NX016QWJBajc?oc=5,Aneel formaliza contratos de geração e transmissão Editora Brasil Energia
Brasil,Búsqueda Agência Brasil (Google News),Agência Brasil,N/A,"Irmãos, Desparecidos, Estão, Crianças, Resgatadas",Irmãos desparecidos no MA não estão entre crianças resgatadas nos EUA - Agência Brasil,2026-09-10 19:25,https://news.google.com/rss/articles/CBMi4gFBVV95cUxNOXM4ZUp6RElkYlFDUkZ5bGoxR29HcGUtRFQyX0g3Vk5TQW5NS2U5MktpN0cyTDZXRWZUQ1c0aXNXVFFfeE5iVTBBOGpkWVNtLWQwd3JCRUdCTnV2amZ3cF9DZXdrNFozTzJweUIwcW9MdnpIcmU5dlFXbEtlN1ZzNFdBcy1NbWhZVEZNdGpBOFZOVm1tUENSQ283dTR0VUtHMzNqdGQ4b0FHS0FhSEpfYXVHNXpWSjNXSlRfTkhMdkQ3b2J0ajZ6Sk5ndThxa0c2X3hZZEpuZ1pkRmhjbEpvNGVR?oc=5,Irmãos desparecidos no MA não estão entre crianças resgatadas nos EUA Agência Brasil
Brasil,Búsqueda Valor Econômico (Google News),Valor Econômico,N/A,"Ciberseguranc, Entra, Lculo, Margem, Empresas",Cibersegurança entra no cálculo de margem das empresas - Valor Econômico,2026-09-10 19:23,https://news.google.com/rss/articles/CBMivwFBVV95cUxQdkFvVE1tY0ExcGZ5U2kzNTRCZlZlQlJsYlJFbjNrZkc4RVd5TUQzQUM3NzhzMGdoRHRNSm51TFRXcm5OYWVpUHd0aE1Jbjd2UGNxNktHamJja21jOEhUSkJYdzQweEdtT3hpVXhLdVVBVkJUVXJ2Z2FPUEdxRXZ3OEIweThkdllYOUx0b2tCMWgyelRnV1A4dWtIcTFQZlJjR0xTNlVkTk9zeExieFg2aTcxQ1huNnBjamVnclRhVdIBzgFBVV95cUxOVXlkdFlyTU5PMFlqTjlKVFZfcXdLbFF3bGlkMDhkVlQ4dmkxa0lmZ1lUM0NuSWxHU0k4MzlJMTMyV2xoWFBPZFVoa2JwYVMyZWprOWNoVUhuZVM1bG10alpDbG5QZzVtSzhpeGZDZExkbU5vc00zS2pCeVRxakc3S3Btd0owZFZZQWhGdXBUTHQ2MHpOTnY3N0pZcFdNLXFMUmo4cVg5VXlLUkdOUm5vQXVmME43QlhwYkJtcXdKZjdnYktOeHgyRWhVd2psQQ?oc=5,Cibersegurança entra no cálculo de margem das empresas Valor Econômico
Brasil,Búsqueda Valor Econômico (Google News),Valor Econômico,N/A,"Tratamento, Saúde, Virou, Plano, Fuga","Tratamento de saúde virou plano de fuga para líder do PCC, apontam autoridades - Valor Econômico",2026-09-10 19:17,https://news.google.com/rss/articles/CBMizgFBVV95cUxPazFxanlKSlpOQTJCdU1rNGJZaDNyUDJ1cEtnSzNGLW56ZWkxUTRTR1lSZHRaM2pFc0NMQlljaTFDeDNaZ0lJMEpSM1FQaHprQWxwc0dZUXV6Z3VRRzhPMjV6cEhLblZhSUd1d3ZMNG1VWS01T2pfRVdKVUp6M3U3WHNYOFZreExfSlFpdjdKWTliVzk4Mko5WU9wSlZoSW5NUlhYQWcwdzZHWWxSQ21IMzhDamZubFRISjJNV1l5dVRuWWg2cTNGSWNRQTdOZ9IB3AFBVV95cUxQaWhBa2tLbmZLTVVxbXFIejJTTlFiMENUOXBRNzRDSW4xbmZRWU9scDh2YnQyNWcxY09uT2szZVh2aW9aZTBoOVlPcWJzbjdGQXRTNmh4aHZmTmF2SGpDT011UnFQR0ZOMi00U0Q0QXhmOVZWaHZ1WnVfTXBYaVRDX2hMWWdPSUUxRUVkX0ptZ3ZCSEZweksySFdlX0xpaWhBN0ZMX3JTQU5uOGtUZ2dvQUpZbmlRT3VXcndzV085aHYxdWJkVC1MNEdtS3Rla2pSemY3WjZTdG5lVmNa?oc=5,"Tratamento de saúde virou plano de fuga para líder do PCC, apontam autoridades Valor Econômico"
Brasil,Búsqueda Agência Brasil (Google News),Agência Brasil,N/A,"Irmã, Suspeito, Feminicídio, Investigada, Está",Irmã de PM suspeito de feminicídio é investigada e está foragida - Agência Brasil,2026-09-10 19:14,https://news.google.com/rss/articles/CBMiygFBVV95cUxQemhXbThYN0JMYlBnOUxOZnlIQ1ZMcnBxN1dYRW1SWlVPWHB3ZzI1Skg4eG1LMGJOWG1JcmpRZjVkeUZ5X1RqVElHdWh0VDZLT2lTODRxWk03TWtWa3JGcW9ja19heUlhc2ZqTDB3Ym9ZSDN1N3ZDa2lGenhqRGlXZXEyZHhhdk9NczI4bE9tOWttdjZIQmZvd1pHS3pFVVh1NE1TTE8tclZlY2RCZDc0NU13ZWMzSWNUcTVoU1dCM1RBeVhWRGpyZzV3?oc=5,Irmã de PM suspeito de feminicídio é investigada e está foragida Agência Brasil
Brasil,Búsqueda Petrobras (Google News),Petrobras,N/A,"Após, Anunciar, Aumento, Gasolina, Petrobras","Após anunciar aumento na gasolina, Petrobras recua e cancela reajuste - MundoBA",2026-09-10 18:56,https://news.google.com/rss/articles/CBMiowFBVV95cUxORGxKUUtHeHFTSWJHaFd0c2RnQS1FSDQyMkFrT2wtSUdVa01ORlQ0aE02NnlYVFUwblhPbVlRajZ4N056My1tNExqVnAzS25icDdtS3BCSE54TmJ5X0hnbEhiSHlsYnRiYWYxeHAzaWZ6Q3QwQThHLTUwN0E5blgxTzRWQ2JweFJCcFAtV1BvYUp2ZWlROGs5dFE5dWt2OEFDdVJJ?oc=5,"Após anunciar aumento na gasolina, Petrobras recua e cancela reajuste MundoBA"
Brasil,Búsqueda Valor Econômico (Google News),Valor Econômico,N/A,"Marco, Demange, Realiza, Cirurgia, Mako","Dr. Marco Demange realiza cirurgia MAKO, inédita no Brasil - Valor Econômico",2026-09-10 18:46,https://news.google.com/rss/articles/CBMiwgFBVV95cUxQaWlvR0FXVnl6MndoVk5GdnMzSEJDeTA3NnQ5Q0JjZGdFcVdPM01sd3hCWjVTd05lNG41X1BNNEJaN2l6eVVLeENWU3pVZ3U0WTBCd1QwZXpJeUlKbE1UX1FvdHF2SDJ4ZVRqUjJmNGRQZXFWMVo0TkVoRFozdklpMUdQTlYzN3JxS2c0Q1FlQkRnY1B2RzNFOGFKSjVXcWlubXBzNVRJQnlWeWVGVE90UnlOZXlidTN6N0l2bnVFXzlad9IB0AFBVV95cUxNY2sxRzJZTm9BLWhEdDZJc0ZteVp5WFN6RWxqRE83MVZSSGZuZjZPd0t1bXpFaS0zODVVSFpoYV96YjZVVlBBYzhKZ19FLUFYeUlfR1lRdk5jMi1YV1A1dGVnOVFOQnVhek1QYjdyWHQtM201dXhHc0pKSW8yMzZNWWFhNnlkU3ZFQTRaTlFZUFpDV2EtMEdOcWstTnlkR0g0cFQyY2RxX0R1YjMteWQwV3JoMUhqWG90Y0dJREp1QTF0Uzd5ZXNLcGdTTHlHdEpT?oc=5,"Dr. Marco Demange realiza cirurgia MAKO, inédita no Brasil Valor Econômico"
Brasil,Búsqueda Agência Brasil (Google News),Agência Brasil,N/A,"Presidente, Lula, Sanciona, Acaba, Taxa","Presidente Lula sanciona lei que acaba com ""taxa das blusinhas"" - Agência Brasil",2026-09-10 18:41,https://news.google.com/rss/articles/CBMi1gFBVV95cUxPSXRUNElUeFNraDI2WGdqTDRDRDVrTUNoU0dfeXZvekpMX05hVUFfdnRMaFBjSkRkUXh3YmhZeEk0WlpSemRhYy0wTFY5UklfWmtnU09qQUQ3SXNaQUNfTkctX282M0kyX2NtVmRrcnVTMUtFUmlXNU5zNExnZDBTQjVycF9xMk5xelp1d1RUZW13a2hpbEpxcGlaYk01ZmFVTE1zVllPVTVNN3dRa3gxX1FvSDVCZU54RzJhY3liT3Y0aWRkQmRDMkViUUhldnBmUjh1Mkpn?oc=5,"Presidente Lula sanciona lei que acaba com ""taxa das blusinhas"" Agência Brasil"
Brasil,Búsqueda BNDES (Google News),BNDES,N/A,"Lula, Veta, Artigos, Derruba, Inteiro",Lula veta 10 dos 13 artigos e derruba por inteiro o fundo de crédito para exportadores - Fatos de Mato Grosso,2026-09-10 18:40,https://news.google.com/rss/articles/CBMi0gFBVV95cUxQRWZrd2VxLUdLSE5zMmVFeTZKSzVoeWZoYkdCS0F1Q0lSRG0tVGlkMkhud2lCRUpFUVVzNXZOWldJbTFZdThCYUFwcGRjZnNoN2djQXNQSVNyU1pDRlVFUnpLTUZ6TmlEQkNxTGZCakJTQ0luNlVoSGdMZk93QXNoUUFMYVhCUEd2LWdGcjFJanNicGp6SzZTRTdXcnQ2dW1HY3lacS1fM3VPVjNpYi11OWZDclBmaFA3V0ZhSGYxVHpxdDZRQVdObkM0UzJYOEl5alE?oc=5,Lula veta 10 dos 13 artigos e derruba por inteiro o fundo de crédito para exportadores Fatos de Mato Grosso
Brasil,Búsqueda Agência Brasil (Google News),Agência Brasil,N/A,"Minha, Casa, Vida, Conselho, Fgts","Minha Casa, Minha Vida: conselho do FGTS aumenta subsídios para 2026 - Agência Brasil",2026-09-10 18:36,https://news.google.com/rss/articles/CBMiwgFBVV95cUxQQ3NYZF9vMzhVZWN0a3VLMWRpSjNpVnZ1M3VlN3FwbDdMNEZTT1BNZTFvQ0J6LTg3NnVmbi10SkI0RDNWX05wenJVblBSd291eGxfMkFYcGVsdk5CMW5SOTNTWEluNk1GMC04YndnSjYyUWRRcG9CbTJvUk9URXRiT0lBQTljbWFiN1lBSm9SZTdpNDVfTTRMbFJRN3Z3c2FkTTRvNlluSkRFVjVEdmNTbXlxaUdtMmdzaG9DSFpiRFJVUQ?oc=5,"Minha Casa, Minha Vida: conselho do FGTS aumenta subsídios para 2026 Agência Brasil"
Brasil,Búsqueda Agência Brasil (Google News),Agência Brasil,N/A,"Ministro, Flávio, Dino, Proíbe, Mario",Ministro do STF Flávio Dino proíbe Mario Frias de sair do país - Agência Brasil,2026-09-10 18:35,https://news.google.com/rss/articles/CBMi1gFBVV95cUxNX2RiMnVnc1dlN1FfdEFRZHZwcUd6ajRSYzJsZUUtMUNhMWFGTjZyRTVEaUdIYXhZblZFVzNFcjBDdVJvZEo5d29qUlA2Y3NmR3I1Y2pwUDZDU3VPMGJrbC1LWGh3bDI4QW1sT2FJU1d6ZUxMYVAydmVXbHhET28zYkdNLWxlWGJFN01icmRDVC11Nk5zR1lxMGVNVU80WTVWMTNPMldkdXlTd05PZlhrMnZycmtSRHdySUlrMjlhNTUzSmdKbnpSSWx1a3hNQnhjZFE4MjF3?oc=5,Ministro do STF Flávio Dino proíbe Mario Frias de sair do país Agência Brasil
Brasil,Búsqueda Agência Brasil (Google News),Agência Brasil,N/A,"Plano, Saúde, Terá, Cobrir, Mamografia",Plano de saúde terá que cobrir mamografia digital para todas as idades - Agência Brasil,2026-09-10 18:30,https://news.google.com/rss/articles/CBMivwFBVV95cUxNXzZKTnUxNE1PMDdlM3RvODBaUnlZLWswbjRaWVFTbWJhbU9YUk5MbU5MYUQwN3NUM3cyYnh0TENzT3B1aGlxOXBETmVXeE5HQmdxdTNFNmpiQVpJM3ZnZ1JGblg3MGtGM0xtOFVhbGg4V1JhRjRjVHZDRExjU1N2dkQ0RnVHc1plQmpKVlQzcy1aWlduVnR5QldXUW81eng0V0xHa1B3Z0duZnpLbS05YzNveFpGWmNpdENoNFoyNA?oc=5,Plano de saúde terá que cobrir mamografia digital para todas as idades Agência Brasil
Brasil,Búsqueda Petrobras (Google News),Petrobras,N/A,"Petrobras, Cancela, Aumento, Gasolina, Reduz","Petrobras cancela aumento da gasolina e reduz preço em R$ 0,19 por litro - Amazonas1",2026-09-10 18:27,https://news.google.com/rss/articles/CBMinAFBVV95cUxPMFh0MXkxNmRuTjk1V1lFUzZnSWxTc1BpaGVIOUpBNndYeVZoV2czRkVDa3h6MUUzV3diendJSVhaR3Y5aHFWY3ZkbEhjUWZEZFRwei1ST3NfOWw5YXZIeU1tVDc3MkNKY2poenRVUHJ1QlAxaW9KNmV3TURfaXZrN0lXVVZjRVY5cDdoVXMtWFROSnB4RUJoZUpydEI?oc=5,"Petrobras cancela aumento da gasolina e reduz preço em R$ 0,19 por litro Amazonas1"
Brasil,Búsqueda Agência Brasil (Google News),Agência Brasil,N/A,"Faturamento, Indústria, Julho, Segundo, Brasil","Faturamento da indústria cai 2% em julho, segundo CNI - Agência Brasil",2026-09-10 18:24,https://news.google.com/rss/articles/CBMirgFBVV95cUxNZmdkQXVLWmxzanY0ZE1yQkZEbjBmYzZZTDR6OFoteXRUTkhncU9yQ1ZRYUZDTEpwZ1V3Wm1BY1owMFNEVmJpX082bmNQOGlvSnQxMUtRQ0Z4SFBqM3NoMEpmd2FBUjM4d1JRZ1JPSzRLTVV5TldzWDlKY01UZzMzeXZqbEtheE9YODFfUUVXNHQwX29wNFhHLVB6VmhxTjNJYXNXenByVWVFTzNnVEE?oc=5,"Faturamento da indústria cai 2% em julho, segundo CNI Agência Brasil"
Brasil,Búsqueda Agência Brasil (Google News),Agência Brasil,N/A,"Ibge, Indústria, Cresce, Setor, Serviços",IBGE: indústria cresce e setor de serviços fica estável em julho - Agência Brasil,2026-09-10 18:21,https://news.google.com/rss/articles/CBMi2AFBVV95cUxPaEhjS2lCanA1dGI2bm16TWhrekNTbndzU2pGbXVCWVpQVWZGUkk3QTRkQ09DdHZMZzZVMWxLallUVWZmblpBRnMwaVhITGRRT3VSNDVCRlBOY0JqdEYxRnlGWEFjelptYkVPc3NOSmtpU2lqNGduLXlDTFZxdTlaTXM0SXdENTJHcUFiUjk3cjN0TkxtUzdJb1VhY3EwZUpvZkVMVUFZSnd4Q1FrcFZSNjlPX09Ia2F1WmZPOWppSzE1UFhPdmdwS3pXVEpNeGxaMFhzMTFHcm8?oc=5,IBGE: indústria cresce e setor de serviços fica estável em julho Agência Brasil
Brasil,Búsqueda Agência Brasil (Google News),Agência Brasil,N/A,"Caixa, Entra, Greve, Nacional, Paralisação",Caixa entra em greve nacional; BB tem paralisação parcial - Agência Brasil,2026-09-10 18:19,https://news.google.com/rss/articles/CBMitAFBVV95cUxPOEIzNkdrZ3NwWnJUWURmeEdaZ3lYUTFNZjdfTUNzRHY1V1hmQlN2QjdQME9NOVB4WXNTdkxvbWJpUEQxd1lISlZya2R6bnNVdGl1Vk84d3lBN09GT3I2TlNsU0hEOHBXZUw5cE1ZcTV1bDlfcDNsOHpLaG5qcXJvQ081SWNTVXp1eXFHdkxoTW5iazh2MGo0WWxXNzZhTk9uUDlGN3E3cDRiZkFmTW1Cb01xQzg?oc=5,Caixa entra em greve nacional; BB tem paralisação parcial Agência Brasil
Brasil,Búsqueda BNDES (Google News),BNDES,N/A,"Pode, Simplesmente, Repressão, Mercadante, Ouro","‘Não pode simplesmente só repressão’, diz Mercadante sobre ouro na Amazônia - bncamazonas.com.br",2026-09-10 18:10,https://news.google.com/rss/articles/CBMioAFBVV95cUxPS2tWZnJ0YmRDYjhVMEwwcU41MWgzaEMwZWJzanFzVkxyUm5LQk00WlU0aFVzRk9BWF8waWk4SFlXazQyRi1zUFpPaWhKb01ZbVVveFh6RFI1WjdXbk41OXlxVzZmMEZXbThZamcwUFVhWWJ5dVNtV09Sc0JVVWpVWjJMc2c3eEFfM3JaMGZnMV9mVFJiazl1Y1RORkk5a0Zz?oc=5,"‘Não pode simplesmente só repressão’, diz Mercadante sobre ouro na Amazônia bncamazonas.com.br"
Brasil,Búsqueda Agência Brasil (Google News),Agência Brasil,N/A,"Transpetro, Prorroga, Prazo, Inscrição, Concurso",Transpetro prorroga prazo de inscrição em concurso para 21 de setembro - Agência Brasil,2026-09-10 18:04,https://news.google.com/rss/articles/CBMixwFBVV95cUxNdnhUUTlQSmdnYTdzTjZiNG5zNjhybWZMQm9DNzM4TzdWczFaSWRiVUpJWE9MeE9RNy1wVGJwZFJGNFdJWjNyeVptR2FBczhTRFZrV0N1VHlETjFURXVYMzFjeERzbnBhdloxUWZRbGlZWWdHeFp1VDB6R0VZRmdEaGJVOVBUUWJaMFBETW0wdUlpNnFYNnQ4MUJiT1BYYjVEZ1ZncEpoZnRzOTJhUzl1SnlRd0RMQ0l6VUktdWtIaFNoSEd0VEcw?oc=5,Transpetro prorroga prazo de inscrição em concurso para 21 de setembro Agência Brasil
Brasil,Búsqueda Agência Brasil (Google News),Agência Brasil,N/A,"Brasil, Copa, Arena, Mané, Garrincha",Copa do Brasil: Arena Mané Garrincha será o palco da final em Brasília - Agência Brasil,2026-09-10 17:52,https://news.google.com/rss/articles/CBMixgFBVV95cUxQNTVBdi01WWVydDFBYWhSWWNlYklfRzBDM0N1MFEwWUExU25SN25VMmJseXhqa18tUkxtblBxRUlOejV2QktIZVJQbEM5MUV3OC1uaDhpbThXRUVDWVdmMXd6OUxWMTk5Q3JUVml1bGNvOEpCQktidzBXZUZDaU9vVEM0WVlxcllvaC0xcGNzdGd3V200T1Q3bGhpcE0wdlBBekVjS0stUWUtWk43OEV4U1daZ1VlOUF0RFJKRzBWWjh4NVNpOUE?oc=5,Copa do Brasil: Arena Mané Garrincha será o palco da final em Brasília Agência Brasil
Brasil,Búsqueda Valor Econômico (Google News),Valor Econômico,N/A,"Mdne, Grupo, Imobiliário, Melhor, Colocado",MDNE é o grupo imobiliário melhor colocado do Nordeste no ranking Valor 1000 - Tribuna do Sertão,2026-09-10 17:51,https://news.google.com/rss/articles/CBMi1AFBVV95cUxNN3pCdW0xR3JSckV5S3dQa2VuTnB6MWlWWWphQlk3dmFOR0o4Q1RKbUJudDRYUXpDMEdLeXBQRkhESnpsY0lLZlV3eld4TDJSdEhUQ1dpVFJYc0ZuSEpEWDliVWN5WFBfVjEzLXRtQXZFaWJxaWl5MEFXcnRYMlY4blZqZXB0R3RINW5Gc1JhdlQxdzZXR1o0U05nX1FRU24wLXVXY1dmd3lza1R1SEdYVm9WSzdMTHRfWWgtY3JsS3JUWVB2c000eGdJQjNVVEhoSG9lZw?oc=5,MDNE é o grupo imobiliário melhor colocado do Nordeste no ranking Valor 1000 Tribuna do Sertão
Brasil,Búsqueda Agência Brasil (Google News),Agência Brasil,N/A,"Brasileiros, Retiram, Bilhões, Poupança, Agosto","Brasileiros retiram R$ 10,5 bilhões da poupança em agosto - Agência Brasil",2026-09-10 17:32,https://news.google.com/rss/articles/CBMiswFBVV95cUxQVEt1Q0ZLbjFXeHRBYmtYZmUycFZQZmE0d2Z3cWU0bG5DTGFZUThTRkN5U3o5VEpQb1RLNzJOZVNadXVNcVUxMzVsa1kwUXZMX0VtWGNCZklaT3FQN0dsaHFzTkpvUWh0dFBtYjRROGVYUDhtTFZJcDVWaDA2azZfNWU4M2pFMVZpbVczYlRkMmR2dnZKcHdFVWY0cHNXcjNlSWk0and4bklXU2RDX1ltSHFrNA?oc=5,"Brasileiros retiram R$ 10,5 bilhões da poupança em agosto Agência Brasil"
Brasil,Feed Últimas,N/A,Transmissão,"Anos, Avaliação, Acompanhamento, Visual, Consultas",Saiba qual é a rotina ideal de consultas para cuidar da visão,2026-09-10 17:17,https://agenciabrasil.ebc.com.br/saude/noticia/2026-09/saiba-qual-e-rotina-ideal-de-consultas-para-cuidar-da-visao,"De quanto em quanto tempo é preciso passar por uma consulta com oftalmologista? A idade influencia nessa decisão? Uma condição de saúde que exige atenção especial, como o diabetes, muda alguma coisa? As respostas para essas e outras perguntas estão em um documento lançado nesta quinta-feira (10) pelo Conselho Brasileiro de Oftalmologia (CBO) e divulgado durante o 70º Congresso da especialidade, que ocorre até sábado (12), em Salvador. Notícias relacionadas:Autismo: médica lista estratégias que ajudam no atendimento a crianças.Em nota, a entidade avaliou que o documento confirma para pacientes, familiares e mesmo médicos de outras especialidades a necessidade da consulta periódica com um oftalmologista como cuidado essencial para a saúde ocular. “Somente por meio desse encontro se torna possível fazer o diagnóstico precoce e o tratamento oportuno de doenças que acometem a visão”, completou o CBO no comunicado. Periodicidade A consulta oftalmológica deve ser realizada com periodicidade adequada à faixa etária e à presença de comorbidades, já que o exame é capaz de identificar doenças que evoluem silenciosamente e que, uma vez instaladas, provocam perda visual irreversível. Os intervalos recomendados para as consultas são parâmetros mínimos de referência para pessoas sem doença ocular diagnosticada e que não apresentam fatores de risco. >> Confira a recomendação para cada faixa etária: recém-nascido: teste do reflexo vermelho, realizado pelo pediatra nas primeiras 72 horas de vida ou antes da alta da maternidade. Se o exame tiver alteração, o bebê deve ser encaminhado com urgência para o especialista. 0 a 36 meses: repetição do teste do reflexo vermelho nas consultas médicas. Deve ser feita menos três vezes ao ano durante os três primeiros anos de vida da criança, com avaliação dos marcos do desenvolvimento visual, da fixação e do alinhamento ocular. 6 a 12 meses: primeira consulta oftalmológica completa, com o objetivo de detectar e tratar precocemente falhas do desenvolvimento visual. 3 a 5 anos: pelo menos uma consulta oftalmológica completa, com inspeção dos olhos e anexos, avaliação da função visual, testes de motilidade e alinhamento, refração sob cicloplegia (que mede o grau real do olho) e fundo de olho sob dilatação, preferencialmente antes da alfabetização. idade escolar e adolescência (até 18 anos): reavaliação periódica, com avaliação oftalmológica completa entre 12 e 18 anos. É considerado o período de maior surgimento e crescimento da miopia entre estudantes. ⁠adultos até 39 anos: avaliação periódica mesmo que não tenha sintomas. Doenças relevantes podem ocorrer nessa faixa etária sem apresentar sinais. a partir dos 40 anos: consulta anual. A prevalência de glaucoma, por exemplo, sobe para cerca de 2% após os 40 anos e a presbiopia (conhecida como vista cansada) aumenta progressivamente a partir dessa idade. idosos: acompanhamento anual, no mínimo, com atenção reforçada. Deve-se ficar atento à catarata senil e ao glaucoma. Não existem estudos nacionais, mas estima-se, a partir de dados internacionais, que a degeneração macular alcance 2,2% dos indivíduos entre 70 e 79 anos e até 10,3% daqueles com 80 anos ou mais. Doenças crônicas Caso haja diagnóstico de alguma doença crônica, histórico familiar de doenças oculares ou exposições a circunstâncias específicas, o documento estabelece a necessidade de intensificar o acompanhamento em consultas, com intervalos definidos pelo oftalmologista a partir da avaliação individual. Cabe ao médico oftalmologista definir se os intervalos entre as consultas devem ser reduzidos. >> Os principais fatores a serem considerados são: diabetes: cerca de 50% dos pacientes desenvolvem algum grau de retinopatia diabética (complicação na retina), proporção que chega a aproximadamente 80% após 25 anos de doença. O paciente diabético tem quase 30 vezes mais chance de tornar-se cego. Recomenda-se avaliação com pupilas dilatadas desde o diagnóstico e acompanhamento regular, mesmo se não houver queixa de problema na visão. Gestantes com diabetes devem ter acompanhamento específico. histórico familiar de glaucoma: parentes de primeiro grau têm entre quatro e oito vezes mais chance de desenvolver a doença. Integram o grupo de risco pessoas com mais de 50 anos, afrodescendentes e pacientes com pressão intraocular elevada, que devem ser submetidos a exame completo, incluindo fundoscopia para avaliação do nervo óptico e tonometria, em qualquer idade. histórico familiar de outras doenças oculares: ceratocone, distrofias corneanas e retinose pigmentar, entre outras condições de transmissão genética, justificam avaliação antecipada e acompanhamento periódico dos familiares. miopia e miopia elevada: essa doença ocular aumenta o risco de deslocamento de retina, glaucoma e degeneração macular miópica. A avaliação deve ser realizada por um oftalmologista que, além de prescrever óculos, fará exames para diagnosticar e tratar possíveis complicações. Em crianças míopes, recomenda-se acompanhamento a cada 12 meses e, nos casos não controlados, a cada seis meses. prematuridade: recém-nascidos com peso igual ou inferior a 1.500 gramas ou idade gestacional igual ou inferior a 32 semanas devem passar por rastreamento de retinopatia da prematuridade nas primeiras semanas de vida, com acompanhamento contínuo. uso de corticoides, sobretudo tópicos oftálmicos (colírios e pomadas): de 30% a 40% dos indivíduos apresentam elevação da pressão intraocular em razão das medicações, sendo 5% a 6% em situações elevadas. Entre crianças, é maior o período para voltar ao normal após parar de tomar o remédio. Quanto mais usar, maior o risco. Pacientes que necessitam de uso prolongado ou recorrente precisam de acompanhamento com médico oftalmologista para evitar a cegueira irreversível causada pelo glaucoma. uso de lentes de contato: o uso de lentes de contato exige acompanhamento ao menos anual, ou em intervalo menor diante de suspeita de distorção corneana, alteração refracional ou baixa de acuidade visual com melhor correção. usuário de canetas emagrecedoras: tais pacientes devem incluir consultas oftalmológicas regulares na rotina de cuidados. Estudos apontam possível associação com neuropatias ópticas e com alterações da retinopatia diabética. hipertensão arterial, doenças reumatológicas e autoimunes e uso de medicamentos com potencial toxicidade ocular exigem vigilância. O tabagismo é fator de risco para a degeneração macular a depender da idade do paciente. Profissional habilitado e ambiente adequado Além de profissionais habilitados - com formação médica, o conselho alerta para a importância de que ambiente do atendimento seja adequado. Consultas e exames de diagnóstico, bem como outros procedimentos oftalmológicos, devem ser realizados em consultórios, postos de saúde e hospitais que atendam às exigências da Agência Nacional de Vigilância Sanitária (Anvisa) quanto à estrutura física, equipamentos e condições sanitárias. Maternidade O documento defende que o acompanhamento oftalmológico tenha início ainda na maternidade. O teste do reflexo vermelho, realizado no berçário, detecta catarata e glaucoma congênitos, opacidades de córnea, tumores intraoculares, inflamações importantes e hemorragias intravítreas. Nos primeiros anos de vida, a avaliação dos marcos do desenvolvimento visual, da fixação e do alinhamento ocular integra a rotina de cuidados. Os erros de refração não corrigidos são a principal causa de deficiência visual entre as crianças brasileiras, impactando o rendimento escolar e a socialização. A ambliopia, popularmente conhecida como olho preguiçoso, pode ser prevenida pelo exame oftalmológico realizado até os 3 anos. Dados internacionais apontam que 40% das crianças cegas poderiam ter essa consequência evitada ou tratada se tivessem acesso a um oftalmologista no tempo certo. Cegueira A maior parte das causas de cegueira e de deficiência visual, segundo o documento, é evitável e tratável, desde que identificadas precocemente. Dados internacionais compilados pelo conselho indicam que a maioria dos casos de baixa visão no mundo é reversível, sobretudo catarata e erros refracionais (miopia, hipermetropia, astigmatismo, presbiopia). No Brasil, o CBO estima o número de pessoas cegas em cerca de 1,5 milhão, contingente que tende a crescer com o envelhecimento da população já que as quatro maiores causas de cegueira no país (catarata, glaucoma, retinopatia diabética e degeneração macular) acometem idosos. *A repórter viajou a convite do Conselho Brasileiro de Oftalmologia (CBO)"
Brasil,Búsqueda Agência Brasil (Google News),Agência Brasil,N/A,"Enem, Candidatos, Terão, Transporte, Gratuito",Enem 2026: candidatos terão transporte gratuito no Rio - Agência Brasil,2026-09-10 17:17,https://news.google.com/rss/articles/CBMisAFBVV95cUxNSHNMRHV6My00R3dVNWIxczJza3Z4MlJOS1lOMmNBU09haVFocXRsMnZxV19YdlZseWp2cFFNVDJFU0JWNmhUVFpGUWNUaFJDbmJ6QUhvQTlDdmlnWFZUcl9SQWNIbjFkMlV4aU1mMW1DMDlIakJNUXpnRU9la294Qk8teDZtVDVqRXpjTTFSdG5KaW5Fb2xXaTc5elVOaFBfYUdLRnU0YS1zamp6YXAtMA?oc=5,Enem 2026: candidatos terão transporte gratuito no Rio Agência Brasil
Brasil,Búsqueda Agência Brasil (Google News),Agência Brasil,N/A,"Meio, Crise, Fachin, Volta, Cancelar","Em meio à crise, Fachin volta a cancelar sessão plenária no STF - Agência Brasil",2026-09-10 17:17,https://news.google.com/rss/articles/CBMitgFBVV95cUxNSURHa09sSnJ2TzZSY3VNSE5CTjVLS0pEUElocWlQRndRWjk4TzBqQXJSSUJDVEVhcEEyVVl5M1h2Wm5HRVVYQkZGS3JlUnNicm1HWUlSMzc5SVdJOUZiTjYzajZTUl9VeVlycHJPM1V0cFAtRi0tODQ5cUZBSmxCM0RLY25teFRtYXNxZTVIMzQtODZ4QUV2QXJZR2sxcGhlNnB2STZldm40NC1UNXdITTY3NDVIQQ?oc=5,"Em meio à crise, Fachin volta a cancelar sessão plenária no STF Agência Brasil"
Brasil,Búsqueda Petrobras (Google News),Petrobras,N/A,"Petrobras, Recua, Cancela, Reajuste, Gasolina",Petrobras recua e cancela reajuste da gasolina horas após anúncio - Times Brasil | CNBC,2026-09-10 17:15,https://news.google.com/rss/articles/CBMiogFBVV95cUxPTnZSTEhYeTZHVmRYVHYxcS1tb1JyRDFLWlZfc0RSWEcxWEl2bHdmd2FVWUc5QkllQi1LQ1dPVG11N1JTVXlpVVEwcDJOQ0QxQ0VTRFlxSlc5NVNNMEtXWGQ0U1hqdFlyX3NJSUxTNG5RaFppSE8tQVdLSFo1LUgwdEdoYkRhVThJanBFdDM4SG14UkdobDUtdXBsdE9aMnJsTmc?oc=5,Petrobras recua e cancela reajuste da gasolina horas após anúncio Times Brasil | CNBC
Brasil,Búsqueda Agência Brasil (Google News),Agência Brasil,N/A,"Isenção, Taxa, Blusinhas, Compras, Sancionada",Isenção da “taxa das blusinhas” em compras até US$ 50 é sancionada - Agência Brasil,2026-09-10 17:05,https://news.google.com/rss/articles/CBMivgFBVV95cUxNS201VUtCTVFvYUFJTUR2UE5zTExjcnptNV9PeXNCTVJueFpROWdoQU0xWXRMOHRCZEZ1Wk1XRklmb0pTSE1UNU5XaUR0R2VfZ1dCTjZYdWM0YkNiY3ZiNlNoU2Rxc3NXb3pFNk5QeWlxLUFUU1I0Qno0dE5qYkZneTgzMzBpcjI4VXdkZGxMOVdTRjdUaU9tR213Y0Z2MXhWbGJwbER2dUo0Q1FQQW1VV05IZ2JjYmFHS1ZFTkdn?oc=5,Isenção da “taxa das blusinhas” em compras até US$ 50 é sancionada Agência Brasil
Brasil,Búsqueda Agência Brasil (Google News),Agência Brasil,N/A,"Greve, Caixa, Brasil",Greve na Caixa Econômica - Agência Brasil,2026-09-10 17:02,https://news.google.com/rss/articles/CBMiiwFBVV95cUxQa3lqZ2FIaDdxMzRETk1DNmNKVDlzRTI4WGJWTTBMX2ppdnptQkxvQ1BCY2FwUHhHTHZoOS1HS2Vja05ncm9VamNRRE1CX0FKcEVLUS1KVjdhLUNpLWM1X1RmN3doNGJRMUFuMG9tY0dKWEVFcFA1TTRlaEdHQkhLVVlQcFFyc0ItWUlR?oc=5,Greve na Caixa Econômica Agência Brasil
Brasil,Búsqueda Agência Brasil (Google News),Agência Brasil,N/A,"Cesta, Básica, Ficou, Barata, Capitais",Cesta básica ficou mais barata em 25 capitais em agosto - Agência Brasil,2026-09-10 16:55,https://news.google.com/rss/articles/CBMiwwFBVV95cUxQUjA3WmxBVXBydWlGbzZUVzJvWTNESC1QU0dhV3lvVFF0UTVEVFNlbnRBcnVfOUI4ZlJPMkVOQmpzWHNtT3FuTEY0QlRRdFlPaGdnQlVVSHBERk9ORTZvMW9fVmR1M0puODBZNGNfSHpGUWdTQmJVYjNxN1cwYlpnSUt5dm5vV056Y2pJS3lIOFlZREk1a25QSmgtanRMNGhFV2hlUmZFU3FaVzV5TmdZanJTMXhlNm4tT1hncXQ5cW1Ubjg?oc=5,Cesta básica ficou mais barata em 25 capitais em agosto Agência Brasil
Brasil,Búsqueda Agência Brasil (Google News),Agência Brasil,N/A,"Dino, Cita, Risco, Evasão, Proíbe",Dino cita risco de evasão e proíbe deputado Mario Frias de deixar país - Agência Brasil,2026-09-10 16:48,https://news.google.com/rss/articles/CBMixgFBVV95cUxQUml0NXN3SzJJc0xCNjNqR3k5RmtfY3dJMjAxVThuTldIZHducUdncTdEWG00WkFWNHJ2N3VIanI3UWgyUzAwOW5ZVGNxTlNicnpfbVVFUENuOExIWkxKOWNKaWFYQlhrY2c0dHVnVGZKX1drOTU4b21GUzd2dTBMcmZxemVsdmNFZlRQR3RnUUF2NW5lMkdNN3EzWlIyVWJoNzl3U1VIQ013V3NwbkFaamx5X0x5S1hwUVRnb3JJLXBpXzFaeWc?oc=5,Dino cita risco de evasão e proíbe deputado Mario Frias de deixar país Agência Brasil
Brasil,Búsqueda Valor Econômico (Google News),Valor Econômico,N/A,"Estabilidade, Serviços, Julho, Reforça, Desaceleração",Estabilidade dos serviços em julho reforça desaceleração da atividade - Valor Econômico,2026-09-10 16:40,https://news.google.com/rss/articles/CBMirAFBVV95cUxQRjBZX1p4VWxFWU1SMWVlMXJ1QkZmYnR6VFoyVjZndGtZNUVBODlFWHo1OS14SXFmR1paY24tZ2ZXU29LdUFnZTYxNWZ6cU5uOF9KUkgyU1ZvTlpEOWpGME9PbWdaSktrYjlDNzZGb2FYVTJreTZ6VXF2UFVGa0IxelFSNm1oQkhRZEpuMkxnMTBnWVV4N184R3VRV1BXOFBleVUweV9aYzhZcDZC0gG7AUFVX3lxTE1SSDRoTnpkVlpwNUJqOVpsTTlvSHhLX0VYTWNhNXY4TkFGVElPTk9KeFVDYmRDNWtRc2VuQXBsZFkzS3Jmc3IwVWVaMDFFQ1FnUmZncHQ5ejFia0NDVFNfblBfZFZZMi1jTW40YVktRE1GRUxqU3F5dm5RVkFpNExGNldPNXNpTy1UVTc0N3IyNHRoMjNsVThvZmVSVWl2MjN2TUtqZERmbEpQNnQwTDdRZXhyQ2xpTzRqdFU?oc=5,Estabilidade dos serviços em julho reforça desaceleração da atividade Valor Econômico
Brasil,Búsqueda Agência Brasil (Google News),Agência Brasil,N/A,"Mprj, Denuncia, Cinco, Pessoas, Morte",MPRJ denuncia cinco pessoas por morte de ciclista em Copacabana - Agência Brasil,2026-09-10 16:36,https://news.google.com/rss/articles/CBMivAFBVV95cUxONXZkVjB5SS1QV0ZnZjR2QWdESlpFb2dQTTNOQkl3MkZJTGJTTmdjdVpMVUVXdURBRWxzZlhCRjhEX3hCUFlrV01NUXlfNVZqZkUyQnYweUowUFVnRHFqWFFoc29tQ19KVGdneWFaT1N4aFVmNXAxb1VXZV9OZGdrcnUtRkVvenRqTXU5RWpwQUxJRFRfREVQdjctX2lTN0JERUU1YWo3WUFEeW9WWUdiWUJTYnQzUXpMOV9Ibw?oc=5,MPRJ denuncia cinco pessoas por morte de ciclista em Copacabana Agência Brasil
Brasil,Búsqueda Valor Econômico (Google News),Valor Econômico,N/A,"Lula, Reclamação, Empresários, Prejuízo, Taxa",Lula diz que reclamação de empresários sobre prejuízo com fim da taxa das blusinhas é 'meio falsa' - Valor Econômico,2026-09-10 16:31,https://news.google.com/rss/articles/CBMi3wFBVV95cUxOandoaUtVdEV0VEExZjZvOWJsRm9lMkMydXNhakRvTFlWdkJJWlMyQXZLQl9CbTNWUFYzSGRQVVQtT3hEeEJ0ZTdMa2FDWVl5SDJoczNUTlBGUmpkRHZ6MldRNVZFRjJPY3JjTVBvRVhxM2dldTdVT2VPWUZRME5MWTBTRlQzeTFKdGhrNjZ1WVhJZGFuVG9FSkVLVGE5VHVoRU4zcWtYMGtYVkZldEhvZkdTMmFoSnFzQXFyRTROcTFjbTFTMjV6QlZQeng4MjlqS2laMThxMUtYQXRTLWNv0gHuAUFVX3lxTE5wdXJELXVLSWhhWnY2WGVJQzA4MUsxUXhNNDRkWDBUaGFTMG9NdmE1WkZXLUVnOERRam9JZmdLU3ExalpNMGZGU1k1UFpBcjZGaElNR3h4NDFqcWViREhFT280S2FyRy14dWhRY1RtZXNtXzZSTEVZdnpBVVFSRHh2TkNiT1l2ckxpLXJZRVIxQm5jamx1UGVhanlpdEN5R2ppdVk5d01taWhWR3R6a21SNDZUTkFTMnZPWllkcktXekpaTjEtZjIzdXM1OG55YlZiNExwUlpoTVpRZnhGUk9tTVNaTHJ4UVJiQ1RQVkE?oc=5,Lula diz que reclamação de empresários sobre prejuízo com fim da taxa das blusinhas é 'meio falsa' Valor Econômico
Brasil,Búsqueda Valor Econômico (Google News),Valor Econômico,N/A,"Mario, Frias, Repassou, Milhões, Emendas",Mario Frias repassou R$ 2 milhões em emendas para ONG de produtora de 'Dark Horse' - Valor Econômico,2026-09-10 16:08,https://news.google.com/rss/articles/CBMi0wFBVV95cUxNNEJBWXhUUmxEdmdFd1Q0YkEtNVBKYVVfZzlIR1ItWU1jNV9rdjg1RnJLbi1jSEx5ZTh0cHhlaXRpUjZCTTNnb0RyamtRYTRfUFZWQmp3RVZyQ2hGOUE5N1BleVZDcGJvSnpCWlVUY0hHX3dKS0EzeC1qcmFJTVNsTl84TVEwT1lTUTBQR1ZyTE52QWZSY0RpVm5XX1lLcVB5dmczOUpxQnVMUWptY3ZjUEV3TUprUTJkRVVEdHFYRU9uVTJhUVN0dzR5Y0tsMFY5S3VZ0gHiAUFVX3lxTFA0RHBYNmR1ellmcU5OS0Y2OHY5ZXd1bDF4WURmd3VPOGw1ZVdIRmxoZ0pWZnp3YkdtZ1Jtdy1DSjhSblpxcFhLd0dnUmFqYmZPaXh6Z2JjakRfZzNMbmIyNG0tSGlubWNrcGktRENUUnNBSmZpYXFzT05XV3d1RkgzLTRZemZWN2VBb3FvbWp5bWwwbkl3ajlERUN5WHVOYzZRTk5mVEpVcmRBLUM2Zm0zMWhOcTlWdW5DR3VaejFnN1NNUjg4bHZZZUt0WDhWbGFpNkxaN3JlQUVZeWJOc1AzRVE?oc=5,Mario Frias repassou R$ 2 milhões em emendas para ONG de produtora de 'Dark Horse' Valor Econômico
Brasil,Búsqueda Valor Econômico (Google News),Valor Econômico,N/A,"Sicoob, Mantém, Posição, Maiores, Instituições",Top 8: Sicoob mantém posição entre as maiores instituições financeiras do Brasil no ranking Valor 1000 - Correio dos Municípios,2026-09-10 16:07,https://news.google.com/rss/articles/CBMi9wFBVV95cUxPN1M5WER3SzI3M01GQ3hPQ0VfSlRKSVJDcTNoVmR3S0pocTFpZUl0bGNUQTdxUjFUbTY4eUdET1VZRHNfSmZxaWZpTk5JN3NqR3FTOVEzdUotMGkyRlRSVTBxSEx3YkhwaFZNUTRyMTZTdVRFT0xySHZGU2lLTTdkcDA3aERLbUNEUnNRNm1LWG4yR1NJMGptOG5NbHdTVlRlZEhpVmNuZlhfMEZ3bnNiaXlPaVJsNkxES3R6S25IbmZkN2ZYdks0VUxnQzFsZkRCdmxjbjFLOFJBMzBjV1JfVXRveC1uVThXZG54S1ZtUzZtRmtjdzVZ?oc=5,Top 8: Sicoob mantém posição entre as maiores instituições financeiras do Brasil no ranking Valor 1000 Correio dos Municípios
Brasil,Búsqueda Agência Brasil (Google News),Agência Brasil,N/A,"Ufrj, Diplomações, Póstumas, Reconhecimento, Vítimas",UFRJ faz diplomações póstumas em reconhecimento a vítimas da ditadura - Agência Brasil,2026-09-10 15:46,https://news.google.com/rss/articles/CBMi6AFBVV95cUxPcTFMZHNyUUo0S0ZwZ1g5VzhXUEdsX0dFdEI0bmVBY2YwYW5CeDZsVFRJTEtoaU1TdXlLdmdLYi1rdTBVek5ma29SdG5vM3k1eXBOc3VUeGRfSzRwajJEOFBRaUJubXVMeTVNRlJZZzZfZmdYNjFrQk40N3JwYzQ0aTBldUttWHl5Tk1GOUszU2gycnNPYlB1TzFxVUR6ajRsQWdiYnI4ZWpGLXVZeGIzeWdLQ3RteHNnMXZfWDdzOFNmbGtLYnNjQVlpVHpsdVlRYnJZWVhLSEV6MDF6clpCeDlxWlIzeUdO?oc=5,UFRJ faz diplomações póstumas em reconhecimento a vítimas da ditadura Agência Brasil
Brasil,Búsqueda Agência Brasil (Google News),Agência Brasil,N/A,"Federação, Francesa, Retira, Apoio, Reeleição",Federação Francesa retira apoio à reeleição de Infantino na Fifa - Agência Brasil,2026-09-10 15:04,https://news.google.com/rss/articles/CBMivAFBVV95cUxQMEtyQ3JmVmZtMlhzUDVDcGtFZXhTdkpRYlVvWG5mbjIxb3FKQmpzOVNqV2xvUGF2WndmMXFVRVhhMVowdHVFWWhxWUxVVjlPa3ZsQ0x0dmlodE9XcGRUNFc4RjhTalNZY1lIV2NsQ2s1d0JwNGNCeXZTTk0wRk9rRXg3ZWtMYjVJN19LT0pDam10Z3NodWpSODJEd0NkSEU4ZV9qREoyQ3ExTVczc3ZLaUhLSHozaE04aTRTYQ?oc=5,Federação Francesa retira apoio à reeleição de Infantino na Fifa Agência Brasil
Brasil,Búsqueda Valor Econômico (Google News),Valor Econômico,N/A,"Transportes, Puxam, Serviços, Julho, Positiva","Transportes puxam serviços em julho, com influência positiva de turismo, mostra IBGE - Valor Econômico",2026-09-10 15:04,https://news.google.com/rss/articles/CBMi1AFBVV95cUxPSEpZT1diZ1ZncVN6djZfNFVfVW9RRHliazJTUjRpMWtSVlZackZMSXdBcWZHS0Vxa3VfU1JpLUtUeTluem1GaWJzYUd0TjRBUlNlSG03TzJTNV82NTRGRzlaaW9qMm9qZDR1bVNFN0VwVC1kNzdkYlhqVkgzc1F4cnFmWXRkU3E2NTNQWGhGanVHeTZIOVhrYThod0hYZ2JjYlR0ZGtsS3N5X1FRdThBNDN2dWIzSmJITklhN0xCaGdrTF9tM2s5V3E1TjRXUjNuOGc2bNIB4wFBVV95cUxNVU9TZzAzMXE2RHlZZGdxeWh5c0JXTjJlX0tXQjRzSnhBMzhONE4tYUVPdFpZSTlFNUU2dl9aQlBCNkVla3VZQ20yNE1qdjhxak4xdmNsVUdTamtRMHl0TnVvbGxFWHlUR24zcS1ZaC1raTU1cndDWTFleHFHSDVsazFGMGNyVjNUYkxtSlhvdGtvaGlNUHhwRlBqejk2Y3ZKZmJUbkdYanp5NDBlT2g0MnJKUnNKTm1JWFUtWHZvSDg2SzlHVEZaUDFsU0tRbWI3TFBLMzl0Z1QxVFUweTBvTEtTbw?oc=5,"Transportes puxam serviços em julho, com influência positiva de turismo, mostra IBGE Valor Econômico"
Brasil,Búsqueda Petrobras (Google News),Petrobras,N/A,"Petrobras, Cria, Ruído, Mercado, Brasília",Petrobras cria ruído no mercado e em Brasília ao anunciar reajuste e voltar atrás - PlatôBR,2026-09-10 15:00,https://news.google.com/rss/articles/CBMipwFBVV95cUxPMlp1WUtJbVhfXzlJb3NPMmhqNnNwRXd6TDB2MUd3N21QVnhtemh1SF96cDdMMzhKdl9zQy1LYllUcTJzd1N0dkR6dlVNR296MW1rbG53MUNIa1BoREJsNjRIQWZGU0dGNmJYRW1yNk5mWWt4Z2NhRnFYNWlWMWlpeHpjMWR2dnJPeGZDWFlzLUFnel9MSThNQVFCRzdIRW0xVy1GRGFYaw?oc=5,Petrobras cria ruído no mercado e em Brasília ao anunciar reajuste e voltar atrás PlatôBR
Brasil,Búsqueda Petrobras (Google News),Petrobras,N/A,"Petrobras, Anuncia, Redução, Preço, Gasolina",Petrobras anuncia redução no preço da gasolina para distribuidoras; saiba mais - Grupo Lomes de Comunicação,2026-09-10 14:26,https://news.google.com/rss/articles/CBMiogFBVV95cUxPLWhnNGZZUEN2c3l4MUU2MHFrVFhQVzVZVEg5ODVXMWQ2REdqcnQ1ZzExS1lIREdvaVJ1N1EyX0IxSlQxRzYxR0tteEVsT2JkMGpMemdZZ1lrUGgxRUw1eERzUkVXUC1fT28tYnduemdsSEpHbFVUY1ZVN0pNZFR2S3hndEpDQVZNQVo3QU1JcC1lYzZmQ0FiMkE3Wk1iMllkZWc?oc=5,Petrobras anuncia redução no preço da gasolina para distribuidoras; saiba mais Grupo Lomes de Comunicação
Brasil,Búsqueda Agência Brasil (Google News),Agência Brasil,N/A,"Olho, Seco, Excessivo, Telas, Crianças",Olho seco: uso excessivo de telas entre crianças reduz ato de piscar - Agência Brasil,2026-09-10 14:23,https://news.google.com/rss/articles/CBMivwFBVV95cUxQNk44dlpQWHExSGZvZjZnX25KSzc1cjBqM1pWbTlrY0xBeE0tYUNyVkpLWGFYcUJBRW5CbU54OUh4VElieTdxVkx0VlMtS1l4QzhSbVZONDZZSUM0dWJQUF9RZllJeUI1NnpLV1Qzcm9Cei1JSWtCTURTZnJTcDdEQjFPQzJIdU94bXFYbU96X19Pb3hYX25ueE1mNWRJMEFVdzFyV0hmaVFpYUhMSkZwQU5UTzRfeEplZmVuSnVWVQ?oc=5,Olho seco: uso excessivo de telas entre crianças reduz ato de piscar Agência Brasil
Brasil,Búsqueda Agência Brasil (Google News),Agência Brasil,N/A,"Anvisa, Aprova, Novas, Indicações, Remédio",Anvisa aprova novas indicações para remédio que trata câncer de mama - Agência Brasil,2026-09-10 14:20,https://news.google.com/rss/articles/CBMixwFBVV95cUxQMUtyODcwUjJxRUVaSm1vTjYyRlpOR09MVlZ0aHBQcVIycm4zaVJIRXNXQ25RMWkyU3d4VXluc3JfTU1wQnZmQ2l0b0pKcU1EMFRJaHQ5dE9kNFFZN0I1Nkgwek11MFRTNXRhakRiVzFuZGtTTS0wUlNubGc0S1hGX0QxWjNGaEZRa1lvM0xyZWpEeGpNUjVoU0hJZW92MVJ2LWxXR1pOYU5uR200R1RyOFlYYnlIV01nM3hNN1ZqdmFRYUVEYzlN?oc=5,Anvisa aprova novas indicações para remédio que trata câncer de mama Agência Brasil
Brasil,Búsqueda Valor Econômico (Google News),Valor Econômico,N/A,"Endividamento, Nível, Recorde, Voltou, Crescer","Com endividamento em nível recorde, inadimplência voltou a crescer em agosto, diz CNC - Valor Econômico",2026-09-10 14:18,https://news.google.com/rss/articles/CBMi1gFBVV95cUxQbEEybXhPVkhBT1Fndm5xTXY0UGNILWI5Slh6TnJ2dVJ2N1hBWjd3aHE5QnZhdlNReHU4a1Z5bjZ0Y1o0aWduRHN5WVRiZjRzcldBS3pVVlpjY0xjT0l0TGZQT0V5RVZGSDV6S2tBU3Nid3RLX3RhdHQ4WHd5Uk01VXdZNFFrVE1qd3h5M2NXRDg2LWhnNGhGUXBkWklhOUl4ZDRESzBocFhPMk40SnJ5eHhEVUtvODR0UEVFclFMLWE5X0VWdm5qd29rMWptR19MZ3NBUFFB0gHkAUFVX3lxTFBsU3kwWm1XNXA0OTU0dkJqQkUyakNISzF6dml6YldOdVl1ejlLMjF6cDJ5bV9VN2NpUkM1QU9RUG5ESHY4WS0tU0RVNDhoQWxMeFdybGpsWFlSSzdqTjQ1dE9veVNaYVRQUFZjeEkwa1pURzBPTFgxUUExaUVjVjFFenF4QzRVZmp4N2tFZnlmQ2ptQjhSa0RiaFFUcGl0a0VVRlFrY1NTT21OV1ZCcVQ5SzJMcEZkTjhrOC1VMHhMM2tnajFKMEZVLWxMUV9IWUpwTUFvamlwNEJncVZMSnBkQldacA?oc=5,"Com endividamento em nível recorde, inadimplência voltou a crescer em agosto, diz CNC Valor Econômico"
Brasil,Búsqueda Petrobras (Google News),Petrobras,N/A,"Petrobras, Anuncia, Redução, Preço, Gasolina",Petrobras anuncia redução no preço da gasolina para distribuidoras; saiba mais - Rádio Metrópole,2026-09-10 14:01,https://news.google.com/rss/articles/CBMixAFBVV95cUxOb3M5S0ZPcnVOR3JIMDh4am03Skc2ek5ZTFh3anB1alRNczNXUklvOGVyQkFYa3YzdTRPRVRhZUQ2bjZyNjQ3Q0k3ZGhHZ2RBQXlBWE50SlZGU2ZuRmw4S0w1VGQ0NEUyUWxZbTQwWkRFbFpaUmlGbVR4NlhFYWt1TndGLVJ1a1ZVM1N3VlZKVG45R3lFZDllZ1lmb3paM1dWVmZpMWFrSTAzUnJIckYyMjVJM0FQeE9RSzVCa2FVSi0xS05p?oc=5,Petrobras anuncia redução no preço da gasolina para distribuidoras; saiba mais Rádio Metrópole
Brasil,Búsqueda Agência Brasil (Google News),Agência Brasil,N/A,"Nacional, Chega, Maranhão, Pernambuco, Valorizando",Nacional chega no Maranhão e em Pernambuco valorizando cultura local - Agência Brasil,2026-09-10 14:00,https://news.google.com/rss/articles/CBMi9AFBVV95cUxNVnVITTNOa1lCV2hpQjQwZHpMQXZBRE1jalZyLVRLU0hiTTdYMVoxRUh0N09jd3pkM2lPbmR0S21kckhfazFOOGd4OW1wOXFBdkZJTjY0V3AwVUhqbkFzeTJKTS1WSFd0OU12RXlrd2ZheDJsc29qZGJtN1dZdEo0VTFmUk9Xb19URFBMWUFZQm1GM2N2eDVjUmVLdlotVFJXb3pDc0piRWpmRDdIeGJVWkc3aVFWanRDTnp1SXlYN09ZWjdJTUIxMUxiUlpOLWpVVFBHM294a19EbXVlbl9qRmxUNDRfSjBVUmpTSTh1ZVVnTElu?oc=5,Nacional chega no Maranhão e em Pernambuco valorizando cultura local Agência Brasil
Brasil,Búsqueda Valor Econômico (Google News),Valor Econômico,N/A,"Faturamento, Indústria, Julho, Aponta, Valor","Faturamento da indústria cai 2% em julho, aponta CNI - Valor Econômico",2026-09-10 13:47,https://news.google.com/rss/articles/CBMiwgFBVV95cUxQVWtTaVRJRllsaW1jblhBQzlzRkpEeGJwaWRabVJtNnI3OElhRDBhUjBFNHN3eGpnN184NDQ1aEo5ZXBrNnR4Q0hyLXNzT3NEMkkwMUdGa0VWQzZYQUlIWFQtbHVkRkduRXhKZW9vNHoxSFY1V3FrY2RQWXJnTmFRNjNVZUh6T2xmcDBYZzNFTGdXajI5SzU1cWpGOEdPN1pQZVVWQTBUamN0Y1JlVmpvUFNoZENnU3o2WlhhZi1yUWU1d9IB0AFBVV95cUxPS21VS04zd1FLN1BYQWhuV29iZjVnbDFYbnRSeXhFbnAxZzhiVnVqVXoxTVQyYWpvLWEyVmRUNDNlQl9yLTlHQ05yaDZvWkp1VmE5RmljcVZ6UGxGc0djMUF1Vmhuem1lbEJmYW1xSkhaaXh3eE13eEF6cjR2M2x5eXJMR2puSlU5Rkp4UE1iaUNYVjMtckFLRjhoYXFzbk02WVpVQTcyRUhHTk8wQmlzRmVZcDg3bEh1MGJ4Q2JWamlqTU5zYkF2QjlzLXJhUHpt?oc=5,"Faturamento da indústria cai 2% em julho, aponta CNI Valor Econômico"
Brasil,Búsqueda Petrobras (Google News),Petrobras,N/A,"Petrobras, Volta, Atrás, Reajuste, Anuncia",Petrobras volta atrás em reajuste e anuncia redução na gasolina; veja valor - Gazeta do Cerrado,2026-09-10 13:42,https://news.google.com/rss/articles/CBMixgFBVV95cUxQZWlCSjlGVjBjbXpJU3ExRzhoaUFydXl0dFVsRDlrVmZpc0hLeU0wTnJmTXVrS1RhRFlTT1oxUHoydjhqQVBBY2t3UXZmN0ZlYjgySWpQeWZiUEFkazdTSHVfdml0WXh6XzBUZy1qMm9PX1pRWkNLQ1FhZGpsQU1STUh0clVxdzBON29JSTcwLXVWSjI5aDBxQy1Wa2VpODN2Nm5HM0ZHdXh4WHdTcWZVc3NGbVQ4cmhfSW5ZMHBtT2luclhNcmc?oc=5,Petrobras volta atrás em reajuste e anuncia redução na gasolina; veja valor Gazeta do Cerrado
Brasil,Búsqueda Petrobras (Google News),Petrobras,N/A,"Petrobras, Deixará, Aplicar, Desconto, Litro","Petrobras deixará de aplicar desconto de R$ 0,44 por litro de gasolina A - O Diário de Mogi",2026-09-10 13:42,https://news.google.com/rss/articles/CBMiuwFBVV95cUxQMnBDUTVCX0JONS1mdVhPbTFuYXpSbENXWXhqU0NIWTE3dkxiUUtLXzI3R2pkNEVqY1MxN2FEbTJRSTBoWFZzeC1NdXhQWUJuVVNVSmVvZlk1SEVXSVZJZFR2VUtJbm1oQnk4LW9DM3V1ZjFmRW9USTVlWlhPbVNfbVNtQ1BGZmd6ZndVTFh0SGVsbFZmeHlYRm1FU2pxTVo3djEta05zWk5ISXBsc08tdjZsbUhRV3JfSThv?oc=5,"Petrobras deixará de aplicar desconto de R$ 0,44 por litro de gasolina A O Diário de Mogi"
Brasil,Búsqueda Petrobras (Google News),Petrobras,N/A,"Desconto, Petrobras, Ficam, Preços, Gasolina",Fim do desconto da Petrobras: como ficam os preços da gasolina? - G1,2026-09-10 13:40,https://news.google.com/rss/articles/CBMitwFBVV95cUxQMzJPRjBJSjBTdGY0bjlNVFN3QXpXVUc1SFd0YUkzbFR2Tk94bUJ3ejVtemJEeWtUR1dYZ2dmNXd1WlBITThKaTBFQ1dic2lCRi1aNWk3VG5fbU9vbFhDRk9FT21Ya216WU9KdnhqUzZKTGRnUy1DcnFIcnRUVlBzZm9SWk9CQzdoWDFnVlgwX0JORFlUdjM4Y0ZmT0tBMkdlTDlVR3dHLV9wZFR6clZJcmFzUGN0VzTSAcYBQVVfeXFMTWc2aldjaEI3VC02VGh6RnM0Mk5wcUhYQmhVQnVZLUtRazRIMW1jblZxOUVzVWFEc28tNWpBbk5VLTZJbnRyeVFqam9MZlJkdzFkMXlkbUdpeDAwOS1vYnd1UjBmdFVaQVoxMG93OTEtTWVobGVoWEJHU0pZMy1tZ3I4cE0yX0FTTG5ZQ0tWaTRXcE9Ta0VRNWgxdVNNMlQwZzNJR1FaZ0E0NHRmNUYxbmtpamU1NlptU3Q0RlUxZ1A2TjB2bmln?oc=5,Fim do desconto da Petrobras: como ficam os preços da gasolina? G1
Brasil,Búsqueda Petrobras (Google News),Petrobras,N/A,"Desconto, Petrobras, Ficam, Preços, Gasolina",Fim do desconto da Petrobras: como ficam os preços da gasolina? - avozdocampo.com,2026-09-10 13:40,https://news.google.com/rss/articles/CBMimwFBVV95cUxNb2s3T29vd19RQWw2cFR1RzE4Nlk4WEwtX3dSb0UzNGwwTEpNTDZzckNYX2k0eGltZVRSeE5OYzc5UGU3c3JFNHdOOWJKcUMyNlNNMnBLdzdWRmo5emF2YWdEdG9QaTBsbDd1cVdjZDlyOWR1QXBjX1pydnhIZXdXUFhaZVBKUndqV2kwRGJtYmJydEZnY0k4U21EQQ?oc=5,Fim do desconto da Petrobras: como ficam os preços da gasolina? avozdocampo.com
Brasil,Búsqueda Agência Brasil (Google News),Agência Brasil,N/A,"Índia, Sedia, Cúpula, Brics, Semana",Índia sedia Cúpula do Brics no fim de semana - Agência Brasil,2026-09-10 13:37,https://news.google.com/rss/articles/CBMiqwFBVV95cUxNM2FBNDFGXzhQaDFWSHk1S0Rmdkdpc0VlY2I4TUQ2WWRybklDcm1CSWR0ZmFLTFdDajBTSURteTFBX0hLVG5NWUtBVGhnTjg1Y2oxM0FabklrUkp0TkY0dkRKeHJ3dG5iUWlhV3Z0aG9TdmxTM1Q2YlhqcVZWX3FGbkVmRHp6eDd4WjM4Z0theXNXYXlGOXczbkdtM0liVEVSSjBxLXd3Q2VtMzg?oc=5,Índia sedia Cúpula do Brics no fim de semana Agência Brasil
Brasil,Búsqueda Agência Brasil (Google News),Agência Brasil,N/A,"Setor, Serviços, Fica, Estável, Julho","Setor de serviços fica estável em julho e sobe 2,4% em 12 meses - Agência Brasil",2026-09-10 13:34,https://news.google.com/rss/articles/CBMiuwFBVV95cUxPV3BNSE8xclRzQnlCQ0xBNGI2V3I1RmpBZS1QYXlTT0ZYUDFoVnNiaHJrS1lia001bUFiU1ZkcV9IaXdlU2RNRzNOd2JFcl9KRzBnWGF5ZUJzYnhCUF9fU2E4VHFpRldwTWlDX2l0cTY0WHpwZFlMb0VwdTcyNWE1RUdXV3I4azE4WVZqN1ZNV0E0M2ZxbUhJdXBxWi1sZkxOREZPaUYxNEw1eWM5SkFBMW40Q1h2WlBneDdJ?oc=5,"Setor de serviços fica estável em julho e sobe 2,4% em 12 meses Agência Brasil"
Brasil,Búsqueda Agência Brasil (Google News),Agência Brasil,Geração,"Jovem, Cria, Plataforma, Ajudar, Nova",Jovem cria plataforma para ajudar nova geração de eleitores nas urnas - Agência Brasil,2026-09-10 13:28,https://news.google.com/rss/articles/CBMixgFBVV95cUxPRG9BTnA4U05ILUFWV1hzQXR1TUcxRjdqTXQ5NEhUM255c2xXb1l0aWw2RG5rZGtFNWhic0V0cFdBYlo1SzFPRXdWckNlR18walFabGJJNGtZREpjQWRoSkVoN3lSMjRYNG5paFlQRHNZSnJNQ1R1eDllYXlSUGFhcEhZUFJHektVUE1hSTR4VXd4aGlaaENzSFdzeW5fU09uV0hUU1F5TkwxZHA0NEtDWFF0ZzJYMnUzQm02T0lHRnFYNmx2UXc?oc=5,Jovem cria plataforma para ajudar nova geração de eleitores nas urnas Agência Brasil
Brasil,Búsqueda Petrobras (Google News),Petrobras,N/A,"Petrobras, Anuncia, Desconto, Valor, Gasolina","Petrobras anuncia fim do desconto de R$ 0,44 no valor da gasolina - Agora Laguna",2026-09-10 13:21,https://news.google.com/rss/articles/CBMioAFBVV95cUxNTnc5eWNaN3JaQ0RRcDdxSGRkbUVQWThQUHdRYmhiQnpKNW8tRWJyeHBrWmxINmp3SC1oUVRqQXF6SC1QeFFrMVhTcm5kWW5OemtES3NKY1ZKenN1ZHZxRWxHSmxSODRwU2hoVmdGR29ienljdzhUN2dXRkNQR2s0N2lVb3JoZlBVQndybXJfb3lwNllTVzdXUVAtTDJwdm4x?oc=5,"Petrobras anuncia fim do desconto de R$ 0,44 no valor da gasolina Agora Laguna"
Brasil,Búsqueda Petrobras (Google News),Petrobras,N/A,"Petrobras, Encerra, Desconto, Gasolina, Mundoba","Petrobras encerra desconto de R$ 0,44 na gasolina - MundoBA",2026-09-10 13:18,https://news.google.com/rss/articles/CBMihwFBVV95cUxQbzlOVDdNSUVndEY1RTRKVWNjNVQzWXhjekFZVDRFMVVlcHB6UEFKMFdQTE5qeko1OHAzYmpUd2FhX3FGd3owSWhsQ1lSd0pOd09OQlZ4OWdaSEc2VFhPRkJSaF90cW5VMGJlX1BNd2JoQWxqeVExV0s5cHc1RGoyWFM1eTZYeHc?oc=5,"Petrobras encerra desconto de R$ 0,44 na gasolina MundoBA"
Brasil,Búsqueda Petrobras (Google News),Petrobras,N/A,"Petrobras, Cancela, Aumento, Gasolina, Após",Petrobras cancela aumento da gasolina após anúncio - noticiasdoplanalto.com.br,2026-09-10 13:08,https://news.google.com/rss/articles/CBMijgFBVV95cUxNaFVIYUJtVEV0V0Z5MGlLN2l4R081UlZnQjBEX1JQN1VHZnVKQ3ZrMHhkTTVGMkVtTXJ5MTdYR1hoc3FiQWpPRVUycG5EMnZaa1Q1ZWN5ZFVCMTUtNmlGU3lfS1BfRHBDM2lSN3pwRnItbmNqOVh5QV9rNzEtczZaN3B2akV3dEx1R1JMNUlR?oc=5,Petrobras cancela aumento da gasolina após anúncio noticiasdoplanalto.com.br
Brasil,Búsqueda Agência Brasil (Google News),Agência Brasil,N/A,"Rádio, Nacional, Transmite, Independiente, Valle",Rádio Nacional transmite Independiente del Valle x Flamengo - Agência Brasil,2026-09-10 13:01,https://news.google.com/rss/articles/CBMiuAFBVV95cUxNTlBCYkh1ME56NTFkSkc2ZE5wRlFjT3FoZ3JOSHdFc1pkQUFleTNseTVyTWhubmxfZjVKUGk1SmpyRUJLMEN5UVZRQ2swd2lMY1dvdGE2dEV5VkZPQVY0ZHdiY0lKd1BlaVFvcVNZZDhwZ0ZIT29wYUxaeldwY0kxdmV4Nlp4c1JEN0tUdEd3eUFBdnNXRm1DUFJXRDR1MVpzckRBczduejlsdi1XV2c1M3ZEN3lfWnFz?oc=5,Rádio Nacional transmite Independiente del Valle x Flamengo Agência Brasil
Brasil,Búsqueda Petrobras (Google News),Petrobras,N/A,"Petrobras, Cancela, Reajuste, Recua, Gasolina",Petrobras cancela reajuste e recua na gasolina - ES Brasil,2026-09-10 12:49,https://news.google.com/rss/articles/CBMibEFVX3lxTFBoSG42SU95VDNlWGM3NnlYOTQ0aE10dVkxR1pfa2hGWXdZRkRGVG13VjdfZXZ2NmFWal82RVdmaWFiMWVzTjJ6Y3J2WkpsdTZGekxOXzl6bjRjQXFXazV5aWxZaUNBOHYzVi1PZw?oc=5,Petrobras cancela reajuste e recua na gasolina ES Brasil
Brasil,Búsqueda Petrobras (Google News),Petrobras,N/A,"Petrobras, Encerra, Desconto, Gasolina, Vendida","Petrobras encerra desconto de R$ 0,44 na gasolina vendida às distribuidoras - Tribuna do Norte",2026-09-10 12:49,https://news.google.com/rss/articles/CBMiswFBVV95cUxQRDBVY0hDOFZfM2lPLW43UGdkY1prUFRmUmU2RktHbDN6bEpzRGdsUnhXNWd3dWtnUEFQajhfRG1oXzN0UTNlWlFWT1o1MWh0RndnMkFsSlptQXVsTlg2bHVYR2Jpcm5KNW5ic19XWmdDLTBBWm5GN28wSjZHVWFaZUlLUnpUaExzNldmWjJYN19NcEk5bklxVkE3clBRX2YxVWlHVENJLTFWTk9qN2xfdFpYYw?oc=5,"Petrobras encerra desconto de R$ 0,44 na gasolina vendida às distribuidoras Tribuna do Norte"
Brasil,Búsqueda Agência Brasil (Google News),Agência Brasil,N/A,"Confira, Agenda, Desta, Quinta, Candidatos",Confira a agenda desta quinta dos candidatos a presidente da República - Agência Brasil,2026-09-10 12:37,https://news.google.com/rss/articles/CBMi3gFBVV95cUxPVmM4LW5xM1I1UXFTUlNTdnp1b1g2aEFSODFNT0NtY09TOGZoV1ExTGF4ZXdickF5NTNUbUlBOGRmdGhPQmRxVHA3QWdvTHZnSzlkd3BrWUZTVUhWQ1BzaWgxWXNGS2JOQXdObjgxckYtby0xaDVZOHpfcDZhMEhwRjc2Sno5eks3VXdQaV80V1FDMmZGLVdMOVA0UDdXSDNyVHVDazVfeVJfQWJtbXNpWUhvZ2d0ZVlwMVZBOEZXMy1TbDZYOEk1MDJzVGZRTG9UZE9kUVJTNUZoVXNLS0E?oc=5,Confira a agenda desta quinta dos candidatos a presidente da República Agência Brasil
Brasil,Búsqueda Petrobras (Google News),Petrobras,N/A,"Petrobras, Recua, Cancela, Aumento, Gasolina","Petrobras recua, cancela aumento da gasolina e anuncia redução de R$ 0,19 - Portal 98 FM Natal",2026-09-10 12:34,https://news.google.com/rss/articles/CBMinAFBVV95cUxQRUdjbmdwUnBaX19DQ3V1VHdreEJRR05RbFg1bEpRY0tFWUZ5eks5cm0waXBoUEwyNVhLdmVNc29nd2NLc2N4U05Bc0J1azVuVXdvRjFiVzJ5S1VHaGd6cFVoT09hc0daaEc2QkEwY3pVM3pBM1NyeG0yNFF3MVFtbzFnWVA3Wmg0QlRMQS14SklmZUNJRDg5Y1U5VUk?oc=5,"Petrobras recua, cancela aumento da gasolina e anuncia redução de R$ 0,19 Portal 98 FM Natal"
Brasil,Búsqueda Agência Brasil (Google News),Agência Brasil,N/A,"Extingue, Taxa, Blusinhas, Será, Sancionada","Lei que extingue taxa das blusinhas será sancionada hoje, 10/9 - Agência Brasil",2026-09-10 12:31,https://news.google.com/rss/articles/CBMi1AFBVV95cUxPd3ZYZEtTbVA2T1lodHNBX2Z1U3g3ODlPRnlaX2M2U3FmTTd3NFV3MHBnYmQyQldVRzhETHJydHlOQzRkVHZOandQXzVkZ2xoaFJnOG1FaGdJelhmcEhjb1FMVUtTa2JWRFQ0VU0yelNVeEhPdGNxRWtDcVE4bnV6NElZeXJ1aGM2WXh5Znk0cmlrQmN2ZzF2NTNSZEtKWDhsX1A0MGNZbXJfdDM0WEYybzVjVmp3YW1NZ2tTQndnRTlDY29zd0tKNmNyWm9DaVhqNHppRw?oc=5,"Lei que extingue taxa das blusinhas será sancionada hoje, 10/9 Agência Brasil"
Brasil,Búsqueda Agência Brasil (Google News),Agência Brasil,N/A,"Trump, Promete, Cada, Americano, Vencer",Trump promete US$ 5 mil a cada americano se vencer eleições - Agência Brasil,2026-09-10 12:31,https://news.google.com/rss/articles/CBMiuwFBVV95cUxPWnZ0UkdRUTZCUGNDVmVXUTY1SWhRSU1qeHZlYmZKV1VtNTZOcXhqSXBsRFNfM0twYlhMLWVXRE1YbktfZTBDMVdHOGJTRnMwNW1ES1FBbEgzbUYyU1hHd2kzczdnVFNSRzhtZERaek9KRTNVYjJ6eHlGN0ZYZ1NuS1lvZnZoX3UzRFF1eTJLRVFGVXUyeEZ4MWxIb2hsaWxoWVhWQUFkdDRpejI4eS15NG9fWGFydVJPNHJR?oc=5,Trump promete US$ 5 mil a cada americano se vencer eleições Agência Brasil
Brasil,Búsqueda Petrobras (Google News),Petrobras,N/A,"Após, Anunciar, Aumento, Gasolina, Petrobras","Após anunciar aumento da gasolina, Petrobras volta atrás e cancela reajuste - infomoney.com.br",2026-09-10 12:30,https://news.google.com/rss/articles/CBMiswFBVV95cUxPWmRqZDdod3BaQVpublJxY0xPNko4X0hQbDNUR0g5TkwzNVJneUhJRzFEYlFUN1NZNDFPeEVjdjdPa2F1Yy1zS1RCb1lvWHo1dFNsaHRCTWZXaVhjYUF6d0U4blFMYzZFV2JsdHcyZW5LWVhRa3ZUYzRhWjVJVjRpY2JhNmVjU1FXbFRBMHFESjRJVmpORUlwbkVpSTN4NkVTSExFR0VhWE5fYnd1ZkJKZXhuY9IBuAFBVV95cUxOdXktclVhd01vMTlnY21MMXdlNGNjcVZHa0l0ajBVWjVTdVZ6bUh4Q0QxRDZKTGxXTXRFXzV0a3VLOHB2TDlWVjJ5cTRJbndTSUE1cjFxS1hfSmpXWGF0RlpyMXJiOHdHdVBobXYxMVVPdGQ0WmlhbVo4czIybzVQOXM3UWQ2d3ZURXRfQ1NCdjdITENQOU9NcV9XWVJPYjNGanVqX0FiblUyNngxMWJFY0hLVGZ4Mmox?oc=5,"Após anunciar aumento da gasolina, Petrobras volta atrás e cancela reajuste infomoney.com.br"
Brasil,Búsqueda Valor Econômico (Google News),Valor Econômico,N/A,"Produção, Industrial, Sobe, Locais, Pesquisados","Produção industrial sobe em 8 dos 15 locais pesquisados pelo IBGE em julho, ante junho - Valor Econômico",2026-09-10 12:30,https://news.google.com/rss/articles/CBMi2AFBVV95cUxOckMtVXJnTkptQkhuWHdycDRxX1NfdFZha0tDdWF0SXcxaF9GMGZ0djNIWEQwMzVPcjRSb0Q5T3ByVURpRktVLXJfTTZtOXRrVDNYYXJiLWJ5ODJnX2FSVW9tWDNmcEFqQnoyVmoycVBsb01UX0RsSnVkUXltSmdTb1J4cE1MZU5QVmxNM3FJV2RDcTJ6MXU5Tm5lSHdHY1hCU1lHbjAxalZkSXpTNGxfTGM2VEdVdEMtYzFZbGVEU2otQXJaUVpJR1F3MUlNUjRTU0hEbXdRQ0PSAecBQVVfeXFMTUNpY3pwTmM3N29zTkc2eTJBaE9zTzg3SVFlWmtRV1JhcFZ6MTByZjdFd0tmNFdTRTJUSEZQYlMyTTJmS0dqd0N2WFlhVGtLSVl6SjFheDhSS09vbkxOWktmdXNhYmNVenFzMy1SN1oyenJ1TXQ2TGtJbDBTYkxOX1ZTal80aHU0V2hJUWJEN3lFMTAwdGZUN3VCS1ZMdHd5ODBqeU85YVBfa3BRYjdXQ0gyMl9ZdjJISmtxOUg5emtWZkxGWVNWUm93UVBrakNXc1pXU0R4cnc4SGFsdHhvSWlMTHdSY0pZ?oc=5,"Produção industrial sobe em 8 dos 15 locais pesquisados pelo IBGE em julho, ante junho Valor Econômico"
Brasil,Búsqueda BNDES (Google News),BNDES,Solar,"Bndes, Credencia, Sete, Empresas, Fornecedoras",BNDES credencia sete empresas como fornecedoras para o leilão de baterias - Canal Solar,2026-09-10 12:27,https://news.google.com/rss/articles/CBMiekFVX3lxTE5mVUhreERtVmg4eV9nV2dpaUNLdzRqejZZN2tNdHlyZXgySF9wbEl2VzdDd3hET09ETzlkbUxlRjFjdk5TSjRQMGFuS2k2ZDVyQnhIUlo2bzN3VDZJYm01SThzMnZSTXRhdUxfaE9qSHBYaTJDRVk2SEJB?oc=5,BNDES credencia sete empresas como fornecedoras para o leilão de baterias Canal Solar
Brasil,Búsqueda Petrobras (Google News),Petrobras,N/A,"Petrobras, Corrige, Reajuste, Gasolina, Fica","Petrobras corrige reajuste e gasolina fica R$ 0,19 abaixo do anunciado - Economic News Brasil",2026-09-10 12:27,https://news.google.com/rss/articles/CBMijgFBVV95cUxPM2x3U3ZoOGczdDB5a1pkdlFXSllZelh3YnFOaURCOElzVDJmeFAybGlDSlVrMkRiT0YxdDNRdEl2eEYxU3BZVERBTkRtYzU1WVJUOE4yZ0FrcHZzS04xRnNSLXZPSlRpeUZjeklLT0Q1ZHVJOGFJY0ZCUG5GZlhLUUxOT2dnWEV2YjZuT2lB?oc=5,"Petrobras corrige reajuste e gasolina fica R$ 0,19 abaixo do anunciado Economic News Brasil"
Brasil,Búsqueda Valor Econômico (Google News),Valor Econômico,N/A,"Setor, Serviços, Fica, Estável, Julho","Setor de serviços fica estável em julho, mostra IBGE - Valor Econômico",2026-09-10 12:19,https://news.google.com/rss/articles/CBMiqwFBVV95cUxPQ2JiMUEzQjJ4Wk0tOEFXZFZ4QWlxMnQ1Z3VoNkRCT3Q3bXJQRGctTTJzdmZVOUR5MHNwenplMTJ5Mm9pYlBFd2ZKd3hmc2pQc3kyMGNZVWIyejBHWG1ETXgwc2ZEcTNCdVYtV0djb3ZXcGJvb1ZrbG1SYmp5Uk5raEh5aE5WMmY4YlVhWDA3aUNLQWRrOGMxQXpzSU9pbWd5VjF1QVhwTzRkcXfSAboBQVVfeXFMTjdXRmFEdmdjT2RWX29RTlhNZ2pwTURqdXBmaU1VTzRpWmVWV29YVXBMb2RKSG9VOUxaUEdBY2FYeVRfMEVSbEtCVWppZENzUnkwRkZQaVJhUVllMkNOVndJbmlsUFhSWFYwdkRWWXg1ZDZPWkgzb1U5N1pWc1dLTFF2TUtUM2JGV3JZVFJtWGdJdF9rc3BPSjY2NDUzUUh2TTk4LW9Na3FSTFJqNDh0MzVvR0VVTmpMUm5n?oc=5,"Setor de serviços fica estável em julho, mostra IBGE Valor Econômico"
Brasil,Búsqueda Agência Brasil (Google News),Agência Brasil,N/A,"Ministério, Saúde, Instala, Base, Força",Ministério da Saúde instala base da Força Nacional do SUS no Rio - Agência Brasil,2026-09-10 12:13,https://news.google.com/rss/articles/CBMi1gFBVV95cUxQTFo1UlFJUGh2em9qb2xlQmNtTGJMVFlPU0hIVDNnNFp4bXdfbEVibFRtTUEzOGRDOTk2T3JFaEtqY2wwdXJYbGhGanotSDR2Yk1XeFRGamVRYjZNOEV6eTQtOU5tOU5EUTlkbXpFbU1yOGo5QkR4dE1fdVpIMmNBQ0tDS1NxSmV2ZC1SRkp0eS1mQUVZcVotalZiMDBkZjRfdG11ZWZiU1BQUUZmc3k0ZnpiaC1yRmQxRWpYT3ZWNHFuWEx1TkhmSkVINVJVUmx3VFJZczhn?oc=5,Ministério da Saúde instala base da Força Nacional do SUS no Rio Agência Brasil
Brasil,Búsqueda Agência Brasil (Google News),Agência Brasil,N/A,"Confira, Agenda, Presidenciáveis, Nesta, Quinta",Confira a agenda dos presidenciáveis nesta quinta-feira (10) - Agência Brasil,2026-09-10 12:10,https://news.google.com/rss/articles/CBMitAFBVV95cUxQUGJsd3VUMWRZMm9LUTdqTmhFczNZdnN6Vm9FQ3FmWk4tWFYwczV1c3FvdW5BaG82cEEtUWtOZ3BfMmlGMkw4LTlxZTZKdG1pcnFIOEQ1VG82UnFTd1R0eFU3LVhSVG5XUEJaRFB4bFZIY19sSDVpbVdnVklZT1pXWWtwa2VRdVA0MGVadWNBNmRBby05cjk1TXJNeGFabmhOOFdZNE1vZXluYTRHc0Z0Qld4RnE?oc=5,Confira a agenda dos presidenciáveis nesta quinta-feira (10) Agência Brasil
Brasil,Búsqueda Petrobras (Google News),Petrobras,N/A,"Brasil, Petrobras, Reduz, Preço, Gasolina","Petrobras reduz preço da gasolina após mudanças tributárias no Brasil - Investing.com Brasil - Finanças, Câmbio e Investimentos",2026-09-10 11:59,https://news.google.com/rss/articles/CBMiygFBVV95cUxPN2hrWlNDdmJsR29SQUZzOFExRW9NZm90RHVPbU1kcTZfOTZ6ZDR4NDMwWTRQYTdBSVk5VmFOU1BpRVEwMGZHRmhrYUUtR0tBOXoxbzRWODF1UUJSTXZSc29XMkpTZEs5RElwYWpEVWlRa0MwTF85bl9DVlJTLWFTU0RpNUlEMXYwcGZyd1VZQXJrWEhMYWZFQ1BUWTBzRzM3X0hfSEJJNFhFejdabFFFTE9fWXlEUnozSXBIbkZlTzNVYmJUTnJTeVln?oc=5,"Petrobras reduz preço da gasolina após mudanças tributárias no Brasil Investing.com Brasil - Finanças, Câmbio e Investimentos"
Brasil,Búsqueda Petrobras (Google News),Petrobras,N/A,"Petrobras, Retirará, Desconto, Gasolina, Consumidor","Petrobras retirará desconto da gasolina, mas consumidor não sentirá efeito - CNN Brasil",2026-09-10 11:58,https://news.google.com/rss/articles/CBMixgFBVV95cUxOWEl2Zk9MVjROaVhVYjBVLTdRY0xEM0kwa0FyNzllWUlvdVNZTElQUDFCczdKY09raUhYUk41R3FHUGFlZTZHNExCR2JzRllOMUttaEVfV1ltenhFT0ZndkZrYjY0dUpKWndhTVB0YXpPQ0cyX2h0Qm5FSVdpVlc3eFYwWUVzbnpKNExkOVZaaTl2YW9oZnRYdEZGMVoxTW53dVRmMGpwVWZqX3lPTWgtS0Nra0NsaElvTDNJdHJya01EZWpLeFE?oc=5,"Petrobras retirará desconto da gasolina, mas consumidor não sentirá efeito CNN Brasil"
Brasil,Búsqueda Petrobras (Google News),Petrobras,N/A,"Petrobras, Retira, Desconto, Gasolina, Tributos","Petrobras retira desconto, mas gasolina cai R$ 0,19 com tributos - Portal Tela",2026-09-10 11:58,https://news.google.com/rss/articles/CBMiqwFBVV95cUxQTHZpQUNnQjNpcjEzTGw5aXRaMHJvUUdXQndXdFBKMHJwYVRnSURIY0ExTTVCdmhRVW5qbExwM1puZ2gwTGUtUXVQWG9lb213ejd2N0JtTU9PNFZDRC1XSHNKLXVhTXFGUldGbjdBdWJzd25uMzNmNmxXNDQ3ZmpPMHBrd0w5NFRDZFdrcWhvZml5di04Smt2ZGJlZTAxMzZ3UkRBRGhiRmhXRVE?oc=5,"Petrobras retira desconto, mas gasolina cai R$ 0,19 com tributos Portal Tela"
Brasil,Búsqueda Agência Brasil (Google News),Agência Brasil,N/A,"Fiscais, Resgatam, Vítimas, Escravidão, Moderna",Fiscais resgatam 479 vítimas de escravidão moderna no mês de agosto - Agência Brasil,2026-09-10 11:56,https://news.google.com/rss/articles/CBMizgFBVV95cUxOVVUwZnYxZjZablVITndXUzRiYzNNY2RUSzlSb0YxWDFmWUNJRjZ4MGVxWUdsclNqek1UeEtPR3RELUZRUldpTXRPZzgyUlZWQ05na1JVMTBOaVpSVXZjU2VzYVBvUjg5dVpFTzNKSHlrd2Rrb3c4OW5hMkNzWnhDal9qeEJVTG9kSExnMWpXMHo3UlZpWDU0Qm9iOGNjeHlKYmxka19nanFXVmh2RmVpeUJSR1JRaHVRZWlNdk9NTGJMSmJ3dVBXYy0wb2Jvdw?oc=5,Fiscais resgatam 479 vítimas de escravidão moderna no mês de agosto Agência Brasil
Brasil,Búsqueda Agência Brasil (Google News),Agência Brasil,N/A,"Denunciados, Cobrar, Policiamento, Privilegiado, Brasil",PMs são denunciados por cobrar policiamento privilegiado no Rio - Agência Brasil,2026-09-10 11:54,https://news.google.com/rss/articles/CBMivAFBVV95cUxNSE5MbDRwZTB2dkF4VkdEZlJjU2dNY3F3N0xCTW5FbmdFY0gwQ0xvbnBnNk9MdmJHQkRUYUthM3JZd29wUU9HLWpRTWR6RDhobmJhQ292ZDVUNmxna3VHbmFDWUg4ek5nWEJNVkVCNkRoNE0yaXZ0WjMweFIyc0U0bnNsQ1NuNzZWNnAxWE14YjNnVGQ0Wk9fcWFjNEZsRGdjTFBKM0JfUWFheEFBWnMyYy1yMHRSbnJsLXkxQQ?oc=5,PMs são denunciados por cobrar policiamento privilegiado no Rio Agência Brasil
Brasil,Búsqueda Petrobras (Google News),Petrobras,N/A,"Petrobras, Recua, Reajuste, Preço, Gasolina",Petrobras recua de reajuste no preço da gasolina - Metrópoles,2026-09-10 11:33,https://news.google.com/rss/articles/CBMiigFBVV95cUxPdXFzN0duN1l3NkpRa1Y1bTVaNHVIa2xEMlJZU2ZBU19iaUxaZ0c5Y3l0dmt0Yl9JVFdMY3ZodlVBeTNldGdtVE1wTWRORFY0T2QzME85MXpkUFZsaHFHdWlRQkVSTm1ad1htUUZNR2NZQXNSQ0RGME5BZnZjOXFsVUgzckVmVmtRMlE?oc=5,Petrobras recua de reajuste no preço da gasolina Metrópoles
Brasil,Búsqueda Agência Brasil (Google News),Agência Brasil,N/A,"Prevenção, Suicídio, Profissionais, Saúde, Destacam",Prevenção ao suicídio: profissionais de saúde destacam riscos com bets - Agência Brasil,2026-09-10 11:28,https://news.google.com/rss/articles/CBMiwgFBVV95cUxONVdGWWdlbWl5VmQ0R1pteENBUFc4UTBTRnFqUGZwc3Z3QVA5R2RZT1oyOUprTUZFWTluanh2d0lFLWVOdE81VDNMOVpYcHZrZ3NmVUFmMlR3QkpMYmF0NWVWcDlrRWNHMTRPYWdTVWFRQ1RsMTRqUW10RFZLcDhMSkJmUUxaVHRWcEFOSFIwOUdWTDBvLXR3XzBlb05OWUtHaFhzWFUwTDlnTUh1MF9LeXJOLVRYdVFUUFBDNGZISFEtUQ?oc=5,Prevenção ao suicídio: profissionais de saúde destacam riscos com bets Agência Brasil
Brasil,Búsqueda Agência Brasil (Google News),Agência Brasil,N/A,"Brasil, Oscar, Seis, Filmes, Finalistas",Oscar 2027: seis filmes são finalistas para representar o Brasil | Radioagência Nacional - Agência Brasil,2026-09-10 11:24,https://news.google.com/rss/articles/CBMi1wFBVV95cUxNaW1DMkRfMUFLeDY3ZWhuRm9GZkotRDVFaUdpbjVHNXRhLV9zcHVBZnlPaXNwVUxoajdhVUhXVWczcmk4emRkV3Z3MEFzemM5ajdrbVYzVXI1SUUxXzJQZ2REVUc1NmVzWnR4VGZCT3B5Qk8wSGNVOXFMZVp6NjRrQi1qNjJCQUlOVlNvOFlNVUFmQ29GcGxpRTlHdmM3Mzk4OGRnTUJGYXZ2c2U2SkFJOWN6d0NURTc3TmQ4U3pfMTM3N0toNEprV2s0QkN3Tlk2WUE3MmE0Yw?oc=5,Oscar 2027: seis filmes são finalistas para representar o Brasil | Radioagência Nacional Agência Brasil
Brasil,Búsqueda Agência Brasil (Google News),Agência Brasil,N/A,"Mario, Frias, Produtora, Dark, Horse",Mario Frias e produtora de Dark Horse são alvos de operação da PF - Agência Brasil,2026-09-10 11:09,https://news.google.com/rss/articles/CBMivAFBVV95cUxQQjRLc3hXODdWbk5zU0tXMUhzWjdRR1R3UjVBdUVOYlJKUWphUXZIRmZXcWRGYmlKdkVWdl8yMGNEblAxVXJnaXZjc2Jhb2lYbU5wbDFnTkpmZkloSWN4a2ZCd1pGNUY1eEtWazNVTkNGLXFzeDVtb1Iyc2lVY2lPbmJfWVpoNk0yd1cwT1BjaUI1aXZKd0JXd2F0c1JfWm1uQVRKaHd1WWxqMGZyWXg3RWExWVBoaktHOExmTg?oc=5,Mario Frias e produtora de Dark Horse são alvos de operação da PF Agência Brasil
Brasil,Búsqueda Valor Econômico (Google News),Valor Econômico,N/A,"Sobe, Primeira, Prévia, Setembro, Informa","IGP-M sobe 0,93% na primeira prévia de setembro, informa FGV - Valor Econômico",2026-09-10 11:08,https://news.google.com/rss/articles/CBMiywFBVV95cUxNeGxUM1JTR09qZi1YRHE4U1pDQ21yZ0dvR05ZSUR5dWxIOHlScnRXdmp2MkczYWZTV2JpX2RKSktXYzhiRUZ0WC1lakpRajVUbHJLTW40QVhKekpuQ21RbG81N2xsbDJyMnpGdDA4S0JuRHhVeEkxaXd2VEdjVlhfRkhMV25NbWF1enVmakRlQl95c0t0bGZzaGpJeTlMcThDb29Jb3RMQUZNVmp5cldLeXliUFVsVS00VXhvZjZYbnZ1bk9zREdzeUFfb9IB2gFBVV95cUxOMllYZENyckNtbDQ3MWt1RXdHVUpIcGljNm9LenhITGExMHJHRkg0NmdLcE5CUFN2Z19ublJEVm1VY0ZBTEtJOEtGejBXanQ4bjZyZXJKX0RrbFp4a2hJY243cHJ5T29NeTFBUmxvVWRpM2pfeEdFb20xZmhUNFNKSFpjNVo2NUdnT3JJS3NxbEpzSFUyNy1OdWFFRFctTzR3Y1ZTLVdIZzFxaGNlcEN5eTFGMGhjTk56YnJFamdsQU5QU3lVRXFaekg0cXJDbFFocExzOGhWYkxwZw?oc=5,"IGP-M sobe 0,93% na primeira prévia de setembro, informa FGV Valor Econômico"
Brasil,Búsqueda Agência Brasil (Google News),Agência Brasil,N/A,"Nacional, Anos, Rádio, Ondas, Curtas",90 anos Rádio Nacional: as ondas curtas que percorrem o mundo | Radioagência Nacional - Agência Brasil,2026-09-10 11:05,https://news.google.com/rss/articles/CBMizwFBVV95cUxOZG1pRk8yUWJ2YkU2WGVIM1NTd051ZTFBUEZ1dkt0cXhqV0dZOF81eUN6eWdQY3YyT1RZS2d0R3VYS0pnREFtRkV2Sk5DQXMtVU4wcTVKVGRvOG9HLXgzMW5fUHdodk4zTDBrY1ktT2pBeVZ5VXhLUzZCY1NDZkszeVEybVFpbV9Xd01UZnJWT3B6Zzlwb29TOE9NckJfclZvZXJtNWFyOHhIRnkxNlZOUFpPSGlEaVVjbjQyMDBUOUc5V2liVnh5TXhsZGR4bTQ?oc=5,90 anos Rádio Nacional: as ondas curtas que percorrem o mundo | Radioagência Nacional Agência Brasil
Brasil,Búsqueda Petrobras (Google News),Petrobras,N/A,"Petrobras, Aumenta, Preço, Gasolina, Encerra","Petrobras aumenta preço da gasolina e encerra desconto de R$ 0,44; veja o que muda - meon.com.br",2026-09-10 11:04,https://news.google.com/rss/articles/CBMiuwFBVV95cUxOMlVyeUh4emRMWmVnUk83V1dzTHpSQWlaRXItaTNqZVl4OXAzOWlMbDZVR1JZVXprZ2xtUWlQNGtFTlFHQW5iYmRsZ05QU2lmV2MyU0FjZXY5Zncwdng2NUM3QkxCM05Kbzl6Z1JGbGZJLTRNTm1MellHNnMxZGtfUEZiLThITUFER2pfWUItdmlRNHRGY21PbG1RVW5kSUg0M3ItLUp6V0szWGs2cG9ma0pMbWZHQ3MxM29F?oc=5,"Petrobras aumenta preço da gasolina e encerra desconto de R$ 0,44; veja o que muda meon.com.br"
Brasil,Búsqueda Agência Brasil (Google News),Agência Brasil,N/A,"Brasil, Melhora, Desempenho, Escolar, Longo","Brasil melhora desempenho escolar no longo prazo, mas patamar é baixo - Agência Brasil",2026-09-10 11:02,https://news.google.com/rss/articles/CBMixAFBVV95cUxQZ09jbndlT1dPMjBGamo2c1V2VVdyOHBJTlZ0R28zdS1HZFRneE5uWHd4U1k5WUpSX09aa3B4MzBtdkRTVldKWGRsNE1kay1XRHRrZnBUUjl5V2Y4ZnkyZEpkdElXTjdCRnhpSkUtT1NzYm5ndjdEQ2Y3TDVRSkhOR25JNnQxS1ZfVEs1cGFIVS1sV0I0YkxDdVNPNUFqbDVXSmM3YmdNbXNrZFZtMHV5UGh5STVlcWhKbVZNR3VZbk9DUWlj?oc=5,"Brasil melhora desempenho escolar no longo prazo, mas patamar é baixo Agência Brasil"
Brasil,Búsqueda Petrobras (Google News),Petrobras,N/A,"Petrobras, Anuncia, Alta, Somada, Gasolina","Petrobras anuncia alta de R$ 0,63 somada na gasolina para distribuidoras - valoremercadoro.com.br",2026-09-10 10:34,https://news.google.com/rss/articles/CBMiqgFBVV95cUxOc2c0UGxDNWhFV3paZi12SFlqbVhPMjR0MTU3aUJiTUc0ZlNEVE9weks5NjRHQ0k4QWt2VjA0Tzkxb1pBR2E2OWxOTFNsV0hGSnpKSzJFS20wVDdWVTJpcGNFTkZYT212N0VGYXVVRnFCV21ub2NTM1FveXpRY2N4NFFyazAzd3ZDOHk0aGwtRXpRWnZ1dXVPRmtGOFVNREx1cGhjZ3EwUU16Zw?oc=5,"Petrobras anuncia alta de R$ 0,63 somada na gasolina para distribuidoras valoremercadoro.com.br"
Brasil,Búsqueda Agência Brasil (Google News),Agência Brasil,N/A,"Ufrj, Homenageia, Vítimas, Ditadura, Diplomas",UFRJ homenageia vítimas da ditadura com diplomas póstumos - Agência Brasil,2026-09-10 10:28,https://news.google.com/rss/articles/CBMiwAFBVV95cUxQMm1YNXI3Y1dPN2ZoY2ROX2ZpQ2pPQTF0OWMzVmFCNnNHTGxTV3l1a0Rrd2Y4bHNmVmxTeEdmTUpWa29EakJDVHlhVlBOblAxNUloNHR3cEx1QmtjdUdnc200X3Y1OVR0N05WU1FfbzF4dk9pMG5EQ3hydGV3NFFSREw2WGkxWHZfOGlWdXZPVDNjbXFWRlRLR0tJdlo3VmRXRThiMDZIeTNVVVlnVEtOUE1SRGJBWkJWbW5IUHNiZUg?oc=5,UFRJ homenageia vítimas da ditadura com diplomas póstumos Agência Brasil
Brasil,Búsqueda Agência Brasil (Google News),Agência Brasil,N/A,"Educação, Prioridade, Moradores, Favelas, Eleições",Educação é prioridade para moradores de favelas do Rio nas eleições - Agência Brasil,2026-09-10 10:02,https://news.google.com/rss/articles/CBMiwwFBVV95cUxNNk5mbGNSQzNkMGRjTV90RThnZ3VnRVFESEhTVHVuLTY1dTRJYllXZGVCSTd5M1N2bWw4SWJqUnVXcXEyb1hFbjE3ZjhGQUFDblhZdzFJOHBjS2tyVEVuSWhKd0h3OFcwMXpBWHlfQnBSdjlvS0IyaDFYYmhHVFAyUEVfNldTUktwdUFxVTREcjl5aGs0MmpkOXF5c3FxWU10REUtRG05czZsSDFlR0J4MERWMUdkeFBLcDFEVVFkLVVqMjA?oc=5,Educação é prioridade para moradores de favelas do Rio nas eleições Agência Brasil
Brasil,Búsqueda Petrobras (Google News),Petrobras,Eólica,"Porto, Avança, Projeto, Piloto, Eólica",Porto do Açu avança em projeto-piloto de eólica offshore com a Petrobras - CNN Brasil,2026-09-10 10:00,https://news.google.com/rss/articles/CBMirAFBVV95cUxPZjk2YVktUUJfZXRuZ0FDUVlNbEFudm1uY3JvZ284dXdTY3JIcy0teFQwMHo5YkNObG9oV2RybWVSVGtfX0JaLWZiUmdyb3ZIY3Y2WXVpRXluVENhZWhxUlJpSkZPUFBYSmFfRHRLbUFCaDdKWnFWNFh3Q0lid1dLUEZqeWVVY0lvVFJjbkR1bzZkek84WDd4YU5UUnhuNUlZc1c2VDAxdEhIcUhC?oc=5,Porto do Açu avança em projeto-piloto de eólica offshore com a Petrobras CNN Brasil
Brasil,Búsqueda Petrobras (Google News),Petrobras,N/A,"Petrobras, Reduz, Preço, Gasolina, Após",Petrobras reduz preço da gasolina após anúncio de corte de tributos - Valor Econômico,2026-09-10 08:00,https://news.google.com/rss/articles/CBMiwAFBVV95cUxQRnFFR0xKRUw1SkZQYUtSOWdCVi1odDJLSVAyc3ZiMm1QOUJDUzFlM1Y2Sm5HVXp4S2RIeEZ3aGpHdkFaUmlJYkZUOHlZNjlvMzRVRFBPUkRUOXVmMFZGNXhtMnNzRzRieUFfT1hvZEp2dk5xcUd1THpjZmRqeTQ1MWxkWFh3aURqcUI0Rk5QUkZZaTFDVnIySjZSeVpBV0tUbmZVbG5qbVBuMHBIbjlub3JyZXRTa3Uzd1V0cDdQZHTSAc8BQVVfeXFMTUlHclpHay1HQy1fblYyeHY5M1gwR2ZMdDV3OWtPSm5qMDEybjdjRzBmRUdMVFBzS1lPTEdfbW9KMFhQbmQ5TnpoRElnd0V5bm5tdmZUVWh2Y3ExbGRVamZ3d05fRy12NnZoY2thR0E2aE50YXZMQzBCdzZCRWJjTnkyQUxWOW5iRVhfNlhpeUQ5dFVuVjg4VWU4Z21TSk94Nlg3ZU9BYlZBcms5VmFVY0RDVTdOMF9Vc2lWSHMzTFdfcUo2MW9hTTIzOEFLQVY0?oc=5,Petrobras reduz preço da gasolina após anúncio de corte de tributos Valor Econômico
Brasil,Búsqueda Valor Econômico (Google News),Valor Econômico,"Mercado Livre, Energia","Advento, Mercado, Livre, Energia, Elétrica",O advento do mercado livre de energia elétrica no Brasil - Valor Econômico,2026-09-10 08:00,https://news.google.com/rss/articles/CBMiowFBVV95cUxOVXhWQ3FlZ0dDRlMzTE1fUk9yelBIQUJaOGxvbm9vdDJEV3ZzVU52MGg5aU90Nk4tUEtoWU54Y0N6Rmo0VWU0VHF4NF9iVUNDUmlTVU9qYkw0RnVDWEIwZUllLWg4YURZYUpTM1EtZUxGb1dHX0RYZjktbzJpMm1kc3VRUEs0YTRFN3VGVndla0FFaG1JTzd6dEJXdUxQUzl1YmtB0gGyAUFVX3lxTE9uSzRsTjQzSWtra09odkgwYzNhU1MyaXNnbVhsN0FNc0g5V0JiTWpBMXlYYWNxcUxpNjY0RjZqNWY0UWpLSnFTdmlONnZ4TGlYU1hiMzFOaGgtYmFmbkphRmFadlk5Y2pXTEY4Wk1WWmRHZVdXM2YycS04UTluZjhEYXR1cDZRdVRyX25SdUFNN1lFNE9IUUFFdmo3cXl0OFpneXd2OXBfc1p4c2tuTFFSSWc?oc=5,O advento do mercado livre de energia elétrica no Brasil Valor Econômico
Brasil,Búsqueda Valor Econômico (Google News),Valor Econômico,N/A,"Agosto, Recusa, Acabar, Valor","Agosto, o mês que se recusa a acabar - Valor Econômico",2026-09-10 08:00,https://news.google.com/rss/articles/CBMihgFBVV95cUxPb1B6YzdlaTNPYjNFVFZyZG4yX1RtVjFsTzBaZVA2SGZqaDQ5VDdaeV9GRGtFY1U1a0U1N3VDd0NoWlJaNmV5TDBqcU5pUGF4Q3dxa2hUaTJuajJic3hra2tUQnBSeUdOcmxUeEZ2eEQ5ZUpNcDBVZktLMEhoNFZuZXdwc2huUdIBlAFBVV95cUxPb19Oam9sNUtqY3FpZXRremI1VXF4MWF4T2RqOWJlRGptMVdvbFE1c1BHc1I5UzRrNk83U2lrcUFKeDdtMjFMSk9FZFhDZ3ZFM2UwbHA2M1ZBd2pUMXA4akowc0JhemtZYTVNUlFqYS03NTltaldfVDZFN2tSVGl5U1d5U18zdmlncWE5VU13ZDdCeTlJ?oc=5,"Agosto, o mês que se recusa a acabar Valor Econômico"
Brasil,Búsqueda Valor Econômico (Google News),Valor Econômico,N/A,"Investimento, Avança, Depressa, Indústria, Extrativa",Investimento avança mais depressa na indústria extrativa - Valor Econômico,2026-09-10 08:00,https://news.google.com/rss/articles/CBMisgFBVV95cUxOOHB5Z0RpNF83M0U1MlVGUmJ1VUlEZFpFMjBOOTZ4cUdjOHVoNHNHUnBSaXpXVHZXam0xZFZlQU11X3hOTnp2d1BrTFlQb0hYRHhmRGU1b0F6T1R2ZkZDSTA0TUFDTFg0V3c0NFZ1Vm5TWkdNWjdtZXdFRVY0MWUzc2lZUk5lcDBFSk56N3l5ckZSUmYtQzZ5dFpJQkxKb3lJSDRmdEo2Zmxuc0UwVDM2RDNR0gHAAUFVX3lxTE1ha1BtQ0FmVjdHdzNmbHRSTGU1V09WNmpmOUlpRllBVlJtZk81dlA0WXI2NUo4N3ltc2U4bkJjWEp1QnBIa28wbkR5YldLa1hJUmNwRk9jTFhBNDNjWmFaTkhqWUhjbTdPYk9vYURZTmtIQndCR0MyLXRENVozcmprTnFXS2FnU3VCbkJ3WjdfUzhpak83LUpybEwxQ09VdTB6NTZZckE4ZmNjbERaWlZCQkx3cGdvX3kzYVRYajFmUw?oc=5,Investimento avança mais depressa na indústria extrativa Valor Econômico
Brasil,Búsqueda Valor Econômico (Google News),Valor Econômico,N/A,"Medida, Combustível, Deve, Custar, Valor",Medida sobre combustível deve custar R$ 7 bi/mês - Valor Econômico,2026-09-10 08:00,https://news.google.com/rss/articles/CBMipgFBVV95cUxPZDdIT3Z3V0MtWndFOGJ0RkFIZW1JNHZzNVRxU2pfa0pvdGNsaWpldkZGNnphYUZkb2JwdGVDdlVvVmhHVUc5LUh6NjdVMkw3WDIxTURUZ2x0c2Nld2dZcHlQOFpab0tnS281ckR6N2ltZER1U195WjRuS1lpRnZ3VUFtdmVwUmhnNnowekdzM0FpOVlZdklBVW5jZGF0RGNrMzY1SEZB0gG0AUFVX3lxTE1YRkF2aFAwWl9CVTJDUEZTcFBFWTVLZDlwS1NvUnI0UmttUG90bWNRRVd6MmNjbnNRVmZXOTYya3lmNXhwSHNrQ21VeXJBcm9KV0Jnd29nd2tYVU5zRDhlZURKWmpHZVhfRGJreGxINlprb0VYWWw2ZElBem02VzZUZnU5cVJRMVdpWnlqcHNtZ0RUanBhMjVPM3pIOFRkOVVJLVNjWjdoVjVOVGJoXzVxdkxZRQ?oc=5,Medida sobre combustível deve custar R$ 7 bi/mês Valor Econômico
Brasil,Búsqueda Valor Econômico (Google News),Valor Econômico,N/A,"Cinco, Maiores, Bancos, Bilhões, Imóveis",Cinco maiores bancos têm R$ 10 bilhões em imóveis retomados - Valor Econômico,2026-09-10 08:00,https://news.google.com/rss/articles/CBMimwFBVV95cUxNUjctcHZHZFBKcU80cmFBdnJpOWdaMTNoSXVIOVpVa2plTlVXQUdxOWZFMU04TmM5UlhfOHFIOG5zWXhtbHZrM29vRWloaG5WQWd4Y2xoaWRsSzhfTWdmSkRQLWIxdFEteGF0Q1ZWLWx1Ny1VRXJOOGlGUmZxbE5GbXNCRXNLQ1VGU2s4d0VrNGZiN0NlRTRtMlJ1a9IBqgFBVV95cUxQXzZIS0VqYlB1bG1sckVPaHV3Q2tmUEJKcVhYaFN5NWZpU2tEVTJheGlvUFllbms5Zzctd1U0WmVHQ09OOHFNb0xJOHBxVldOVFp3WW1sSzdNM2tPcWluT2UtRXRCVkhDclNTR0htV3B2YkxkcXZhNTEwMHJPcGg2TWRPYzBhTGdiTGVGYUxxNTVVWko5clRrQ1dvUEVHb2xob1JuZjJnb0VhZw?oc=5,Cinco maiores bancos têm R$ 10 bilhões em imóveis retomados Valor Econômico
Brasil,Búsqueda Valor Econômico (Google News),Valor Econômico,N/A,"Medida, Combustível, Deve, Custar, Valor",Medida sobre combustível deve custar R$ 7 bi/mês - Valor Econômico,2026-09-10 08:00,https://news.google.com/rss/articles/CBMitAFBVV95cUxNWEZBdmhQMFpfQlUyQ1BGU3BQRVk1S2Q5cEtTb1JyNFJrbVBvdG1jUUVXejJjY25zUVZmVzk2Mmt5ZjV4cEhza0NtVXlyQXJvSldCZ3dvZ3drWFVOc0Q4ZWVESlpqR2VYX0Ria3hsSDZaa29FWFlsNmRJQXptNlc2VGZ1OXFSUTFXaVp5anBzbWdEVGpwYTI1TzN6SDhUZDlVSS1TY1o3aFY1TlRiaF81cXZMWUXSAbQBQVVfeXFMTVhGQXZoUDBaX0JVMkNQRlNwUEVZNUtkOXBLU29ScjRSa21Qb3RtY1FFV3oyY2Nuc1FWZlc5NjJreWY1eHBIc2tDbVV5ckFyb0pXQmd3b2d3a1hVTnNEOGVlREpaakdlWF9EYmt4bEg2WmtvRVhZbDZkSUF6bTZXNlRmdTlxUlExV2laeWpwc21nRFRqcGEyNU8zekg4VGQ5VUktU2NaN2hWNU5UYmhfNXF2TFlF?oc=5,Medida sobre combustível deve custar R$ 7 bi/mês Valor Econômico
Brasil,Búsqueda Valor Econômico (Google News),Valor Econômico,N/A,"Juros, Carga, Tributária, Burocracia, Entraves","Juros, carga tributária e burocracia são entraves para investimento crescer com mais força no Brasil - Valor Econômico",2026-09-10 08:00,https://news.google.com/rss/articles/CBMi6wFBVV95cUxPVFkzWEp3aTlKandTVTlTZ0ptZG9FNjI1d0M3eXMtSXU2R2lOV0VIXzlzV2lsX0NkRjd6eDB2QkRCM0FUbVBSUzJaN2lzZW5RR1R0MUZhUmZiaVFNQkpFTlhWcFBoa1BrRnlIeEVDRXktX1NWQmlMWllLNXRIbG5lYndobHVBa3hRWlZwLTdrRnAxdi0wSmZCaTZiZkZ2QVlGdGZXZmMycHAwTmk3RTltZGR6bzJSczNXTm9QNGNwSWFCeWNnQlJNa1haQVV3MjItVWJ2RjUxTm4zSFlaZzJidVQydGxHeTRjenRF0gH6AUFVX3lxTFBCUC1JbmxuOWxxSERpVVNVMHFESVk3UEpxTjBRMDN0Nm01Mm9sSnNBQUZ5ZTd2MFgxSFFUaE5yMklHbFlOSzE1R3NTXzA0Y1o2QkJaT1dULW9XWHB4VUFfeEl3OFdnTDdnWHFBM056NkVxcC1NZlBHNVU2aGNjeWZ6S3ZOWXdnbEJSZmR4SldacGNHUEdfM0FJMGlPN1dXRDhwODlmd3g4b2dkODF5T2FlYThyYnVoOUtDZXhOT2Rjd2doVXBUMmNhejd5WjBVZ3AzbjQ4LXJsY2x4djlYUjcxYzVaM2E3dVhTOTFkd25oNnhYMzNoOURIbmc?oc=5,"Juros, carga tributária e burocracia são entraves para investimento crescer com mais força no Brasil Valor Econômico"
Brasil,Búsqueda Valor Econômico (Google News),Valor Econômico,N/A,"Curta, Valor",Curta - Valor Econômico,2026-09-10 08:00,https://news.google.com/rss/articles/CBMiekFVX3lxTE1CbFNMU04xSFBlSU5uVjZPc0E0dVlZalVpT1VHUHNEdUs2bDdXMlpFbG05NFJlS3JEVl9kLWNNU3VCQncydWpuQWIteXhFejNaUFBGQmxXaG9ER2ptOEZTOFhjQmQyaEJQQ2I5VlBzZUpWc2hSc3BNTXhB0gGIAUFVX3lxTE0xSWpSMU9ZYVJ1X0VBRF9CRktSeHJyR1RpTUxZWUY0dmszVXJweG5IRjh3V0FBZFJWZzdxVXgtVzVjUm9ObFYtNFdvMV8xV0thc1VOMHplbGR3bTBqYmotR1ZHNjE1ZUdRTHd1bVA3RDVhM29sNW14N1htcEo3S3RWdWVvYTZ3aDk?oc=5,Curta Valor Econômico
Brasil,Búsqueda Valor Econômico (Google News),Valor Econômico,N/A,"Gravações, Expõem, Artimanhas, Criminosos, Brasília",Gravações expõem artimanhas de criminosos em Brasília - Valor Econômico,2026-09-10 08:00,https://news.google.com/rss/articles/CBMirgFBVV95cUxNU0xIVGxfUC1qZDVldkQxOTRWRDRhY3BBRVh4YnNuYmtRS1BCMXdnSEJBcXhQaFJMRkotdFlZc29rRjUtRW9CbzZHUy15ZlUwTC1rdE9kdmVJYU15aGlRRlQzN3ZCN2piSkFSZHFFM2o4T3Bsa0VsWGlyaUlUWTFxZjlMdXlpSTBmUEpKb0s1Smp5NkFRRXhJQk13VGpoQ0NkZEs5c3ZSU0RuYnZfRnfSAbwBQVVfeXFMTVREeEhrV0V2UFJpMnhEUl8ySUlkUUZKbUZ5V3E4bUNrYzFSTUo3elplVFBNenIxcHBuLVowRzkyTzdxdnRGc0lWQUxOdndKUWxnalViNWNBQ1A1ZmNnaFo3NGpqQVhFZXRGVHRqQ0l2MV8xS1RtdDRBTkQ5elIya280TFllUUZsM05kbHBPSHMtbjNGbzVybVA2OHZmZUJSRFpCVWM2VUNRV2tZdktlNGxkMTlGUk1ZUHRFNkg?oc=5,Gravações expõem artimanhas de criminosos em Brasília Valor Econômico
Brasil,Búsqueda Valor Econômico (Google News),Valor Econômico,N/A,"Mantenha, Calma, Freie, Bruscamente, Valor",Mantenha a calma e não freie bruscamente - Valor Econômico,2026-09-10 08:00,https://news.google.com/rss/articles/CBMijwFBVV95cUxQQTJ1NDJPbG9qMGFLQ21RUmtYZmVyUHJ1QkdramNxdXNjc1haYWhyMVNNQ0NZUEdSblB5Y3Y4NjlIRURtMVhaclQyNXpnOUdKVUNxY0NfR3VQemhxeEh6TGlkRldVd0RERllsTkp0X1M3N2FScTlrb193RGc3TU9fbnBBMENqNEVTRUZfVE4zVdIBngFBVV95cUxPUHUwSnpySl9KcHF0LUhURmZMbzA1RER2S2gzM3ZJa182QlBqRWZ3LTNDTmlsRmxOQ3lVX0V2XzFKTk5IUE44WUlWS0hNWlgtNmtRTmN6M0hYUzVIODFWU1JzT0c5MThNVHRqaVZ3RUxUUzNfeUVsc2J1T2NsUFF0d0xKNjJBQVEwRHVmUTZFTEhxclhXYko4R0VOUEN2QQ?oc=5,Mantenha a calma e não freie bruscamente Valor Econômico
Brasil,Búsqueda Valor Econômico (Google News),Valor Econômico,N/A,"Espião, Russo, Contar, Defesa, Mostram","Espião russo diz contar com defesa do PCC, mostram gravações - Valor Econômico",2026-09-10 08:00,https://news.google.com/rss/articles/CBMitgFBVV95cUxOTXZBZXNaN2E0em5JWEVjSXUtZGFXMkZOQW1icEg3NGQ5b2lmMC1ld0xBQU5zYUk5VzdwYy1tbjJGVnlHMDA0QXlkeko3d1FXR3pJbGlsSFBvaGY1QmdTbzRMNlhWQ3prV0VJTUswN2lCeFFQZU5IV3pXb3MxM0xCZ1N1aVc3MnF6bWdSdWtUTUtzelFHdWhiQVptT2tsWHVUQVpPLXNOQ0dMV0ZfTTdUQ1kxOHZud9IBxAFBVV95cUxONkVhOHhZTTRzVGJRa2JvZnltc3Q2SzUycGxud2E1WFpURDN0cEJ6SjZnT21DVndYMGZSYXBzMWxxVXk2U1ZjQ3UwRktya21DaDhvNUhHUWcyakhpczNVSFV5Sm52bFBELXk2QWd1N3E3Y0xYR2ZpamxnUWFNSXRBaHFDcXVUdmZrTmhFY1Rsc01ucU9VNktsRGs4bGhIX0VJQ25SbjZFalBJRkFfa2Z5S1FJVU5RU3loNU9WRmtRWmpvOE5E?oc=5,"Espião russo diz contar com defesa do PCC, mostram gravações Valor Econômico"
Brasil,Búsqueda Petrobras (Google News),Petrobras,N/A,"Petrobras, Eleva, Gasolina, Anula, Redução","Petrobras eleva gasolina em R$ 0,63 e anula redução do governo - Webtv Paracatu",2026-09-10 02:25,https://news.google.com/rss/articles/CBMirAFBVV95cUxQUUZjVXdWUjZ4S2E5Mm9QQkUwUl90UUY4NTdvRnp2Q0U3eHdVNDlMa0xMcVFjb25ta0hzNVlORDNKZk9yS2UtUks1Vm05cDd0ajhGMUtqMU96UEI0aGVhZklLVmZmajVWQkwwQ1piYXNOOVFQNjFIdGJvUXdUUC1MaGRvTmQ5SDdLVGZUN2dEcUF3Yi1RMXF4eHJCUlYxZEVNZ3JaWFh4dXVRRkFq?oc=5,"Petrobras eleva gasolina em R$ 0,63 e anula redução do governo Webtv Paracatu"
Brasil,Búsqueda Petrobras (Google News),Petrobras,N/A,"Petrobras, Anuncia, Aumento, Gasolina, Preço","Petrobras anuncia aumento na gasolina, mas preço não deve ser alterado nas bombas - liberal.com.br",2026-09-10 01:51,https://news.google.com/rss/articles/CBMixgFBVV95cUxNZWNQX0JIMUIxNjBqREJQZS12Rng1aG5YbDVqTUoxeUZvUkx5RTNsRG5IZ2gtR2JvV1E0QUVrYTlZZ041bXp2akxZRG00UlZwRElNSDV6NkJQVFhxRjJ0V1NURzZuUjJtUEdOUElUdVNtQk96Q3lFelZJcF9YQ1d1Z21mcnV1bXI4X3hRYWFHU3lCdW53MWFGQVN5QkM5S0QzeHliNVJJdmR5QnZxWEZ3RWwxMHJtOVhxNkx4VWliREdRWHRXc3c?oc=5,"Petrobras anuncia aumento na gasolina, mas preço não deve ser alterado nas bombas liberal.com.br"
Brasil,Búsqueda Petrobras (Google News),Petrobras,N/A,"Petrobras, Anuncia, Aumento, Litro, Gasolina","Petrobras anuncia aumento de R$ 0,19 por litro na gasolina a partir desta quinta-feira (10) - Times Brasil | CNBC",2026-09-10 01:20,https://news.google.com/rss/articles/CBMikwFBVV95cUxNUE9IMFhtX2xIZGtodF94NzEyekhJTHBZRmFWMGhJLTdHYzMwb1lORHJhRGNpdV84Ym1SMWVTLU9CYlVMOE15TW5lR212QnlqSGhTVHNrQmhCRURvT2JXaEhRUl9PYXd5RWR2UGM4Ti1JT3A3VkJyNUd5dkctVUt4OGczdEVMeGtMYUlTN2FzYjRTc3c?oc=5,"Petrobras anuncia aumento de R$ 0,19 por litro na gasolina a partir desta quinta-feira (10) Times Brasil | CNBC"
Brasil,Búsqueda Valor Econômico (Google News),Valor Econômico,N/A,"Brasil, Atravessam, Fase, Coloca, Prova","Brasil e EUA atravessam fase que coloca à prova longa tradição diplomática, diz embaixadora em Washington - Valor Econômico",2026-09-10 01:19,https://news.google.com/rss/articles/CBMi8gFBVV95cUxNdWZQVTFsVjJOZGVBeVdVNzVVMmpXOG9NcENQXzNjQzFhcHV1OVp5OHlubzNXLVpGeDNvSVNsZy1nX2EzMFktY2N1WGJRLUpyQ1FKbVdXVV9IYUE3aDhmUDh3ckZkSW1XQnYtVzhCVl96aE1CUllCNVRkTjlkYldQQWVNcmNjOGFYM2hxYnFmSGo3UlIzaFhBbGtWcDZ5eXB4XzZyUU10clFkMEdtRXBKTnE2R0Y0YVU4eWRESEx2eHNMOWFFNHBrYWRld2FrcW1KQmtSbEVhdzJRWnd2WERvWXh5OFpmdl9uMldLaHdmenp5UdIBgAJBVV95cUxONWk0U0Q5ZVl3SDRxOE12TWZnejQzeGVMcDA5c1NIeVJOQW5ERXk0TjlVNFlZbmtSN0F3cmR1TVdDYTJ6YUhaYUJwNW13dFRkYkdnMGl3b2xFd2FCU2NldDl2YXk2R0NpWW5QMFg5cnhLc0Q0ZGRiMmlKS0x5aG9YRUdjVVRXcUpUM1FobE1NbThJNFBkcE5zZHB1cHVNMkdzTnp5dEI5SDBkNVhlWWlTRFJrVXo3U3dydWhMbnBSUTZfTklsQ0l5MUNteDVTbnRUMnBuLWZ2dEJ0VlhORUozeW1iVVJzc1MwRzM0dG5GZE14alNkV1lDendCeV9jX0RV?oc=5,"Brasil e EUA atravessam fase que coloca à prova longa tradição diplomática, diz embaixadora em Washington Valor Econômico"
Brasil,Búsqueda Agência Brasil (Google News),Agência Brasil,N/A,"Candidatos, República, Fazem, Campanha, Pelo",Candidatos à Presidência da República fazem campanha pelo país - Agência Brasil,2026-09-10 01:13,https://news.google.com/rss/articles/CBMi1wFBVV95cUxOVC1BelU4cFJja2hnMEw5ekdsdkRSZWNJYnZQamtWaDFtSFVDMXZsak9ITkduTkgtZ29BVzVudUJhY1BEOG00ZU9nRTlobl9jbXJWN1hsNDg2SEZtTXo4VDAwc25DYzdUeUNGeHZ1NGxJUXpNUndtNlRDVnFyUE51THBXVlk3ZHNSVkYwb3lYcWpveE9qQjZoZkFXMGczZXJDLTU3dXNOcWtERFVqMDZ2Zm5VSGNxNlpraWZJWWZUMFUyRHBESkZJaHRMSkZmOWhtMTI2MEFLRQ?oc=5,Candidatos à Presidência da República fazem campanha pelo país Agência Brasil
Brasil,Búsqueda Petrobras (Google News),Petrobras,N/A,"Moretti, Nega, Acordo, Petrobras, Aumento",Moretti nega acordo com Petrobras sobre aumento no preço dos combustíveis - noticiasdoplanalto.com.br,2026-09-10 01:09,https://news.google.com/rss/articles/CBMirAFBVV95cUxPako5b2JVRTAzZjJDdXM5bzZDZFlPc1huU001bVNYczJ3bzA1UzVDOFlYazBDYno1NE9YYTZSUklYZ2dUUGZmaFBZMDR5NktnTmVNYnlSSVphR0M2Yl9zTHBLMzRwaUJoRV81eGRIbWMyNjhfdGlHMFJadFVrVjFwOC12LWJrWkY4U0kyNzhKQ2pWYTdBRXRBWUt1b01ZaGYwQVNKM045emR5NG1n?oc=5,Moretti nega acordo com Petrobras sobre aumento no preço dos combustíveis noticiasdoplanalto.com.br
Brasil,Búsqueda Petrobras (Google News),Petrobras,N/A,"Moretti, Afirma, Petrobras, Decide, Preços",Moretti afirma que Petrobras decide os preços dos combustíveis e não há acordo para reajustes - noticiasdoplanalto.com.br,2026-09-10 00:59,https://news.google.com/rss/articles/CBMixwFBVV95cUxPcTRLcFM2NVRGOVhaek1VU190V0haNmYwejJaYnhIS000M3lJYldmU2g4S095M09HUE1Wc25pWWxYZmo5dlo1OWVHYXVWazlKY3M3TGpOV29NV1lEVGR2ZTFhVVR5SWtxRmtvOHpDcHVxYXdvOEJIeTlsd2s4YnlwV185WUlTY1A2UHFENE9CT214emFtWFhIdWFHT00zSjRxVlJ6bGNsZ2dqTV9jbXpMVjFTM3dwYzlocEFycTNSYzgzNHE5UjRV?oc=5,Moretti afirma que Petrobras decide os preços dos combustíveis e não há acordo para reajustes noticiasdoplanalto.com.br
Brasil,Búsqueda Petrobras (Google News),Petrobras,N/A,"Petrobras, Deve, Retomar, Perfuração, Próxima",Petrobras deve retomar perfuração na próxima semana - Jornal Primeira Página,2026-09-10 00:37,https://news.google.com/rss/articles/CBMimgFBVV95cUxOYnd4Vm80MzFCVnR1NG1Bb1NETHVTTXB1OVRaYy1lU0FSbWEyRFg4R0FNdzBtX1Q3di1waEp3b2RjcTN2ckQxV1hheDlmZXhHR29oMXhJRkl6YUZBcXR3UUtvRm8zS0owUWlQTWsyQzdkcXFFU3hrdU1lZjhQUlB1cWIwM3Q3ekV0V2padGdQN25ESFNuNlBsc2hB?oc=5,Petrobras deve retomar perfuração na próxima semana Jornal Primeira Página
Brasil,Búsqueda Petrobras (Google News),Petrobras,N/A,"Petrobrás, Retira, Desconto, Acrescenta, Aumento","Petrobrás retira desconto de R$ 0,44 e acrescenta aumento de R$ 0,19 no litro da gasolina - ND Mais",2026-09-10 00:35,https://news.google.com/rss/articles/CBMiuAFBVV95cUxNUmNBUnlUQ1hsQkJaRDBhYTdNQkREbGFpMnhiV216bk9JTDFXb2ZqYnRZRWFWcWRJWnMwVm9HYUhLcUVEcDZYX0VaYlp0R2JWR3BheWZrWGp6ek81RkRhQndQZ181bm94LUR2TEFRcUhNcjc4YlhsQUZ6LWhBZy0ydHF5OXFOdUh1eDZTLWFGejZmeWhVYTFzYU0xV25RVFNad2QwY1lUelVqQjhzWnFQQmpjT0RzNDlJ?oc=5,"Petrobrás retira desconto de R$ 0,44 e acrescenta aumento de R$ 0,19 no litro da gasolina ND Mais"
Brasil,Búsqueda Petrobras (Google News),Petrobras,N/A,"Petrobras, Encerra, Desconto, Gasolina, Distribuidoras","Petrobras encerra desconto de R$ 0,44 na gasolina às distribuidoras - Rádio Itatiaia",2026-09-10 00:34,https://news.google.com/rss/articles/CBMilwFBVV95cUxOTVozd3U5VzhGek4tbXNPSy1ad3JHTU41MGtRSkZlTExPdXNEb3pMUkE5UlNvQ1RVUVgwaF9qQWhfZ0NIZEdSQjJtVWozenJWU2tNU2RuLWpUazdPNW8xOF9fTUgtTS1fdl9EYXZmVVRmekRrS1VRZkJxdFdMcjYwb0JXc24zNkUxUXNrRy1LNnl2TDdIUHhN?oc=5,"Petrobras encerra desconto de R$ 0,44 na gasolina às distribuidoras Rádio Itatiaia"
Brasil,Búsqueda Petrobras (Google News),Petrobras,N/A,"Moretti, Afirma, Acordo, Petrobras, Reajuste",Moretti afirma que não há acordo com a Petrobras para reajuste dos combustíveis - Tribuna do Sertão,2026-09-09 23:55,https://news.google.com/rss/articles/CBMi1AFBVV95cUxQejNBQ3FtOWEwQ2NZS0V5Wi1kN3lGOE0wRi1TSjd4WkRScjh5ODlBSy12T3BYMzd0bnFQQ3dZd0pzbGRfWGtBREdYUUhrckpYQklEbTlpc3JNaEY5dmhPMnV2cTRxTERfZHJCM2tEMTl4WjBibF9RMVpzMGdwaHA2ai1LX0dWUTcwN0FrR1pRUnZsaVByNmcwQ01vcy12ZS1lVmsyN25WTGFvNzZ0M1laSVplZzkxWlFtQzJBaVlkRU9RLVRRbDkzQ2Vvc3FWY0pQXzdidQ?oc=5,Moretti afirma que não há acordo com a Petrobras para reajuste dos combustíveis Tribuna do Sertão
Brasil,Búsqueda Petrobras (Google News),Petrobras,N/A,"Petrobras, Anuncia, Desconto, Gasolina, Brasil","Petrobras anuncia fim de desconto de R$ 0,44 da gasolina - CNN Brasil",2026-09-09 23:47,https://news.google.com/rss/articles/CBMilAFBVV95cUxORHhuV0o0eXc1LUlMb3Q4NXVXTEJsb1NQR1VlVURTN0lOZHl5LUlNcXc0cF83OTNxVTJOOTFYcjhWZ29WdzYwenhhb3gwRXBld1FyZERCWDlxMHNybkgxaVBkdENUV2lwSV9BOGNkY2thNjJfYWZCQWRJNWpXM2JyREswbldrX1RtV1U1a0tDY1Ribi00?oc=5,"Petrobras anuncia fim de desconto de R$ 0,44 da gasolina CNN Brasil"
Brasil,Búsqueda Agência Brasil (Google News),Agência Brasil,N/A,"Veja, Quarta, Feira, Presidenciáveis, Brasil",Veja como foi a quarta-feira (9) dos presidenciáveis - Agência Brasil,2026-09-09 23:32,https://news.google.com/rss/articles/CBMiqgFBVV95cUxPVnN0eUtLTVhzM0YtdVMwbVVGMWs3TVhoWm54MVljYmlXdmJBeWxLQWRvZ2R5Z2FBQUoxNkJPZG1UdHhOQUMzbkVjUVY3emZ3NnZrM0sza1VIVlFuSFBMRDBxNUNHLUlsRWZFN1lPaW8xalNSN3BrTnFPNkdZblpVZ0s1a0doVmJ3VXFvRUNnTHlwd2JoejM5QW5oTkU2anVRbzVBZVRrZ01idw?oc=5,Veja como foi a quarta-feira (9) dos presidenciáveis Agência Brasil
Brasil,Búsqueda Agência Brasil (Google News),Agência Brasil,N/A,"Novas, Medidas, Combustíveis, Terão, Impacto",Novas medidas para combustíveis terão impacto de R$ 7 bilhões por mês - Agência Brasil,2026-09-09 23:15,https://news.google.com/rss/articles/CBMixAFBVV95cUxOeDZZRk1iTlk2VzhrdnBtZHp5X2ZvaWtjbjFWU19YODdXRjU5bFNKVFZsVVp5eWU0aGkxRWJtNE5SalNqckQtTVc3QlVvZkwtZHdraVBySjE0ankyalAzanFyTngwaUxOX29qV1RDLXFpc1dPS254b0pacjlVSERSbmgxZ2lzTDV2TTZPcjRVSUNOaVU5Qlk5dUMtbkFtQ3Y5OGRteFgtMURuQWstVS1WZ1pMNE9fdFVRbE9sUU9mQ0VueElN?oc=5,Novas medidas para combustíveis terão impacto de R$ 7 bilhões por mês Agência Brasil
Brasil,Búsqueda Valor Econômico (Google News),Valor Econômico,N/A,"Turismo, Luxo, Impulsiona, Lenc, Maranhenses",Turismo de luxo impulsiona Lençóis Maranhenses - Valor Econômico,2026-09-09 22:42,https://news.google.com/rss/articles/CBMitAFBVV95cUxQZmFiTXQzdEFueFlNMlpkMGNxTURrVVNwVzNncVZNVFR2dmc2WE9yVXZpdWdja3M5ZUNmc2JqTG9PUUF5akp3YmFjbDdxMTV2RmdOVW56SjNrRkd6VHRKYTZpYjlzRXNOSXpKVWYzcFdvWVNaNFpsVHpBaEtKZXh5cGE1U2pnUTQ4V3BidVpILTktV0x2NXowQjZFVEVWbXU5LUJjbzIwem5LdlNMUm9EcFNMMDjSAcMBQVVfeXFMTmlOSUlJVzdZei1IV3hHeGoxTGFCY2tDNDRfZy01SjBtVFpQLU1NZ3F5Wk02Nm1zU3lUVno1cmxFSEV5UUNUbmFBeGRvVmdNUjE0RERBOHEzLXE5Ml8zVnJ1ZXBORnhSSHdvZGFfeWlzMlplSDhERTVlSEJjajM4WGtBX3dTV3BwQWRpUVVQMGhOMmdJbUdqSHlnbHI0VkdBdGU2X2JFdTdWV1RoSkdTYXRNSTFiOHFWd0tlaTdEdk55dnlz?oc=5,Turismo de luxo impulsiona Lençóis Maranhenses Valor Econômico
Brasil,Búsqueda Petrobras (Google News),Petrobras,N/A,"Petrobras, Realizado, Fraturamentos, Hidráulicos, Brasil",Petrobras diz já ter realizado mais de 13 mil fraturamentos hidráulicos no Brasil - Agência eixos,2026-09-09 22:38,https://news.google.com/rss/articles/CBMiygFBVV95cUxNREg4VTM5VnBWb3lJZzBVaUFFNmpuV1ZiUkhLRVYyOVIwYU85c2VZWE9LeGt6dmkwZmxCa0NiX2JvenpRRVpCX0g0UjhXTlFoY01sc3NLb3VJVEJhTHl2OHhTaGpCa0FuM3QzT01KWEF4SWs2TGNUbzdyZ2xUNWYzd0R4dzluc2NBMWJPT0lIMFlON0REVHpHREt5X0lxTW80cTdtcHlsTldmMVB6ZEZ2RTRWeU1PN3ZaOWtsTGZkaG9Pajg0bGQ0c3NB?oc=5,Petrobras diz já ter realizado mais de 13 mil fraturamentos hidráulicos no Brasil Agência eixos
Brasil,Búsqueda Agência Brasil (Google News),Agência Brasil,N/A,"Brasil, Encara, Costa, Rica, Semi",Brasil encara Costa Rica na semi da Copa América de futebol de cegos - Agência Brasil,2026-09-09 22:35,https://news.google.com/rss/articles/CBMixAFBVV95cUxNT2pHVVc4MUcwQjhpNUJqUkpuMUo5V2piQ0ZmbHgwZjNzT1lLcm5PUHdZWXpQc0pGWXZjLVlOLWh6S1N6Z29IcS04c1N5ems0NEhiMnNEZVVpQ0x0NW10Q2RiR2pjVEZBd2s0d2N5dWI3VFhtTXg5NjdEclNGNlVldDNTa1NjVnBGcklEMzhfVy1qdHlPWFRpQUFhMlVCM0swaTBjR3FSbzhNMzFwUG9xakVYVnh1X3A0b1UtcEZleExQUFZi?oc=5,Brasil encara Costa Rica na semi da Copa América de futebol de cegos Agência Brasil
Brasil,Búsqueda Valor Econômico (Google News),Valor Econômico,N/A,"Novas, Medidas, Conter, Alta, Combustíveis",Novas medidas para conter alta dos combustíveis terão impacto de R$ 7 bi por mês - Valor Econômico,2026-09-09 22:32,https://news.google.com/rss/articles/CBMi0AFBVV95cUxNX0FoUDhFR3JYZ2tTVTZXN1NnOUxmWDB3SDg3QjBDYzRyc01pLTB2cWpoNWwwX1hVeHAtNGZQY01sbnlGZGxCLVlzTE14cy1UZ2ZHU2Z6RUVZRVJwMnAxdUFBSExpNXI5RThBTy1NRGwtUXlJXzBrQVBKdUg2T3ZnaUhyZ2piamxzU2NKTGltLWVEblVJeDM2VkFsUHpPcEIwYTdwZzZ0bmhlOWcyUnkySGZsUEhwNWNnQkplaUFnYUFjWWdERkxpeU15ZklERkxD0gHfAUFVX3lxTE1vYUFtaDBrd0w4dTl5Vmd0VGxZS2RPaWlxQ0RoTU0wNG53aHoxMHdEYllMbGk4TjZYNGR5eTRhZlJNMlp5NG5jVGtxTVA2WmdMcTVtWmkwWnQ1MkRoZ0ZYdkx3Z1dkdm0wU21sMWdlZDAySUtYQ1NRVkcwV1FfMFVYcTV6WjV2SnJoNGFDSHRrMGlBOGZjWTU3djRUSHhaVDRFZEZZLU8xYnhCMERSUExSU1hWX1NYdHJwblFrWU5xWkdqam9GYlhtQk9UQ05aVnByN1VhVjQ0eUtqQ2t6Z1k?oc=5,Novas medidas para conter alta dos combustíveis terão impacto de R$ 7 bi por mês Valor Econômico
Brasil,Búsqueda Valor Econômico (Google News),Valor Econômico,N/A,"Expedic, Investigar, Profundezas, Atla, Ntico",Expedição vai investigar as profundezas do Atlântico - Valor Econômico,2026-09-09 22:03,https://news.google.com/rss/articles/CBMivAFBVV95cUxQaF9YUDRXZU5UQWdpcEszZnFzcndDWW5raGowWXBOV1hsendiRGkyTG00cmdsOGtUTTk3STlSMUlsMk42c2s0ZkpGSEltelFxbWp3ZUcyeEl4QjNtRThGSURvWXNlcWNEX2U2LTk3cjJ3eUhGeVItT2VzQXl5UllLWXY1Y3hlMmNsWFQ1RkRKaEFmQ3AzNVFwU2VqU2pTV2h2U2NRektXWUY1cU5rZWxDN1FJcUIxQklkTnoyNNIBywFBVV95cUxQNnFSN0xQNGV2d3hjMDdwUHJvdFB0VlNiclFPS3VUSXRSclM4NlJ0OUstbm5tamczc01NM2IwZUZOQ3lpX0NYZ09JakN6UHdrd1RvdnJyS2tDRVdfSUF4QkdDMWFna3d1c2ZSUWZLSDdkMDdYTElMby1tZkNvUWtQd0xYZUswajl5N3F4MEVxTGt2OXhMQ1FnNjI0VXNfM2h2OGtkSDhTaTZyVlNieHZ4aEJseFVhUS1XNF9BMm9uUV9YSFYwNTMxZHAtcw?oc=5,Expedição vai investigar as profundezas do Atlântico Valor Econômico
Brasil,Búsqueda Agência Brasil (Google News),Agência Brasil,N/A,"Ancelotti, Convoca, Jogadores, Amistosos, Seleção",Ancelotti convoca 26 jogadores para amistosos da Seleção Brasileira - Agência Brasil,2026-09-09 21:46,https://news.google.com/rss/articles/CBMi3gFBVV95cUxObENMZkR4Qk9UVHRBUmtJbVJwN1otR2lkV05TRC1FblQzTFRUMy1VVVBGd08zVnlETXJFUWVHLW5heFExRWdraW1zbENWbjhMR2dZTkdGTmJ1TEt3RmFOMEhkUGNKNGJlelBhT04yTjk4MVlieC1TR2FEU2VSSk9GMEplNDU0c2VqdkRIR3gwNTRyOFIzTUtFZTZDUjk3MEY2aUg3LUNCZGVNT1lWdG9GdWRXTWN1akJ3RjJsZElXWjFOSE03RUMwbWF6VWtBamNfWGRBMXpuYzhvNGE1RFE?oc=5,Ancelotti convoca 26 jogadores para amistosos da Seleção Brasileira Agência Brasil
Brasil,Búsqueda Agência Brasil (Google News),Agência Brasil,N/A,"Recebe, Base, Força, Nacional, Enfrentar",Rio recebe base da Força Nacional do SUS para enfrentar El Niño - Agência Brasil,2026-09-09 21:07,https://news.google.com/rss/articles/CBMixAFBVV95cUxOczhUb3lPMHZ6ZnJ4SVJtOEpDODFYYTQ0VlRMRVdSbFZaY0FIMTc4eElLQkFRel84aGQyeGc2ZnJpclpkNjFBeGpxdUV3dFVDQTFscEs4LTVpd0hqQnZfUWw2U3B5Mjk4SFE2SjliXzVjQUlwYUpBVEJHX2hTajBLUHNtWFdNaVNXdHZqWFBMNVJOdFJLYzhXbFozTHNYTUU3MHhtYkYySlUzNW5qeDJpN1lnaDhZSkVsdGRJUlg5Z21TSUdm?oc=5,Rio recebe base da Força Nacional do SUS para enfrentar El Niño Agência Brasil
Brasil,Búsqueda Agência Brasil (Google News),Agência Brasil,N/A,"Anac, Permite, Voos, Após, Congonhas",Anac permite voos após as 23h em Congonhas em situações excepcionais - Agência Brasil,2026-09-09 20:52,https://news.google.com/rss/articles/CBMivAFBVV95cUxQMkhhc1NCTVUtY0dHOXYybEZiOF9fMFF6VkhKMFFuS09NaTNmYXdXakJYNkJIOWZsMlRtYS1OZnI1ZDFWYzg5UUR2VTZ3RUozZlB3eHZRQzF6NzlHTGwzZHhHSGdWR2dWQXJ1cVRQSEVsemhPX3FtaTdCLTJzcUdId3pLZkZhT1kwbHU3UFNpby1SX2wzcjZpaXVVYXgzR2xHWW9ST0hkV3BwaUJrRVF1d2w4VmtVaFEzX3NEcg?oc=5,Anac permite voos após as 23h em Congonhas em situações excepcionais Agência Brasil
Brasil,Búsqueda Agência Brasil (Google News),Agência Brasil,N/A,"Subsídios, Gasolina, Diesel, Ampliados, Após",Subsídios à gasolina e ao diesel são ampliados após alta do petróleo - Agência Brasil,2026-09-09 19:56,https://news.google.com/rss/articles/CBMiwgFBVV95cUxOT3NpY29ZWlNsVEIwa2JxMU1RUzNGUzRfVXRfZkNRdmxrMDc3d05FcXBsZE4ycHcwT2dRX2VEQnYxX3k0TUUzUFlQbzFvOHN2TE9vRm9COWNvVk13SXBKS3hTMHZZZTdwUWVRV2s3S2RVRlhqMF8wRFFqQXl3akM3TUxWSlRMa3FNVjVhNWVTTmpzQnh4MW1BOE5VRmtVUXhneF95UnN0N0pJRXVuU3ZIMW9RcFVOM3JhdkFkcm1tN2xZZw?oc=5,Subsídios à gasolina e ao diesel são ampliados após alta do petróleo Agência Brasil
Brasil,Búsqueda Agência Brasil (Google News),Agência Brasil,N/A,"Associação, Procuradores, Pede, Moderação, Diante",Associação de procuradores pede moderação diante de crise no STF - Agência Brasil,2026-09-09 19:53,https://news.google.com/rss/articles/CBMivgFBVV95cUxNT2FON2ZFVDFJcmdiclRwek9SOFpxbV9lNzBWa2EzUjMzYmRNc0ItRWpqVEpKU3R1MzhXM2x3SkZSS2gyNV9pNVFmODNlbzV6VzljS181dGJkVkxfaDY4YURyei1wUV9ndEZwVjA4dnVzMFd1Z0hwQkdBQ0tRcmQ2TG9Ud0tvQUdfeXhCd1FCTkxzbTBwSzVOS2V3MFBSNS1TbGgyRTJCTDdPZGxVTUthb0IyVGJYQy1CNzhhMjJB?oc=5,Associação de procuradores pede moderação diante de crise no STF Agência Brasil
Brasil,Búsqueda Valor Econômico (Google News),Valor Econômico,N/A,"Lula, Assina, Decreto, Amplia, Subsídio",Lula assina decreto que amplia subsídio para a gasolina - Valor Econômico,2026-09-09 19:37,https://news.google.com/rss/articles/CBMisAFBVV95cUxPQU1YekZ3VENtRFJJU2dtSkUzSkptczl1Z1Y2SGhZdXhGT2JENEQ5dHRQbmtJeVZLZm5kS055UVlxRURLaDRidEZ1Nzl4T0hOTk1GSWJLOTVfZ0pwUzliaFYxbmhYYlp1Q2tQMUxmLWQ0LVJZeEhudzBMVnRBcl9ua1dla1VuaGpIRXpjSWZWU1p3cWhmQXJVYjctWk90VlJWcENKdm16cFhtcDZ6U1JPd9IBvwFBVV95cUxNR2syMkhQVDVFbGVIRFhQcm05THcwaXZnN1J2TE1hSWJKX0dPUUthWGYyVmpIY2FORVdhVGpQcGo0bTVfU25seXFEckdKMGI4RENBeWV6Nk9KSlhDa2NVVl9qcEZSc2pQNEZBNGdXcFRyREhzdmxCRmdlT1pUcEdkeFgzYjI3N0tjYTcyNFpYQ0xOY2dNdXdYSlBlQjNiT0JGbjBRWHpaMkF0Si0yQURQcGh4ODU0NS1UUnpvVl90SQ?oc=5,Lula assina decreto que amplia subsídio para a gasolina Valor Econômico
Brasil,Búsqueda Agência Brasil (Google News),Agência Brasil,N/A,"Autismo, Médica, Lista, Estratégias, Ajudam",Autismo: médica lista estratégias que ajudam no atendimento a crianças - Agência Brasil,2026-09-09 19:34,https://news.google.com/rss/articles/CBMivwFBVV95cUxQekdPYUgwZ2ZScnU3M2t4WTNLX2xYX1JnaHY5a1QxZVhDcEJaeVFHem9HVU84QXFWMTkzaFA1aWgyaW5SMld2MU1tRUVhYmptaWxlTVROOVFCdFBtd0xZVjBUd0JnaHdUV240bW1CbUhvWmZYNzlacnBwR1lBeVF4OFRVaEhmb0Z0VDNhM3MtTWVhUTBCWGJJQU5uRTI2TmdadXg3UUxKTHVGYzRlUHJjOW5HUHBtRzhyZkJ3c0cyMA?oc=5,Autismo: médica lista estratégias que ajudam no atendimento a crianças Agência Brasil
Brasil,Búsqueda Agência Brasil (Google News),Agência Brasil,N/A,"Paulo, Confirma, Novos, Casos, Sarampo",São Paulo confirma novos casos de sarampo; total chega a 30 - Agência Brasil,2026-09-09 19:16,https://news.google.com/rss/articles/CBMiowFBVV95cUxNUjJTWm9PRENaZ2F3TkpHcGFad1MyZnRrVnVfcjE0V2R4a3B0UzZvck1VdmJkTV9ncVk1bnBWRmVFdXQ2blBLamNHUzN5cEdMWHhjMllpMzkybURpUlNMdHlfU1ZQZ0dyWmJOUEUzbmpvX0RLVUdud2VPTWZxdE9QMWdtSk5rNUtySC1JSWltdnVLZ2d4X1A4QTVtblFoeTNfSHlj?oc=5,São Paulo confirma novos casos de sarampo; total chega a 30 Agência Brasil
Brasil,Búsqueda ANEEL (Google News),ANEEL,N/A,"Milhões, Geradores, Norte, Terão, Antecipação","Geradores do Norte terão antecipação de R$ 308,4 milhões para estocar 42 milhões de litros - Brasil 247",2026-09-09 19:14,https://news.google.com/rss/articles/CBMiwgFBVV95cUxNRFZlVXQ2Mnc2Vk9Mb2hRR18zX0N5TmtwMnJSN0VieHBUVlMzamR6Q3BvYXBKMU9qcHVPVlItdHJFSExGM2lFV0ttUlpyb09sZFZubHJZS2lQQVJoWXpWNnd1ZHY3VS1QUVhlWFNUaW5lbWZwQXJtVnYxQ195aDR2VF9LQTNVVm9sdk5mVW1OUUVvbE9CZ2p0Q3NtRUVtS2ZEeVV6WlVUM1p2cFRnaTRIVXRZMkN4SzNjd1NJNFRpRkdQUQ?oc=5,"Geradores do Norte terão antecipação de R$ 308,4 milhões para estocar 42 milhões de litros Brasil 247"
Brasil,Búsqueda Valor Econômico (Google News),Valor Econômico,N/A,"Susep, Autoriza, Primeira, Operação, Ressegurador",Susep autoriza primeira operação de ressegurador chinês no Brasil - Valor Econômico,2026-09-09 19:12,https://news.google.com/rss/articles/CBMivAFBVV95cUxNRG9oWUxoSHN2V2o0bVF2MzJ0enFpZ0NwbGdNblB4UncxN3JLc1pNemtKcEM2OU5NM3NWR3JjVUhyQ3k5eVZVcHUzdWlYUGVaTkRmMmI4NHhXSDdYRHZxZVlwRzlCeFZhQkdESGQ1b2xjbTVWRHlNOXV0SzEteTFzY2Z6QXdvd2xRWXZTNF9XazAtV2t0QmJ4Rl9ISjZFTGdYRW0tUlJCSXotQ0prUUVOSkFObUNhU0NCdi1UYtIBywFBVV95cUxPSEpyLXdGcFVXS25GT1lJd09LbDEtbzJyRV96MDFsUWhhYTVxWDFEZk5LcWZ5UVM5ZmhRN0V3U0ZXYWdoOVRZc2w4bEZGRFVzNUZITjRWUV9vaDFzUFkyOTZkdnM1TUhMQTVMeENCUzJyWkQ2MmVBVGhmQmdSTExBRDI0bGJWQU1SbEgweVlxaHQ4cVNyOEFZcy1ObWJ5LXhDWmNhYkRjVzIxbHZOMkVXMHFhWFpnYnVtOGxPTk1vdEdEaWljdVFObm1jNA?oc=5,Susep autoriza primeira operação de ressegurador chinês no Brasil Valor Econômico
Brasil,Búsqueda Valor Econômico (Google News),Valor Econômico,N/A,"Brasil, Lidera, Mineração, Irregular, Criptomoedas",Brasil lidera mineração irregular de criptomoedas na América Latina; monero é principal alvo - Valor Econômico,2026-09-09 19:03,https://news.google.com/rss/articles/CBMi7gFBVV95cUxQQ2tUVjdzSnRlMTVONld1YTlzNWZremVaSEZIbFpBMTNCOVNMU3VWMkYxbUhyUzZGMU1wcWhpbDVGakZUOGtqenNPbGl0Q0FIZFVHVHd4M2NuTVI2QmJualRrcXVDSzlsX19IRHVyeXQ3NHlNZnNTYklnZl9QSC1FOWdLSjVDSlR4TnplY1ZkRi01ekNHMnRveWI4RE4weFBaSy1Iempnd3J3WXo5SW54dlpSeUdPWnhqcHF2RllWWjZFc2M1NV9hWUNLV0tuSWtSbS1lSlVFZ1k4bGpfOVBFMWVDMk1RV21FVW0wbDlR0gH8AUFVX3lxTE5HNU1OVHFpQ3Y2akVydThoS0tjTV91Y2ctVlR6UW5Ja01oakhCX2NFLWJlMFVjZmp6QngwNldwSWhFRG5UY041THBCN2F6N0doMEZiVnRPaVpaYUZwV1lkbENmS2RDVXlrYzFvSXU3NmREbEZwVXBuVUpDS09tRWJFNktaczN0SGxDUmd2eW5aakhNdlgtd0YzSDlwdW43TnMyWEtkaFJaVnlmLXFZcDJaTkFkbEJxaFNKTGhvZ04zZmdRSWV4V0MwNW5pOS1YQUJmYVZSWmF6UmpTSzN1dk5TbmxzUFpoVHgtSTllQVVjdjZkandReF9sS19yMA?oc=5,Brasil lidera mineração irregular de criptomoedas na América Latina; monero é principal alvo Valor Econômico
Brasil,Búsqueda Valor Econômico (Google News),Valor Econômico,N/A,"Índice, Commodities, Sobe, Agosto, Valor","Índice de Commodities do BC sobe 3,61% em agosto - Valor Econômico",2026-09-09 18:06,https://news.google.com/rss/articles/CBMirgFBVV95cUxOQVNCSGxRM2JrbnlYaEZ1NFR3QVVGZUVVOURVRVUtUm9mY3dMZnR6UHY4TGVwZFB3ek9SN29uekxWZExEeXlFUzF2TVdfVmFVUVJwTzA5bnRWNmtNa0VHNHBsbFd3RlVRLVRQUlNaUC00UzRDdGg4c1NndDRuQmFNRndjLTBZRVY5X0UzYmctVElEcUs3ckxfdE1aT2J2SlBtdWdJcXVURXFUNFVLM0HSAbwBQVVfeXFMUEliS2pSYWMyajRUQ0FOSGtnNUppaWtfcE0zdzMyRVotdk54NktfekxBa2hkS0Z6SlBEVnI1dzVoY2ZJSnZfXzhvQXp4VXBlZmhUclJyTEtMazZpV3dzNzBqWC14UDM3UFBuaHBBaHltXzZxaldWc0xLLVpRbjFxcnBZSkVDSndPQ2hITTR2X2pCVXFsSzk4V2RxcVd5MmdWUHFWLUF0cU1Pd0NBaVJpT2FibVdjVnktdFhUalY?oc=5,"Índice de Commodities do BC sobe 3,61% em agosto Valor Econômico"
Brasil,Búsqueda Agência Brasil (Google News),Agência Brasil,N/A,"Entidades, Científicas, Cobram, Apuração, Rigorosa",Entidades científicas cobram apuração rigorosa de crise no STF - Agência Brasil,2026-09-09 17:34,https://news.google.com/rss/articles/CBMiuwFBVV95cUxPSGNpb1VvUDdseWIxRTVVQ3NfWWVMck1ISlEwLWVJZzRPZnhCNlhvY01xT1ZsenVIV0ZmOFo1YmxmcWJ3MGh0YVJZTkplcm5ETFNwRDFQbkFYMk9ycU55NGhIbHhSMDlFOEMtb09jaUwxMjRYbVhRdlduQ29ReGlQWFBQXzZ3S0gzVkRwc2JIcHFxeGZQOHQ4N004WjhjYWJUQW56eTBNbkN2dzJuaFdOeUF3bWo1dWFjVl9J?oc=5,Entidades científicas cobram apuração rigorosa de crise no STF Agência Brasil
Brasil,Búsqueda Petrobras (Google News),Petrobras,N/A,"Renan, Santos, Privatização, Petrobrás, Jornal",Renan Santos é contra a privatização da Petrobrás - Jornal de Beltrão,2026-09-09 17:15,https://news.google.com/rss/articles/CBMilAFBVV95cUxQZFItVWhBX0NSQU9RVlBKaWlrRWcwdFNjY212WnFtS2JXdUJEODdob0syYmRFbFI5Mkx3TTVYUVQzeWljcEhvRnFfY3R3TlZyTVpncTRkSm1pNDBJVlFiTFhoVE9pWFozMUUxelgwS2hUZW5qd1Z5aUtBTzhVOVM2dUQ4cWt0cFRDdmk0ZXNUUjJibFZp?oc=5,Renan Santos é contra a privatização da Petrobrás Jornal de Beltrão
Brasil,Búsqueda Agência Brasil (Google News),Agência Brasil,N/A,"Combustíveis, Agricultura, Familiar, Recebem, Quase",Combustíveis e agricultura familiar recebem quase R$ 7 bi em créditos - Agência Brasil,2026-09-09 16:06,https://news.google.com/rss/articles/CBMixAFBVV95cUxNR2gyZElnbGdWdm8wemNGMU9nLTVael8zR2FPMlNaWi13V3JwUjNkNkQ2Wmd1dkl3cXJiLW9ZeDhXNm5XVEVGbU9tREsyOHhES3gzQmR0YlRLSEQtNUZ4STk4SXRYUU83VTlsekhyYlBVdXl3NUNYUVFYWm9BX2FmM3dSMjRLbW9WLU9OLW9xenltUUV5TG5RWUFxUHBZanNkVmlQcE9LN1IwQUdTX0xCbE02ZDVSWE9paWpxd1F4Q2lMOXVK?oc=5,Combustíveis e agricultura familiar recebem quase R$ 7 bi em créditos Agência Brasil
Brasil,Búsqueda Agência Brasil (Google News),Agência Brasil,N/A,"Novo, Computador, Educacional, Passa, Usado",Novo computador quântico educacional passa a ser usado no Senai - Agência Brasil,2026-09-09 15:22,https://news.google.com/rss/articles/CBMiuwFBVV95cUxNMWhraEEtVC1qYU1vUnRNLV8ydFBJbWJNT3R0VmEzTVpCUnpsclMwSUt6bElQekg3M292VDZsYnlyVVQxc21VaUtEbEl3Q1ROdlJXUjZVN3E4TnFJamw1VnVBVXAtX2Nib0VWbG15T2R0bW1yX1RhR2RpZElCWDdEazlNUmVEejVZdFFib1hGVmZ0eFNqSmlnc3BSMkV4d2xBOWVheF9HMGlCSGYyc2c3M0gtWVBMNjJYVnJZ?oc=5,Novo computador quântico educacional passa a ser usado no Senai Agência Brasil
Brasil,Búsqueda Valor Econômico (Google News),Valor Econômico,N/A,"Polpanorte, Feito, Brasil, Lançam, Collab",Polpanorte e feito brasil lançam collab de beleza - Valor Econômico,2026-09-09 14:33,https://news.google.com/rss/articles/CBMiuAFBVV95cUxOaS1ZUXRBSGZLY3lfRklfVHhnZTduX2RFSHUwYnR0azhwblRMbmhDRUQ4ZWdGYlRIcjBRNkdQNnhOMUtDNXRTQVFyVUZIcTYwT2xhbHl0M3VMTGRPLU52MEN4Z1RuVTIwQVRlWXV2YWVFNmxOUHY2MlJjc3NRVTE3Yl9raHJoX3FZdkI0ZDFaSUxxbkdYeE5qU0RUMGk0eUNlRkdSYlhrRTNDOW8ybHZHVnFDdWcxRVRr?oc=5,Polpanorte e feito brasil lançam collab de beleza Valor Econômico
Brasil,Búsqueda Valor Econômico (Google News),Valor Econômico,N/A,"Caiado, Situação, Brasil, Apodrecimento, Generalizado",Caiado diz que situação no Brasil é de 'apodrecimento generalizado' após crise no STF - Valor Econômico,2026-09-09 14:23,https://news.google.com/rss/articles/CBMizAFBVV95cUxNUElBbllSQXpCMDVvbGo4ZUIyMUJZQUUwOHlhbUJSWlJxNHpLUGZoX3A2WkVuNW1MUGpEcmtyd25xSktDQkRidDJFUFpjTm1vaVYxMjgzVnQ4T1lZaE55eVJGZ0kzcDdfRTktaUxNVDRmU1RWYjc3eHcxMFVtSkgteHRIWXdHNUZkSzVkZ045d1d5SFlaX2tyejNNSHlBdE1RR2dOaWtZN05KZjQtLW4zR1JxdnJ3Q3FVOC1pcm9Ra05Wc3NDenFMOGhyZ1bSAdsBQVVfeXFMTnZ4c3NQek9vdDlXcndyY1JFOWkxSmhzZGxGeWM4eThfSUNTWERwRmRkU0ZlWUJPenRGTlE5RkdKdllKWW5zb1prb0tjOHZCMUU4aDVsQk5vdFN6dThzY0tiU05hc2JVZ1phTU1JakVTUzBhc0dOSlNKb3JDWXhfMEF5ZUJyajREQ2g0NG1HYklIb0VvQTEtZDU0V3BCYm90bEh6Um5zS3RGS19LNEJFUFVScExLLUdrUlEtQzAyaUZvUS1mcURXRTU2Ti1PWTUwTG5URUlEdXQ3NGt3?oc=5,Caiado diz que situação no Brasil é de 'apodrecimento generalizado' após crise no STF Valor Econômico
Brasil,Búsqueda Valor Econômico (Google News),Valor Econômico,N/A,"Brasil, Entra, Grupo, Global, Expansa",Brasil entra no grupo global de expansão do biometano - Valor Econômico,2026-09-09 14:17,https://news.google.com/rss/articles/CBMivgFBVV95cUxQMHE3bldhbm44U3FIVU5CalJBcUJaN1VUQTJRT1NqdU1IQ2lqXzhla0pOeFl0VFhJZWp5MzFjekE1aXVsZWFpZGJaLW9LLUFLdVc3VzEwSzlmVjhqakNCYWtIOVhhbHhEOTJOUzBxMVVDakZDbzc0ZEM0dG5EWnRES2JKbXFjYmdZbkZQdGhmMnB0YzkwWUU4dnNXX29PeFN5RlNYRUdfeW1QNVUwWFJjVmhKaUd4eEo1VkluUW1R0gHMAUFVX3lxTE9IVE9CM1BoUU5vTnY1di1Jb0t3OFlWdTc1SHdZWTZVMGJ2RHZGOTNIREo4cXN5cW16WTE3Z29SWnM2V0pLLVl0Nm1haFNKRzBWeXZCaEwwek9DckZfOFh3MFhoeXZ1YXEyeFBVeWx0UVNJY1pBeHg5SkZsV0JNYXA2WjRHWFNjanJqajBWMDhEU1l0RFpFTC1QeEFDUzlTLVhhdzdEdVhndzQ0OXpBMmp3RHhvcUFlQUYzd3k1UmhXQkRkLXNEbmh3ZWxLVQ?oc=5,Brasil entra no grupo global de expansão do biometano Valor Econômico
Brasil,Búsqueda Agência Brasil (Google News),Agência Brasil,N/A,"Brasil, Quase, Pessoas, Espera, Transplante",Brasil tem quase 38 mil pessoas à espera de transplante de córnea - Agência Brasil,2026-09-09 14:04,https://news.google.com/rss/articles/CBMiugFBVV95cUxNbHZEVjRBRW9YM0JqVjVmWGhaREdFM29GbnhPdzE0dUFSQ0JkV195LVo3OW10bHVySC1lNHNfYTFaZlhZUWNjOWVZZ01rRnRqSVVqX19zTVhFRVdTSjVaWFBwSDk0dmhaNDBQQWRESGc4UXhhNGpDUGFpS2RVbjdSSm1wZm1RbzZsRnN2ZjluSEJhS2RhQ2VUd1pfVGtJb19JY01qVDgtdFg0cW9GVW45ckdWS1RhSUw0SWc?oc=5,Brasil tem quase 38 mil pessoas à espera de transplante de córnea Agência Brasil
Brasil,Búsqueda Agência Brasil (Google News),Agência Brasil,N/A,"Cada, Cinco, Estudantes, Apostas, Online","Um em cada cinco estudantes já fez apostas online, mostra pesquisa - Agência Brasil",2026-09-09 14:02,https://news.google.com/rss/articles/CBMiwAFBVV95cUxNQ0dVeGVjeDVMcEJ4TFhXWDFPYUhXSjBDazdLejFvZWtNeEtwa1U5MHR5ZUVMRjh0NFFsWTdDbU5HMkdwU2pDLW5qUHRFWFk1cHhhRUUwbVpWTHZZeVU1SUY0NjFlbHZIR0ZhT2F1UDRtejJkdkp0bkt5Uk9zMUZhdUkwZjB0M1JOMWhqdXJMdmRlYXpqRUF4b2RZX1AteC1iR3pLcTNTVUZkeFJrcV9yUWN1OFVtalRxMFJwVlhhdjc?oc=5,"Um em cada cinco estudantes já fez apostas online, mostra pesquisa Agência Brasil"
Brasil,Búsqueda Agência Brasil (Google News),Agência Brasil,N/A,"Governo, Identifica, Médicos, Falsos, Youtube",Governo identifica 97 médicos falsos de IA no Youtube e aciona Google - Agência Brasil,2026-09-09 13:18,https://news.google.com/rss/articles/CBMixAFBVV95cUxPVFE2bTFDQk9YT2p1RjZWQ1I4dS1NeFlLZHU3MVVsaDlpc0IwY0Rad1Fpb0xqV05Ob0lsMzRsNTdnd05lWDBTY3JDMU9HWjcyU2NzRGhiYnFTQ3hicmliQ01NeGV2bGE0MWd3aDBJbF9VTnJ0RHVucGdUaGVZWlB6WDN6YXRqREdveDM4NVgyd2gwUHBMd3U0WVBKdkdUb3lDVEVJbzB5bUx1ZXI5dmtLTXo4YVlYSjFkYUpNbGJsUG1iR1lW?oc=5,Governo identifica 97 médicos falsos de IA no Youtube e aciona Google Agência Brasil
Brasil,Búsqueda ANEEL (Google News),ANEEL,N/A,"Aneel, Antecipa, Evitar, Falta, Combustíveis",Aneel antecipa R$ 308 mi para evitar falta de combustíveis no Amazonas - Poder360,2026-09-09 13:15,https://news.google.com/rss/articles/CBMiswFBVV95cUxOQ1RPTDJXSnhFdDlUeEl3cGR3WkdvZDNQd010MDN3LXp4eFFBSmc2YWVxS1JRc2hFM3c5UVJyTVRqUFZxaWhISUNVeldYTjVSbDF5UU15UWVWMXotQ1Y1Y2R1Y2J2dm9mblFXT0ZOYXRXZ1pvYzhkNWo0X20xYkNYNU9Va1AxRlc5SG56NGhpbVZJZ2NzaWhfYnp5Vlp5X0tpUTN4OEFHYTNNU1JjZ2h1YU50aw?oc=5,Aneel antecipa R$ 308 mi para evitar falta de combustíveis no Amazonas Poder360
Brasil,Búsqueda Agência Brasil (Google News),Agência Brasil,N/A,"Comissão, Verdade, Indígena, Será, Tema",Comissão da Verdade Indígena será tema de audiência na Câmara - Agência Brasil,2026-09-09 11:45,https://news.google.com/rss/articles/CBMiuwFBVV95cUxPWTRNTWRZM3Ytd1c2NURGVExQX0RWSHIxa0hBVEdVaFNHcjZ1V0N1V2dwcTF5SEdpa0tJMnFDX3hPVnpPemFXNDdqUmpqWjBqNThfUUE4N0p5QVNUX0lsMnNuZ1Z2MjkzaE5tVEUwMFdySGNHVmdaR0FRN3hDSERBWWVIem9uV2Z1VUthX3BrM0k2eC1aMjVHZFpTQ2xncnVvQ3dCam9XTkdUc2x3ZjJ2ZEZJaU9aQ256OW5J?oc=5,Comissão da Verdade Indígena será tema de audiência na Câmara Agência Brasil
Brasil,Búsqueda MME (Google News),MME,Eletricidade,"Devora, Eletricidade, Ásia, Antecipa, Desafio",IA devora eletricidade na Ásia e antecipa desafio bilionário para o Redata - Capital Digital,2026-09-09 11:37,https://news.google.com/rss/articles/CBMiqAFBVV95cUxONUdFM295UXRXOFRBbncyMnBUcnhyVXpQb2F6S24wdHdZb1B1UncxemVjUEc4UnFqakdzOGdSUFkxSVNXWjRPRGFfQUdvZV9NWDh2SXpycHRXeVBOaGZaOXktLUctd0ZKc2dBaG5pTzZNWjg4S0V6QTdFZGVaLVRyNU9FOFhTamlHQUllNks5ajVqdC1TSDk2WHZHTWtNMTFRX3o2bW5tNmk?oc=5,IA devora eletricidade na Ásia e antecipa desafio bilionário para o Redata Capital Digital
Brasil,Búsqueda ANEEL (Google News),ANEEL,"Energia, Transmissão","Aneel, Abre, Consulta, Novo, Leilão",ANEEL abre consulta para novo leilão de transmissão; certame terá baterias pela 1ª vez; veja o Radar Energia XP | Setembro - XP Investimentos,2026-09-09 10:56,https://news.google.com/rss/articles/CBMi-AFBVV95cUxOTV9yS0pfd2FYeXlxM3l0dGVCTC1HQjhMTFpmZW16NWlPN0FfNXZjb2k4QUpqdVc2aGdyQ2g4Vzc2cFpuRDR6RjRmMDBHQ214UjBSUG9rVzJvMVc0TWxiRS1JRG90a0ZjdGJLRU11NDllOTUwVTJkRGhDMmpLR2JQbW1taHFMVUloZmlSMXNkQm5XSjdaY281VDdhel82NVJZako1SWFYUVhrSko1ZzBFb2FHYzlJT3Z5MmZFWWd4eXNuVDN4U1c2eHN5X0Fpd09BQzlPS3hZRGVOOXkwVVU1SHZEOEREeG5BZmgzemZyWW1mdlFVZUY1SQ?oc=5,ANEEL abre consulta para novo leilão de transmissão; certame terá baterias pela 1ª vez; veja o Radar Energia XP | Setembro XP Investimentos
Brasil,Búsqueda ANEEL (Google News),ANEEL,Energia,"Equatorial, Orienta, Clientes, Economizar, Energia",Equatorial orienta clientes sobre como economizar energia durante período com bandeira amarela - obidos.net.br,2026-09-09 10:46,https://news.google.com/rss/articles/CBMi3AFBVV95cUxNTUhYdEZoOTg5d1p6cUZ3ZUdEbFdYRXlpR3lJWXE1MHNJbl9haThZOGhiOFByeksyX3VGekNxMENrTWp4eEV3MzFYZ2Z4cW1kS3hqWGhQOC0xUzA5MnlIeFNmc1NTUXg5eUVRTmtJLWk1WGJSd010cjhyaXdkbWdpa2J6MG9SU0E2UHcwaEFURVlIdmZSRGdZS05vY3Uwa0J2cXFOZ2pzY09hSHZTNUxvei1sTnRvTktLYk9zYWFhWFcxQ09uQkx4TWx6ckpMYjdOclZ5Wk81a1J6WWxK?oc=5,Equatorial orienta clientes sobre como economizar energia durante período com bandeira amarela obidos.net.br
Brasil,Búsqueda Agência Brasil (Google News),Agência Brasil,N/A,"Luisa, Stefani, Semifinais, Open, Sobe",Luisa Stefani vai às semifinais do US Open e sobe no ranking mundial - Agência Brasil,2026-09-09 10:02,https://news.google.com/rss/articles/CBMiwAFBVV95cUxQeklCOUlhT0RIWndheWtiT3RUSFE3Vy1YTGVxZGtvSmNnNjhET1FMOGZRQzItZTEwVFRvSEdrWlJTZE00VjhFb0FJejNjelk0eW5tLVBTQnR3YU44anBPYXpqdTBVYThtVmRSTHBldmxxb2pHWWZfQi1VOXVEMk9OM1c4S1c0M3cyUG1JVl9udjROT0tEYXNxbjhTNVdWYW45V2RXSnpqbjFjNmc1akFleWl3VHc1TEVkdXlLajlNYXk?oc=5,Luisa Stefani vai às semifinais do US Open e sobe no ranking mundial Agência Brasil
Brasil,Búsqueda Valor Econômico (Google News),Valor Econômico,N/A,"Classe, Brasil, Troca, Estabilidade, Empreendedorismo","Classe C do Brasil troca estabilidade por empreendedorismo, diz fundador do Instituto Locomotiva - Valor Econômico",2026-09-09 08:04,https://news.google.com/rss/articles/CBMi4wFBVV95cUxNcHlCamNxRFhreEtpaFhWc1NJNzdic2dqaGJlYVh2cC15Z182dHRsTjRmTXcyckhBWkRfa1FHZ2g5OVdFRkRuLTBsVGxCOHd3aFdtaVZHRlZiNllKb1VzTzFMaDdORkhpMGJseVhLNnAyeTZERXZDaUpTeXNIVm5QbnpwRTc4anZzNTg2SUVGQTkwd0FNYWZKUHhQTUl4c0RFMWlNOU5pSE9QQjRHMW9jTHdSdVBHTmFrZDZqaGxhaGFGM0g0V2ltQV9JUnZpRGJGc015aUM3SDJyYmpGTlZZTEFSY9IB8gFBVV95cUxNX0JRdk1NTk93aHBNYTFtalZfRVZUbldsOU50S016MTdxeVpYS01mOXlIOW13bHRQTHQzNEtfc1JrQnN1ZURObGJYYnVGV2NCOHdiYm9xejFDRlRaNnB2RmUxVTVvTWd1aUpka0NmdjNYUnoyak9LYXcxQUFPQnVhTDdiWXhaaXFMR3VCNGtVQnhJYWRDTHRRcE9MWXRSYnJqTWYxRjU0S0hBczhMU1NtbjZ6Sl9QTWZVN29HVEJRVVpRd2YxbS13YjdFay11dFN2eU5kU2hFUTJtcXNJUkxEVEpXZGZOOGk0RzBxSU9rbzhFQQ?oc=5,"Classe C do Brasil troca estabilidade por empreendedorismo, diz fundador do Instituto Locomotiva Valor Econômico"
Brasil,Búsqueda ANEEL (Google News),ANEEL,N/A,"Aneel, Financeiro, Térmicas, Amazonas, Valor",Aneel dá fôlego financeiro para térmicas do Amazonas - Valor Econômico,2026-09-09 08:00,https://news.google.com/rss/articles/CBMirAFBVV95cUxPUS0xTC1YRWk5UFRSV3dzN2FLekdCbnYzVmQxQkV0T3A5MzdvdlZQVnNjTUkwaFAxazRMTVpfanFPLWJzSUNWNGpscWZDUUx0YjA5emZsQmxTVXhtY05QNVV4cUxXSWozeTVjUjNwTWpTbkxnb2dVcHV3ZFJ5V3VEX2FlN0wwcTJscDAyOHNmenNNcGR2eDBtdWVUN05ZNHhJTEMyTWtFOW9mX3M50gG7AUFVX3lxTE1mMlVjNU9FNG9JTUtHaEw5UzNYN3g2SHJ1OVJzaTVuWWZMX2gwNDhfYmJ3NTZxS3hkZUR5SjRIQmhfTkY2b1RGOHhSSDdybTZuSEZiQTV6QzVhaThsZVJ0OHFTVzdmdmJfalhFWjhpZHlsRFVUUzh0RGdMSDFRLVkyN1RNTEx2aEpfaVpYZ0NhcVNSRVQtQTdrWDlKVWV6TzBMc3R2Vl8yNVZoam54SF9xV3VWNjBPanlyYzA?oc=5,Aneel dá fôlego financeiro para térmicas do Amazonas Valor Econômico
Brasil,Búsqueda Valor Econômico (Google News),Valor Econômico,N/A,"Curtas, Valor",Curtas - Valor Econômico,2026-09-09 08:00,https://news.google.com/rss/articles/CBMie0FVX3lxTE04d1RMQmpIejFCUS00RS1BN0sxOEh4cDBxd2xiSFYyLS1LQVZreXFkOEFwcG13ZUxRWFYtN0loZmZhVk1ad3hiRkJHR3RoaURsaUYyODl6bEF0MWpIVVpFYjNfejlGZXZGeFYwMkNYMVUwRnlpU2pPZEhKNNIBigFBVV95cUxOQ3JITmZIVFFCd0xmWDkzeDd5cWtfdVJpWW9ZZUIwai02V0l3c0Vaa09sNnhCWHBVclgwWV9WdGN5VVRpYUpEanV2OWRuTXEwSXUzbmlPcjRremRybjJBaEc1M1RiTFI3UlNVZWNzN0VSVmZnZHVKMTh3QkQ0ajRjQzNTUllXcHlRSVE?oc=5,Curtas Valor Econômico
Brasil,Búsqueda Valor Econômico (Google News),Valor Econômico,N/A,"Curtas, Valor",Curtas - Valor Econômico,2026-09-09 08:00,https://news.google.com/rss/articles/CBMiigFBVV95cUxOQ3JITmZIVFFCd0xmWDkzeDd5cWtfdVJpWW9ZZUIwai02V0l3c0Vaa09sNnhCWHBVclgwWV9WdGN5VVRpYUpEanV2OWRuTXEwSXUzbmlPcjRremRybjJBaEc1M1RiTFI3UlNVZWNzN0VSVmZnZHVKMTh3QkQ0ajRjQzNTUllXcHlRSVHSAYoBQVVfeXFMTkNySE5mSFRRQndMZlg5M3g3eXFrX3VSaVlvWWVCMGotNldJd3NFWmtPbDZ4QlhwVXJYMFlfVnRjeVVUaWFKRGp1djlkbk1xMEl1M25pT3I0a3pkcm4yQWhHNTNUYkxSN1JTVWVjczdFUlZmZ2R1SjE4d0JENGo0Y0MzU1JZV3B5UUlR?oc=5,Curtas Valor Econômico
Brasil,Búsqueda Valor Econômico (Google News),Valor Econômico,N/A,"Economia, Circular, Escala, Logística, Valor",Economia circular não escala sem logística - Valor Econômico,2026-09-09 08:00,https://news.google.com/rss/articles/CBMikAFBVV95cUxPMEFkSHloQ2pwektnU2czYl8tMXJwVmdzazc3R2EzOTNibTE5bWNQU0tzLUFBUWlEWlpieUY5Z0R0YXB5Z3hNUnlvbjFQeDcycU92WjVQbkV4XzF0Zm1VQUVSM0oyZ19seE5CandoUjVXemRCZUUtUHh3bHZraW1wMFpZblIyTmlNRVlzS2szclXSAZ8BQVVfeXFMTjkycm44bi0zRDZFa3I0X0NZMmFjMXJYaUFMUDhPUVFBbURkdmlWYzdYUDZOeEE2MXplN0w3LUU2U250SVV0Vl8xMV9CSkxJVm9kMmxKakVPeEJWejlrZHZRSElNLXluS1JqZUIwa2pnczI5dlliektORXktV3AtMHFubDZ3WUNyODl3RGlUQmJ2eWtKYm1CNHlxQUpKemJv?oc=5,Economia circular não escala sem logística Valor Econômico
Brasil,Búsqueda Valor Econômico (Google News),Valor Econômico,N/A,"Ganho, Logístico, Risco, Saída, Pacífico",Ganho logístico e risco na saída para o Pacífico - Valor Econômico,2026-09-09 08:00,https://news.google.com/rss/articles/CBMilwFBVV95cUxPSVpBQ0pfckxwdXQwQy1nV0w3czNWdUIwcm1RenFBNGgzM2tSR2RJakgwWFUtUkRQQy1wNFdtOENFVUkwMVNVazdidjNXWWJMbmRjODhsYlRNNmpKWmFFT29aNFdOQmJ5Y2ZsblZPdVYyV2xtR0EzTUhPU3pjY3V0N2ZVS1FhMTE3R1daYVVPNXJpOFJtYWIw0gGmAUFVX3lxTE1CTTVBN2tCZ2Q3c01kWUpCRXBBc2dpTllfVGFuRjZwVWMwSzdLdEdNa3phN2s2UmZRcWluRVB0MWwwT2h0TWItekZybUY2N0xWaVVsNnVBYUJoOXdLOHhjMWZxd0NKN1VXMzQ4MVJUM1hnM1pldEh4bE1nTUx6M2gzdE1jWHFJZG1jTVFqMEJMRmNJbXJfQzlhUlpIdzFnNmd4anplcGc?oc=5,Ganho logístico e risco na saída para o Pacífico Valor Econômico
Brasil,Búsqueda Valor Econômico (Google News),Valor Econômico,N/A,"Transição, Energética, Oportunidade, Brasil, Valor",Transição energética: oportunidade para o Brasil - Valor Econômico,2026-09-09 08:00,https://news.google.com/rss/articles/CBMimAFBVV95cUxQcG5pZjczSG1fUG9kdV9lRGFHeHZqNEZ3TlhyblNXbktSQnNWdFd1Z2o1ZmJ4MXhLeHh5RlcwNm5OYXdaWHd5WFlscVlsOVZZNXBPS2ZfNDBBM0F6RzBuX09UTzczVkk0bk1BUFNINWYwOFpKZlNNVE4tX1lfMWJnM3d0Yk9XTy11S2s0ZDI4LTIzQjQ3blhZTNIBpwFBVV95cUxNcmJBSmhjTzR6Q1dETm14cEYtRTZNZDRBX0xsNGs3dER6R2ZQWmx0amRuSjNDR29TMUQ2NHpmM2cyUk9ybXRnZlBiR3p5RGg1WkZMU3d2bmFxcFM5QkliN05oQWIzekRNdWw1enlhM3lQT2NtaVo3Uk1ibWg0RmJqdmcxam9IN29PaWVvQ0RTcHFTbnpRcVZYTGdpUVpxdTBBNnQydjVQZw?oc=5,Transição energética: oportunidade para o Brasil Valor Econômico
Brasil,Búsqueda Valor Econômico (Google News),Valor Econômico,N/A,"Pisa, Mostra, Década, Estagnação, Ensino",Pisa mostra uma década de estagnação no ensino no Brasil - Valor Econômico,2026-09-09 08:00,https://news.google.com/rss/articles/CBMisgFBVV95cUxNdGs4TUxIVU1xeFdNQzNTV19zNm1Db05LUE5HVFd5R0RFUGhTLXQzTGc3ZTVpYUtmVGRqU1BqMWpRaXBmS1dpSGRtbjhGTFdpQ3BPQW5GVVotdkpBbjE1V1FoNE5NQmFidVFEV3hjTE9BaWJ2VE9jTm5MRUZSaFVadDR3QzVVNVdDS05GREZHWVF2c2xQVVBZeVpZMTdhTy1YNlpYNnBCWjJ3aXF2Y2FRUER30gHAAUFVX3lxTE80c1lMcWtHRVlibVA4QmtYdVpHVTJMbXpWVG5XeE5xZlNrUzNRM0VVYlNzWGtLcHMwMkNpSDdjcW0wUEdPLWJ6RkZoTEVPYVNURldHRlcxTXFaOXhIRDE5Y2pxaGEtNnJ5bEdHT1hyLXJleGtQbVNtWVBpZklaeVNxSk0tX3k0R1c5VGdBaTJZZlF4dG1ZZFM5SXU5eEFrWXpoOUhDTW1fTFZ2RE9TWEJrTS1RVk5hR0ltTWJVSWU5Uw?oc=5,Pisa mostra uma década de estagnação no ensino no Brasil Valor Econômico
Brasil,Búsqueda Valor Econômico (Google News),Valor Econômico,N/A,"Aprendizagem, Recua, Países, Ricos, Estaciona",Aprendizagem recua nos países ricos e estaciona no Brasil - Valor Econômico,2026-09-09 03:00,https://news.google.com/rss/articles/CBMipAFBVV95cUxOYk9RNmpzTF9VTjFZREVjeVBuTnFUTVBoS1J4MFBfUURIRXdkbnJ4bGhINk9PRVRXZXBpMXp0YldNZ2JDOTlMNTVPd2lzT2NnLVhkM0pmQ1JDcVBvZ3F3NnJLQzVhSkJteFk2dmpiblpjT1RDRnN0cGEzSjRuZjV4V2RIMmM3U080VnZVSlpRUEtrekJsSU8wdnZGTG5lUS0yaEUwZtIBswFBVV95cUxPekdlXzRLLUNvbDlYMjYwbHZqR0Y5alE1VzZDc1BZa0hub3hFaG94N0RyZDQ3Rl9PZ0s1WnRrUDhMcXE3Nm9uY1lfUVh6RzV3ZEEySFFmVHVVSmZiU1Vhd1pNS0VNU3hXVzJYVVBXV1UzWUtZVkJWc0x1Y1I3Ymo5U2RQejdRTUFrUEFVcngyVXc3d2JUSm1ETXRlRklmSUxzNVlqQjE5VTFCbl8tRmo5UVd3aw?oc=5,Aprendizagem recua nos países ricos e estaciona no Brasil Valor Econômico
Brasil,Búsqueda BNDES (Google News),BNDES,N/A,"Bndes, Aprova, Milhões, Projeto, Terras","BNDES aprova R$ 77,5 milhões para projeto de terras-raras em MG - Poder360",2026-09-09 01:45,https://news.google.com/rss/articles/CBMingFBVV95cUxPYWFWQWJLckFyOEtfYjRHckdiSXlwUHdsNEhCbWVPSHFQdHlsNFZXYURuY1YwaG9KNEw1MkdXMW54aUl3YVQ0WTlHd0c2NVdNams3cDhBSExjQTJzVXRfUFJPUUVFaTczOXA1X1NxUlNfOHV3ck9SQnpkdE9NMl81Skh6LVNIMFBOUHQ4dE42T3RZN0RpYUp0RUFZOXc5QQ?oc=5,"BNDES aprova R$ 77,5 milhões para projeto de terras-raras em MG Poder360"
Brasil,Búsqueda Valor Econômico (Google News),Valor Econômico,N/A,"Valor, Campeãs",Valor 1000: As campeãs de 2026 - Valor Econômico,2026-09-09 01:09,https://news.google.com/rss/articles/CBMikwFBVV95cUxQMWp0MmxNcTZKek1Nd0hZdU9zYzZKeXJEV2VIUEE0eFpFdGhhTzBNa1R1d1VuQm1Zb3dkdzFhc2RCbHZQU2VxbmFkeXVzdXNVTm5GNmp1SGtSbzNhUm9oWWJIbDIya0F6SG41OWZDeGloSlBkR2J1d0lITFFSaGJhSTF4S0NqV1ZUano0dDNTUkVkMXPSAaIBQVVfeXFMUEdiaGRBajZEYU8wc1RKMk85TnFYbER4R2Z1b0pTOFFLS2VBZkxJN21mUWRYRlU0VlNQRWtsWnBaME5XdmJhbXhIRG9ob3BxQXlQRkU5ZFNtcmVEN2hTUmZpV05GY0xjeE5pb2l6eXRiY1p6dm1Jd1RSOGs1N2hZMndyb0JMd05iSVl0Mm1MVFhXeG9xWnJaNUZIaWl0cDVVRHNn?oc=5,Valor 1000: As campeãs de 2026 Valor Econômico
Brasil,Búsqueda BNDES (Google News),BNDES,N/A,"Bndes, Aprova, Recursospara, Centro, Pesquisaem",BNDES aprova recursospara centro de pesquisaem terras raras em MG - jornalcruzeiro.com.br,2026-09-09 01:04,https://news.google.com/rss/articles/CBMizwFBVV95cUxPYWZhUktkVEp3Z1dnRE1Na3lxaXJCN0R0Q0NVNGlhYVN1dmtIMnZlaUhzV21aT2F1aVRZeG1TaXJPalc5c2NtTGRsYkswQW1ZeDAtTG1GT2JuU1JzemVrQ1VGbGozNU5zRlVaWmpsWUxlcFFxNUUtSVJwSERfdWpuZjB1aWNUaF80MlJhYlI0U1NoTlNuQXMyeDJNY29ITURKX3Z1bTlNd1NmUkU5aFphWWZBcUVhQ0JObTY2YmpNUEVPWm05cGtDcE1JWW5yYUXSAdQBQVVfeXFMT2QzeTk0emVkeWxhVExsSHVqLW1HWXRGMGtWRko2TnA3NWlsWTRHN0JBWDZGQW1INzljVnh6aDQ4WUttWENIUFJtT1lRV2lsZm12NUY0SzhNRUIwdmx2RDVldmNWS0JXTjBwd2k1aW9la1htYWg0WW16RjNzMTdMVnF6TEp1dzQ3LXpNZklGcDNLY01JMzlLS0d4STlwcTVPVUg3M0w2c0NyT1h4dUJjU0dabGQ3cHZ1ZGw5cXFrR3BEOWlmOVBreS0tZ0lSaks2WVAxSjg?oc=5,BNDES aprova recursospara centro de pesquisaem terras raras em MG jornalcruzeiro.com.br
Brasil,Búsqueda Agência Brasil (Google News),Agência Brasil,N/A,"Brasil, Supera, Venezuela, Estreia, Americano",Brasil supera Venezuela em estreia no Sul-Americano de vôlei feminino - Agência Brasil,2026-09-09 00:46,https://news.google.com/rss/articles/CBMixgFBVV95cUxNeEpfdkpMOWNVZ3FLRE1OdzdONGswVDc2WEZzQzN5Mmx1QXpHQ2VwREhVaHJyWkt3Qm5vVnBHaEU0RWhfd1NGVEx6WlNYZWZFTHh0NXYwS3phS2ViZ3hhU05SNVUtTGVwR1ZCb1pWTHYzZVdGODZad012a28yUUFHRWNDS3NLcUxyMm5BSU1nY04ySXRYOWEtcGpsUENVc3I4RGRIRDlqWG9QaGRyZjJvVWhxSUVRd2wzbUlvYkc1U2hrUlN2ZEE?oc=5,Brasil supera Venezuela em estreia no Sul-Americano de vôlei feminino Agência Brasil
Brasil,Búsqueda Agência Brasil (Google News),Agência Brasil,N/A,"Dólar, Atinge, Menor, Valor, Brasil","Dólar cai a R$ 5,08 e atinge menor valor em um mês - Agência Brasil",2026-09-08 22:50,https://news.google.com/rss/articles/CBMipwFBVV95cUxNMF9RNzA3Y2t3aVpJZnc1T3g1X2tyWk1RVW1SUUlZVVlMOUUtc2pxdG54MXQ3c2NqbTg1eG9PMmx0Sk5fbERPekd4OTg3TXRYNm1SRGkwM21JdWVHRXJYU01GaEd6T1NIRk1VeU1BRUNhal9nOW1MY2kyUGxDd0JHVndYYjVlZkNIemlkMkNYQmhoWVhsb3JvaWljenpCa1BTVzhMMExGWQ?oc=5,"Dólar cai a R$ 5,08 e atinge menor valor em um mês Agência Brasil"
Brasil,Búsqueda BNDES (Google News),BNDES,N/A,"Bndes, Libera, Milhões, Projeto, Terras","BNDES libera R$ 77,5 milhões para projeto de terras raras em Minas Gerais - Tribuna do Sertão",2026-09-08 22:24,https://news.google.com/rss/articles/CBMiygFBVV95cUxQclZfMDB5c3FxVUZOWnFFOXhfcm9tZ2hJb21qUlZJUHlsdEtTUkt0Z0QxWE43aG9lZHpHb1hFZUNJRzFvSlczeS1qZldjdUZ3VGMybER1RDJvVWRZeGNXWXVvWjFJTGk3YmpYaFNRM2E1cDBLYUgxb2psdkVxNFBsbXhuM2pmS3doMXF1TEZBWEtNSjk1TlRVTnhVamd5QWRaTkdGVkNfYllGejhFZmhVdDN1MGhWd19mY0ZYYlpNNjBXZHpXS3h2cDBR?oc=5,"BNDES libera R$ 77,5 milhões para projeto de terras raras em Minas Gerais Tribuna do Sertão"
Brasil,Búsqueda BNDES (Google News),BNDES,N/A,"Bndes, Destina, Milhões, Restauração, Territórios","BNDES destina R$ 235,8 milhões à restauração e a territórios quilombolas na Amazônia Legal - Brasil 247",2026-09-08 21:30,https://news.google.com/rss/articles/CBMizwFBVV95cUxOUUtsNlVXSlVVS3BvaTVjSnY0ekw4QzBicV9XN1hRWjktRFlTRXJwRVBRdFdtVmVIT09lZnFZZE1UZy1LcVVfSEZSYWoxQU1CQnpiY2tCTmZjdWlidEFtS1A1S0doQ2xObkVjN3VzREttUVAtSFdkLXViRXBHallqMk8yMFJ2c0thQXUwT2R4M3JwTXRkbGlQUUdDbEEydzZlRjIyS21iYXFraExRNVYtTndwUkc3SjNJSFN0dXE5cU9xY1ZZVHRaOWM5V2x1czA?oc=5,"BNDES destina R$ 235,8 milhões à restauração e a territórios quilombolas na Amazônia Legal Brasil 247"
Brasil,Búsqueda Petrobras (Google News),Petrobras,N/A,"Quanto, Vale, Amazonas, Petrobras, Contas",Quanto vale a Foz do Amazonas para a Petrobras? As contas do Scotiabank - Brazil Journal,2026-09-08 20:43,https://news.google.com/rss/articles/CBMingFBVV95cUxNemRkanRyeGF0TTgyclgzazZ2TGZFaW91ZDNyaDM0d0VqUVVyek5Pa0R0ZFd3MTRUSm5NS202TmZRb3Qwa09PQ080SFNkLXo0N2dqdldHT2xNSzhtMERIeVdNQzNVUzZZZkZtdnFPLWlGOXN4N3Nmb1FNQzhsR0lJejNWZXhWZGI5TnlKeldHTVBxNi00czBQOE5jWUZ3Zw?oc=5,Quanto vale a Foz do Amazonas para a Petrobras? As contas do Scotiabank Brazil Journal
Brasil,Búsqueda Petrobras (Google News),Petrobras,N/A,"Lula, Afirma, Tecnologia, Petrobras, Garante",Lula afirma que tecnologia da Petrobras garante segurança na exploração da Margem Equatorial - Brasil 247,2026-09-08 20:07,https://news.google.com/rss/articles/CBMi0wFBVV95cUxPdHlKN3Y0Z3dHQ21TNzRWM3BUbGhtUkxDQzFOUzFGQkRJZS0xOFdKeTgweFpTa2J4VGJ3U0trQnozT20zRTFvMHJ3M3BTN3R4bUtTaFZBMmhndUdMTFBrcVRoMmlGNWE3dGNpekd3ZjdsMU1IZHN0M2twcXBWS0Vlanh6WVFmVURxaE5FbjNZM19LVWZpMnVjRWVzM2tOTjFyM3hPYUFNV3ZPUXRNWXQwOWpKVEwwdEVKQkN4UjBoRGlkcDBha1hyVnpEUEFFQmRvVEpZ?oc=5,Lula afirma que tecnologia da Petrobras garante segurança na exploração da Margem Equatorial Brasil 247
Brasil,Búsqueda ANEEL (Google News),ANEEL,N/A,"Aneel, Adia, Decisão, Compartilhamento, Marca",Aneel adia decisão sobre compartilhamento de marca por distribuidoras e comercializadoras - Valor Econômico,2026-09-08 19:58,https://news.google.com/rss/articles/CBMi3AFBVV95cUxQcUswOFVqek9KNGpPYmk5c3pyZWJzbmZGWWRPMFBkUUNxcnBZa0hPSVFxUm5yRnY0SjlLWFRIcU80VXhSR2d2WWZZVXROeEVCRXRYVkNBSFdVbmFpOG9vcGc0YkdPLTFTWFNmY1hWamdvcGdYM1ZrY3R4cGMySVlFd3pqZktiRENoWTlUNzZ0MmNvdXQ4VEo2X2k2ajFnNUVNVnVjVktUemJ3S0oxMzZaOHgySTJJTTc2Z0lDQW5ZZVJUdnZiZ3NEaS1EVEdWZmlpWVdEU2doM010d3Ix0gHrAUFVX3lxTFBNSWF6NEVXbUhxNFlITW9FUW0yb3VJakRpRnVGSnN4cFlLYUNPeFFwbDFVYkd2NzYzTGlPd2h4NHZGWE5KOTRiYnljVDAwUDh0S0JybVVFUWI1cXNueXpBalVmNXoybVdXejV3MXRHdnZNSXBmbjhuRTJUUHNhY3QxbDRxM0tjcWI1eWFoMnhrS2xTUmRNZ1pnZ2F5dnZuNnk4TmZlWjh2T0prSUNSWWI2QnVUeE9kWjZGbF9BZWpYMGNPbFNsREF3ZjFFZEZxQ3E4T0hoWjdlNkpVVWNkOWNaRzJ6MkpmNXlTWWM?oc=5,Aneel adia decisão sobre compartilhamento de marca por distribuidoras e comercializadoras Valor Econômico
Brasil,Búsqueda Petrobras (Google News),Petrobras,N/A,"Petrobras, Deve, Retomar, Perfuração, Margem",Petrobras deve retomar a perfuração na Margem Equatorial no início da próxima semana - Brasil 247,2026-09-08 19:58,https://news.google.com/rss/articles/CBMiwAFBVV95cUxOMVBzSVhvTFdSZU91WV9mazBoYVkteHZuTHJjXzF3Q0NwNUlxY2h6VXZZaXAzMWxHNzhGa1Y1cDN4TXI4eUZMY2RCVEJDZndQdWtLYk5ydFU5MmxCaE9JbjBDc0VVbUwwVHNEOWRBOUhtLXQ5R3B1R3lfbDFQLU1UcnhublVQa3VPeF84SGhqOFFqb1dlYnk3VG16Qi1QX0Q1b1E1dm0yQjVhV2dhMDYzQkFLd2tzTTZreENDMTJTTjg?oc=5,Petrobras deve retomar a perfuração na Margem Equatorial no início da próxima semana Brasil 247
Brasil,Búsqueda EPE (Google News),EPE,Energia,"Diretor, Representará, Brasil, Evento, Energia",Diretor da EPE representará Brasil em evento de energia digital na China - O TEMPO,2026-09-08 19:46,https://news.google.com/rss/articles/CBMitwFBVV95cUxON05iMHlmTjEzMms5bGp6M1k5d2NBTEZzQnNsU3o0Nm1fQWNMNGg2ZGhXWTlFcHRoTy1qZ0FPemJfc2hPdmpHbkpJUTRJVnY4OVZhRUMzQzZWLTl4R0NqRHFac3o1aXh1cE04Ql81MUFmdmJRYV9rNDlmLXZ1S0FBdDdqanhuelZlSExXU2hPSzZqNFAxdUpRTjhHcHVsZVRNZE5KYld6eTB6YW9kT29CcUIxN3MySEnSAbwBQVVfeXFMTi1SX0ZXcnNrbVhxNlBMaXJVQWJzWjRBS0p2bjl0clBZZTBNRTlUZWhhNlVnVnRndmR1OXhhOG9EVmFqZDlEYWMtYXUxcV9qRTNlNU1ZaE1ST0MtcnRGNTJXT3BHMk4yekc0QURmOGN2VjVyR2NtdzRQVGJXTFl4aTFzcW1mQmdjRTBzVERCQ0wtdXBKb1pvRTNuNmZvamFPM2VfVmg5anRZejJRRmExZWZKbm1uMXFZWmVwdG8?oc=5,Diretor da EPE representará Brasil em evento de energia digital na China O TEMPO
Brasil,Búsqueda ANEEL (Google News),ANEEL,N/A,"Diretora, Aneel, Propõe, Permitir, Mesma",Diretora da Aneel propõe permitir uso de mesma marca por distribuidora e comercializadora na abertura do mercado - Valor Econômico,2026-09-08 19:25,https://news.google.com/rss/articles/CBMiigJBVV95cUxPLVNqY0hYYmJiWGh2Vkl5TDNNa3JWX25sbklXcmM4N3p0NE9xUHhzd1FFN1NGRUdlSnhRWWhhS1A0RXZlWVF3TVNGNjY1enFPV016elJ2RFVzMjlPSEZQdUhsZW1CUmIxdHZmM041N3l0ZVNLbHc0RzZjaFBQNUZ5elNWQVlmT3l2UjdhNDFqMWlHckxTY2t1bm9qVVNQSE1fTklpNGE2TEIwdEpMTUtaTHVsc0lYdkJHd09sdkVoQ1picjdVaFdmamFwYVpJdW9jQ2Y1RWZwWktxX2UweGQyakVKOFFVSnR4cmdLQWJLQVlRRHRzUFMxTV9TTGhvZk13RlJ0XzBHLTdpQdIBigJBVV95cUxPLVNqY0hYYmJiWGh2Vkl5TDNNa3JWX25sbklXcmM4N3p0NE9xUHhzd1FFN1NGRUdlSnhRWWhhS1A0RXZlWVF3TVNGNjY1enFPV016elJ2RFVzMjlPSEZQdUhsZW1CUmIxdHZmM041N3l0ZVNLbHc0RzZjaFBQNUZ5elNWQVlmT3l2UjdhNDFqMWlHckxTY2t1bm9qVVNQSE1fTklpNGE2TEIwdEpMTUtaTHVsc0lYdkJHd09sdkVoQ1picjdVaFdmamFwYVpJdW9jQ2Y1RWZwWktxX2UweGQyakVKOFFVSnR4cmdLQWJLQVlRRHRzUFMxTV9TTGhvZk13RlJ0XzBHLTdpQQ?oc=5,Diretora da Aneel propõe permitir uso de mesma marca por distribuidora e comercializadora na abertura do mercado Valor Econômico
Brasil,Búsqueda Valor Econômico (Google News),Valor Econômico,N/A,"Qual, Próximo, Feriado, Valor",Qual é o próximo feriado em 2026? - Valor Econômico,2026-09-08 19:18,https://news.google.com/rss/articles/CBMikgFBVV95cUxOM2JCWmlEZktuVnVJdUFrQXdEUVg5aWVjZ0hKbWJxQ2I5MWw3a2FwbVJMeEVmUW4wQWxGZnYwcktRSVBwVWFIVGFhWUVyek1BU3BwN0ZPVFJHNTdxaVVfaFZ4b29tREYtNzVxbXBNbEstbWpxWlRxZExueDBLa2VzMUxaS09QTTM5NlV5eXJOaEU3UdIBoAFBVV95cUxPS2I5WENmdDBCRkt4MEZrNmVmSnYtSkRFWmpNb2hWcERtWE14NG5jRkphUUxLVEs0U0hScWFsZ1lHNnF1bnRkYUdBakdRMFg3ZkR4ejl6Z3Y0ZDNIaDlQbDVaUlRSc2hBVnFPX2swT0xRUFo0QXF6dHhDS0FBZG1hYkhNSVNwUXRyWXB3djQyU2VWM1FsMXc1Q3lTekZDNS1m?oc=5,Qual é o próximo feriado em 2026? Valor Econômico
Brasil,Búsqueda BNDES (Google News),BNDES,N/A,"Comunicação, Bndes, Aprova, Milhões, Centro","Agência de Comunicação - BNDES aprova R$ 77,5 milhões para centro de terras raras da Viridis em MG - Estadão Blue Studio",2026-09-08 19:01,https://news.google.com/rss/articles/CBMi5gFBVV95cUxQNVczTHpOWHp6MTd2Ym9Ha19jMklyYlZBWUdseHgtbF8wcUhRU3k4bVZIMzFKSWVsSDIwS0g5c216a0JsQ3ZhalZFdjlscTVKR0FZcFhvY0pZZnF3Si1oWHJmVmNHQ2VqSjVDWjlnUmZCNG84OGJIVzZFMzhieXU3Um8wbm1ZcDRMYzRqNXpJWEk0akRJRFFydHF6Q25FQmpJaEJDc0RyRXZWb1VqUWpuOTAySDZFbV9nS0xHNFVma1A1OWxaLUJRWjNVckVCZzRVc2NhNEJfaThwWkl2aDY5Y0Q1Z3NOdw?oc=5,"Agência de Comunicação - BNDES aprova R$ 77,5 milhões para centro de terras raras da Viridis em MG Estadão Blue Studio"
Brasil,Búsqueda ANEEL (Google News),ANEEL,N/A,"Leilão, Aneel, Obras, Ligam, Brasil",Leilão da Aneel: obras em MS ligam Brasil à Bolívia - Campo Grande News,2026-09-08 18:56,https://news.google.com/rss/articles/CBMivwFBVV95cUxOZFdrNDVUWkNJT3g4bWpFTXV6SXZhRHhoWWY5Qnh0NnVpeTJqTVB5SV9peVM0WFlZSmZLclJxUEdKZXNyQUtPaHljQmptU3llV2JHUHpzNUIxNWNiNy1QYXk3YlZWeHNIQUpFZ0ZmakphWWhEZkxwNEY4aVIxaEstNEVYU3A1QkhVWjI1eTBaOTVaNUZwLThpZ3lHSWYzUWZSSmNVcHdwZGNMV0RjUk5INUdQNmowcjdvSTFuMTdzb9IBvwFBVV95cUxOZFdrNDVUWkNJT3g4bWpFTXV6SXZhRHhoWWY5Qnh0NnVpeTJqTVB5SV9peVM0WFlZSmZLclJxUEdKZXNyQUtPaHljQmptU3llV2JHUHpzNUIxNWNiNy1QYXk3YlZWeHNIQUpFZ0ZmakphWWhEZkxwNEY4aVIxaEstNEVYU3A1QkhVWjI1eTBaOTVaNUZwLThpZ3lHSWYzUWZSSmNVcHdwZGNMV0RjUk5INUdQNmowcjdvSTFuMTdzbw?oc=5,Leilão da Aneel: obras em MS ligam Brasil à Bolívia Campo Grande News
Brasil,Búsqueda BNDES (Google News),BNDES,N/A,"Bndes, Aprova, Viridis, Processar, Terras","BNDES aprova R$ 77,5 mi para Viridis processar terras raras em Poços de Caldas (MG) - Revista O Empreiteiro",2026-09-08 18:53,https://news.google.com/rss/articles/CBMickFVX3lxTFBZT3VtLXpKQUZNNTl2bHVlc0k5aTFhRHpXZ2pWT19Nb0VNTW53eUtCSWVkRzlOaUFmb0RxNFc2UVAzZFJpRmJiaW1NZ0dYVzVnQmpEVWhFdTU0NFlIQ0JrZ2FRZlpETFBHRDhwRVZQU0NPUQ?oc=5,"BNDES aprova R$ 77,5 mi para Viridis processar terras raras em Poços de Caldas (MG) Revista O Empreiteiro"
Brasil,Búsqueda ANEEL (Google News),ANEEL,Transmissão,"Aneel, Prepara, Leilão, Transmissão, Bilhões","Aneel prepara leilão de transmissão para 2027 com R$ 12,9 bilhões em projetos - Times Brasil | CNBC",2026-09-08 18:52,https://news.google.com/rss/articles/CBMitwFBVV95cUxNbjdGQWV3VVBJVmJpdXRubVhXQ0M1S1NGcEJFOWw5T3BtX1FmQWFQOS1GWWRMV0VIdHFnRncxdnpPQ2k2eHVQRlRreTlMa2o4WUNFR1pkVjh6a1duRU9HdV83NVFtNUdmYVU5N21DN1c0dFBZbVI0aEpnTXVMZy14UU05ajNRT050WHZubUo1ZVR6U3lEZm5kaFpNY1VLdUZCTGNUU0FTdlhxbDhQb0R3WTBlT0JQMTA?oc=5,"Aneel prepara leilão de transmissão para 2027 com R$ 12,9 bilhões em projetos Times Brasil | CNBC"
Brasil,Búsqueda BNDES (Google News),BNDES,N/A,"Bndes, Libera, Milhões, Projeto, Terras","BNDES libera R$ 77,5 milhões para projeto de terras raras em MG - BPMoney",2026-09-08 18:24,https://news.google.com/rss/articles/CBMimgFBVV95cUxNQnM4OG9YNFViMno5WkFVUnVnaWh6UGIyTjFkSU1lSE5Wc0lacXJrZmF0Z0pGM1hsQ0RDSFNjRHdZcjQ3SzUzbGRfMjBkbW5oRHhpczd2cll6OEdjZVpXR1BiS1BXbmxDWDFTd0J1bGNzUFhKeGJUZ1ZLT0lrVnZ2QTJ2VnRUTFk2RVBqR25sMTUxcVYxRkRYbmFR?oc=5,"BNDES libera R$ 77,5 milhões para projeto de terras raras em MG BPMoney"
Brasil,Búsqueda ANEEL (Google News),ANEEL,Transmissão,"Aneel, Bilhões, Investimentos, Leilão, Transmissão","Aneel prevê R$ 12,9 bilhões em investimentos para o leilão de transmissão elétrica de 2027 - Brasil 247",2026-09-08 17:44,https://news.google.com/rss/articles/CBMivwFBVV95cUxPa2VJazRaRUlNUGpScExtMW9Sc29DajJpNW9sakNlVy1DVWtGUy1CczZidVphVUt3QWF4LWdLR2FBUzRJLXR5NV9LR3M5SzBETjdzbDVHMHA2MFFhTDQ2Y01BVXJsLTR2dWdVbHI5QWNfdm1JUXdxLWs0bGthdTIzNU1LRC1lTzlGajFjbzBXZzVLVU54QmhxRU1NR0tLYnZUNVZRNXFHb1VibzZxQS02RDRuVkFkeEI5OU5PeHhRbw?oc=5,"Aneel prevê R$ 12,9 bilhões em investimentos para o leilão de transmissão elétrica de 2027 Brasil 247"
Brasil,Búsqueda BNDES (Google News),BNDES,N/A,"Bndes, Aprova, Projeto, Minerais, Críticos","BNDES aprova R$ 77,5 mi para projeto de minerais críticos da Viridis - noticiasdoplanalto.com.br",2026-09-08 17:05,https://news.google.com/rss/articles/CBMiowFBVV95cUxPbC1LQTVVMkcxalBwLXZma1J0TGhzelIxNTd2WWptcWFVX2pVdFBpQ1YzMjMyWXVMc2xZdzgxVzZFdWNtc1dSWHJIQmYwUWJHQlRXaHd2OUE4c1gzUXh2WWMyS016VzcxNDUtYlhCU3ljZ1FKX3dnemlHUDc4SDQ2LVRFYklHakNUcURTajViQjdkenU5dDE2UU5RUEZTaUJkaVln?oc=5,"BNDES aprova R$ 77,5 mi para projeto de minerais críticos da Viridis noticiasdoplanalto.com.br"
Brasil,Búsqueda BNDES (Google News),BNDES,N/A,"Bndes, Libera, Viridis, Chamada, Minerais","BNDES libera R$ 77,5 mi para Viridis em chamada para minerais críticos com Finep - infomoney.com.br",2026-09-08 16:51,https://news.google.com/rss/articles/CBMitgFBVV95cUxNU2piWGFSOWVBTmRacGV5VlRkV1FYek81VkIyWkNqaWdfNkd1R0xiU0RPazUyVXVXSktLbVZVUkd3X2NqeHEyY3Y0d08zU0dzY1I5RmdnRHVBZmRCcVpPcENvRXE1ZWp6SVRGMVE3UktFRGZOMEhmSnNDTEFXblNzTFBLc3JqSi1QaHZObnNMbmxHSkkxVENVckhkcjQ4OUZoMHkzXzNlUTBMQTVXVnZXOFZfMnJVZ9IBuwFBVV95cUxQZldkSkJPaGRvclN1NFN3Rk5abnN5T1FFWVZRRHJsYnliTkd6SlRlS0JSakowb09pWkxuRmhkSWJhOWpNX0FLRGlFdGFlV19DdnYxdHlkdGpHQVpyNjI1XzRkejRGbjdreFp6R3YxTlBTekpVMGd0R3dZUmJWLVlPLV9SWkFOY3hkVzNYekxHS1FGWmF5eFBTLWRlRExoUExJeG1Fdkg5c2ZKdXRrdVBkX00wMkh3cXNHR1JJ?oc=5,"BNDES libera R$ 77,5 mi para Viridis em chamada para minerais críticos com Finep infomoney.com.br"
Brasil,Búsqueda Valor Econômico (Google News),Valor Econômico,N/A,"Estudo, Loupit, Aponta, Brasil, Travel",Estudo da Loupit aponta: Brasil tem 225 travel techs - Valor Econômico,2026-09-08 16:35,https://news.google.com/rss/articles/CBMixAFBVV95cUxOVFlDOHIyMTM1dS1QQ0h0Ym05LTVrM19vcmpRa0FPQXFnWlYtdmRkQ0U1ejUyWXBKbjdqVmNHTnVHRzNPQk93QXQ2RGdRWGhkbzF3Wmxzd2tkUEZ3UmtJR28zdWFJQWlxZGtTNVd1ajNOczJlY3V6RTRyTEpwRkN1WXR5ejJ3VDdobjhDRWphMXI3UFdLcnZJVkRmUVE3dExNc1lIZHo4X3JEaWljOFk3M0cwcEFjOEZsOG1DWllPY0RQZjVD0gHTAUFVX3lxTFBzYTA2aEZ6VGJnZTI5SVpTd0ZHZGpDRklrck5qYUJ5amltR1ctM3RERE1MYXNMMXlKczhaMjVoSm5rR1hZWnpLTGM3TzJOMVUxbDlaYU5sbWoweEdyRXlCdjhmZHMyUnJqeFlLeVFleUZTSHpJNlptVnI0YVJ0aUlNSjBlYmNaRkxYdWtxak5MQ3lFdWVySDNBWU8tLWU0OTNxLVB3SFBWYUxYQlQzY2dZWjdCMnVWdkZKamhiNzdQYklFWkx2YmZsVkYxSGFGOW5STlk?oc=5,Estudo da Loupit aponta: Brasil tem 225 travel techs Valor Econômico
Brasil,Búsqueda Valor Econômico (Google News),Valor Econômico,N/A,"Bofa, Eleva, Recomendação, Ações, Brasileiras",BofA eleva recomendação para ações brasileiras para ‘overweight’ - Valor Econômico,2026-09-08 16:17,https://news.google.com/rss/articles/CBMivAFBVV95cUxPR3hKM1ZGbkdLV2RaMkFiVjgxaUE0d1RPaFhzZ2otaVRsZ1Q4RWVlVEdJUXhnMGlxZHp0cVlGNlFaMWt1SWN1b0dPYlhwWDNxUjZmN0JtZVcwaDZORktKYlpsdEJWNEtubUpIXzBtaG9iT0JVUFJySTVVVmxyM0RvUzBJRU9tVWZRX2gySzFWVmw3NG5hTGloYmREUW96aUYwbjZJQkhra21rTjJQai1wbnJqOTdWVkwwN0JGSdIBywFBVV95cUxPT1o5MVVYbmt2T2hDWlYtTnEtWW4yX3Vzam00MUxGVFctZkhvMmZ3akgtT21wM3U0MW5NTUw0b2kzV2xGX20zX3pVekZLMkJVbjFySkM3WHI4LWVpcllkNk1jQU9jT3NxZTdQNDlkaHo4YzBnWGNPUVdvUUppVDFXdzM5QUdwdG1kRGJXS015djQ2emxCLXB0VDZETS1jNDNSNGNULXVnTXRMVWFfLUlVcjBFVktMV19pcldJd0VXa1EwOFdobkhSRmRoMA?oc=5,BofA eleva recomendação para ações brasileiras para ‘overweight’ Valor Econômico
Brasil,Búsqueda ANEEL (Google News),ANEEL,Transmissão,"Primeiro, Leilão, Transmissão, Investimentos, Jornal","Primeiro leilão de transmissão para 2027 prevê R$ 12,9 bi de investimentos - Jornal de Brasília",2026-09-08 16:08,https://news.google.com/rss/articles/CBMiwAFBVV95cUxPMEcxNHNzRFVJVW5GRlFWZG00S0tfbkVFM01SOWlIa1BmN2FrNVp0X1FXUVRqWXRoWjkxRDQ0a3JXN1NVMUhCYlluZFdDNUF2M3J3TzQ5RXNpZVlJaC1uRDBoT3NPbHBaNjBtOVU2UkRxdTh0LWhmTjFHSHV3RzNQdG9kU29OcVhYYTNPbVBsZXVWcGltUjhzR1FZc0N5UW5HUzJ5eXQ4MW5yQ3dkR29OWFRPc19kNS1zbDUzTFdxRmQ?oc=5,"Primeiro leilão de transmissão para 2027 prevê R$ 12,9 bi de investimentos Jornal de Brasília"
Brasil,Búsqueda ANEEL (Google News),ANEEL,Transmissão,"Aneel, Inclui, Baterias, Leilão, Transmissão",Aneel inclui baterias em leilão de transmissão de 2027 - BPMoney,2026-09-08 16:08,https://news.google.com/rss/articles/CBMijwFBVV95cUxORElzOUk5LXo2YThXLTl0Nl9QajUxQnR2alRkdkNtMklfc3Q2YWJacXRHaV9kOGJNUUlRLV9ncTQ3WnBzclR2Q0JIX3FRMTBUMzhsVjZPU0ltVFRxLUxna1MwQXVhRUxERV9xQ0tNc3B5REJnY1Fpbjl3OU14SFY1d05yOE04M3UxYjY3ZjBrRQ?oc=5,Aneel inclui baterias em leilão de transmissão de 2027 BPMoney
Brasil,Búsqueda Agência Brasil (Google News),Agência Brasil,N/A,"Leitura, Adolescentes, Atinge, Pior, Nível",Leitura entre adolescentes atinge pior nível deste século - Agência Brasil,2026-09-08 15:58,https://news.google.com/rss/articles/CBMivAFBVV95cUxOS1NUVUVEd1lSVGdEVUpWY2U2Q04xSFRBUW9oZ18yRkhfckZJS3g5Q2ttbERTV0t4cHZlRF9mMzAxcks5TTY3OUJvUktDWGZFdm9lM2EzY0c3Y1d3R0xfMjdhWXg4dmR5b3VRTnEtaEU4UEhUamp1R2gyMlgycmxwT3JBMzZNVHZsdU5BMGJ3aHpNUHBJZF85TWhxUEFtY1dXSGZUVUxjeUwtTHdqSWxZdlBSaUtLN2lUSXM3TQ?oc=5,Leitura entre adolescentes atinge pior nível deste século Agência Brasil
Brasil,Búsqueda ANEEL (Google News),ANEEL,Transmissão,"Aneel, Inclui, Baterias, Leilão, Transmissão",Aneel inclui baterias no leilão de transmissão de 2027 - infomoney.com.br,2026-09-08 15:50,https://news.google.com/rss/articles/CBMimAFBVV95cUxNLVZGbUxtRF9nM296Zk80dkR1VF9rZ09lQ1V5ZndWT3ZLSTlaRzJqWGxTTzJHTXlQcm93b0NZZXl1ckFZV3Nkb1JaZ3l2UTVLb2l4QlRBVkVjNmlMNjlUWTRudnBQSlpLWmJqNE5hQkpoN1pMRTBoMXJ6SDE3R0p6eUx2U1l0aEV5RktaTDhySkQteDJxbEdUaNIBngFBVV95cUxOaTZNOThEODEtNFBRN1YyRk5fa1pieUNfV0pnSFJuZGRhWm1zTUpKOHQ0VHhJbEMwRVBUcWVVRzFpWnltSUJtbDlzVHBnU2Q2ZjFKamhZT2xGSm9qaDAwUG55ZnhUdG9CVnNaZ0R4ckpGYkR2VkRBMTg5VHp4YkU3QzRxZDJhNWNyQ2pwZ2VsTG9WWDdIR01rMzhYNzJCZw?oc=5,Aneel inclui baterias no leilão de transmissão de 2027 infomoney.com.br
Brasil,Búsqueda BNDES (Google News),BNDES,N/A,"Bndes, Aprova, Milhões, Projeto, Terras",BNDES aprova R$ 77 milhões para projeto de terras raras da Viridis em MG - CNN Brasil,2026-09-08 15:49,https://news.google.com/rss/articles/CBMiqwFBVV95cUxQYTl0QlJvWlkwUDhYQzhCRnFNYi15LS1tYkdPZUFTUDdkNHpRejhlajJjZGxLVHRsQ2NWRlJFRmt2RTVTeERNU1pocXZ2cUxVSkJVVU1VRFhlNXNyUGp3bVJCVGNRNmZia0c3WG82VWllck9HMlNWdDRRMlRsVkJJWTVYeUs1LS1ZVEJGaWwxdm5JdTZCVXNuYWxRN1M3SkNodlNSU092Y0MtQTg?oc=5,BNDES aprova R$ 77 milhões para projeto de terras raras da Viridis em MG CNN Brasil
Brasil,Búsqueda ANEEL (Google News),ANEEL,"Solar, Geração","Aneel, Aprova, Consulta, Distribuidoras, Controlarem",Aneel aprova consulta para distribuidoras controlarem geração solar - UOL Economia,2026-09-08 15:27,https://news.google.com/rss/articles/CBMi4gFBVV95cUxNcWo0Ujdpek05Z21KMngtSTJNVEh6WU1JLURRT0FkdXB6Zk1KRHN2OEJQd3F0LUpxQUpyQXNjdVRHZWYxVmlCaTB0UnZocTJDODN1VEtqdE82NWRNRkpOYjlza0hSazRZSnRvV0NmX29sWDI3ZnprX0Q1RXVmTVM1VTRBN0lVcEllVFAwRnQzaGhESjNLV0VadUtOUXhpVGxuMlRUdlVUc0tmeHAtejllTFFQZ2k5N3Brc19uSzkzbHdyNGxoS3gwYjE3QXJER0xtaFh5UUhsZkVLSGFyS2p6Ym93?oc=5,Aneel aprova consulta para distribuidoras controlarem geração solar UOL Economia
Brasil,Búsqueda BNDES (Google News),BNDES,N/A,"Bndes, Aprova, Financiamento, Milhões, Processamento","BNDES aprova financiamento de R$ 77,5 milhões para processamento de terras raras no Sul de MG - G1",2026-09-08 15:20,https://news.google.com/rss/articles/CBMi6AFBVV95cUxNVlVvWTZrZ254cHdlYTBsX3R5QXJ4YmRKOTVfUEhGVVQzQm1sZUpBOURLOXJEUzR5ZVhiN2ptQnZmSDJQSTZGZFZ3ejlUajdFVS02Uzh1U1FpYzY4d1RxaWwwdjdBM0VwaFZYVlgtWERZUGpiRWtCMldIRDRjeWJsR3FDSUthOWxSR0dFQ2pibnRHV09JNTlURWZCckdreTZKek5zQms4TjhVa3NaNHY1MVYwRDdWem45NzFFT2oxbHhtVXB0aDlpVHdBLUVDa1I2bVZTN0l0UnlETnpVUjdrRHNGVzdoZFZL0gH3AUFVX3lxTE5WUGp4Z0haZTQtRnZZbHRGX1l0S0NtbFlOTG1LMHVUT2pBT3pfQjFTWEhJNkpFVGRuZWF3Sk80RXlCcEdLcFFZOHk5YVhQRDUydnJLTEY4YkRCNk0zOFotd1UxN0ZKeGNZOEhxQmdUTFB1UzYzUXZzWEZOczVmZFk4aWFVbE4wc3A4cnNWdkczMDZveXQ3eW51ZlczTkdYVDh2LUFoVmpHeFN6QkZMQlljWU0tMjhuVFdXWnhPdDdLa01Hd0F5bk5xa1lBNGo1RFJaOVlCRTNKOERacWxjcXVad0QtVjkwNGtGVFg5Sm1LQTlpX3VzNzg?oc=5,"BNDES aprova financiamento de R$ 77,5 milhões para processamento de terras raras no Sul de MG G1"
Brasil,Búsqueda ANEEL (Google News),ANEEL,Transmissão,"Aneel, Avança, Leilão, Transmissão, Baterias","Aneel avança com leilão de transmissão de R$ 13 bi, o 1º com baterias - Poder360",2026-09-08 15:15,https://news.google.com/rss/articles/CBMirwFBVV95cUxNVDlZdURHQlFyNDB5S3o3eXFoVkJNOWxLUGdkQ2RNNmQ3S3djZFRXU3JrZzUwXzNfVFlJblliX0wtNXk1d09jelFuRjJrSEMyMUM2TXBfMjM2NDhMTUxtY3BtTE91LUp1TXV3elI2b3BDc1pKd1JvOFZRcGl0UWxzdF8wQ2w4Nk93cWFXWTZTUXdEU1c5VGw4VXNCM3BfVHhNSVVzVTc5SFRPS0hGLTVj?oc=5,"Aneel avança com leilão de transmissão de R$ 13 bi, o 1º com baterias Poder360"
Brasil,Búsqueda ANEEL (Google News),ANEEL,Energia,"Aneel, Discutir, Regras, Ampliar, Controle",Aneel irá discutir regras para ampliar controle da energia gerada por novos sistemas de painéis solares - Valor Econômico,2026-09-08 15:07,https://news.google.com/rss/articles/CBMi7gFBVV95cUxNNU1GTkg5SFk0cTN0ZUZkaFFXVEpVM0gwV0s3MGtUOUhZX3RSRVl6QWtKWUJIa1l1N1lkVXZJeDhvb2NtTFNNTTZrVkVoMHBaVC1BQVNyN1ZId3pmMEZTWVhuRF95MlpCUW1nT3Uxb0lMRllLYlA3aS16bXlIcEZHb3hJZXViZ0FvLTFuNW5Xakkwa055bGtVbzYxTS1jNC1jQTZVYmtqeUo0TmVTOXdiVjEtS1M2VW55Y3JPSHFaQWJ4X0NUS2gzX3dYQ1FjMG5lazQ2d1V5RXR0dXhISU5MM0x1UndTdjdITXdzUkJ30gH8AUFVX3lxTE9tSEY2aFNZTi1xODJxWjVtclY0OTVvcTBlRGg0Z29NY2lBY2QzelJvRVNabklPYVBIeDZQN09RQ0hwdndUNUhidVBzUjNxLVpzQ2lFSGhiWEtKQjl4dlNmZEFDcGFfZzJ0bzdVZmd0M1Y4VW44NU1NeHVRYUtfZGhwVXUxdnduaHItWFBPam56dDA2VENyNS1ob00wUVYydWtCbW5GRExrbElFMnBtRHl1LWRJRTdOYUIxM0RTQmlpZGwxRGxubENFQ1FfOWhsTU5xZ09XZzBabkh5V1BKakdvZFVLWnZheE9TeFdiRVpTOTZZbTRxcWpZazhfRw?oc=5,Aneel irá discutir regras para ampliar controle da energia gerada por novos sistemas de painéis solares Valor Econômico
Brasil,Búsqueda ANEEL (Google News),ANEEL,N/A,"Aneel, Linhão, Interligação, Bolívia, Primeiro",ANEEL prevê linhão para interligação com a Bolívia no primeiro leilão de 2027 - Agência iNFRA,2026-09-08 14:36,https://news.google.com/rss/articles/CBMirAFBVV95cUxNMUEzM2JfUjB6cV9xZ0lNZlphS1BrRnlydUMtNnRMMTJ5US0wOUwta2Q5MVhNQ1BvbkhCVklsS1RiMTV1UGpkN05DNWVXZlRnZ3VLRGdhMVl4ZVVvVHpXekd2cUhNNVJ1V0lNZXZOME93M2dmaVZWU2Y0SEhjd2EwQ29Rdld6MXBKVFZyZllCRTZSdUlyRmVUMXNWTDMtaklrai1lZldkZ2I0NXA4?oc=5,ANEEL prevê linhão para interligação com a Bolívia no primeiro leilão de 2027 Agência iNFRA
Brasil,Búsqueda BNDES (Google News),BNDES,N/A,"Bndes, Aprova, Projeto, Terras, Raras","BNDES aprova R$77,5 mi para projeto de terras raras da Viridis em Poços de Caldas - Terra",2026-09-08 14:18,https://news.google.com/rss/articles/CBMi8AFBVV95cUxQZ1hmc3NfYi1UclJJTGVJY1d2Q3NQLUdxNm9rVUlMdXBqY0REMkxMOTlJVXd3RU1xdHM5eEtrZk9rZUpsazJ0VV92ekxYZU1MekNDY2FKZ1lERUJic3VWUmZ2MFdIYkwyYVcyMVRPVlNCckVNWTFRQjhYVU51bVE5c1o5WENjUTFxTk1hZXNHdExZdS16NVZhaXZ1dm1aNlFDd0JoYUQ5elBsaXNSZ3lXMVk1YUFkcHFsXzk2RzBlUkdMektuX3gyLW9XN2tGX3VsaWNiQ1BMdWhUcGlEWHlxR0o2Y09RZ3VrU2JYeG9ZODk?oc=5,"BNDES aprova R$77,5 mi para projeto de terras raras da Viridis em Poços de Caldas Terra"
Brasil,Búsqueda ANEEL (Google News),ANEEL,Transmissão,"Aneel, Abre, Consulta, Leilão, Baterias","Aneel abre consulta para leilão de R$ 12,9 bi com baterias na transmissão - CNN Brasil",2026-09-08 14:15,https://news.google.com/rss/articles/CBMiqwFBVV95cUxQMzJJejRsQm1XeTFFcVYtcnJfb3RLUWZmSmJlZkJZZENfU2diMUVsMEJGV3FEWFkyZVdQc21IaHFxaU9iaE9LNTQ5Mzg5MEZJTWFiVkM3UG1hWmhNcnRVVHNtVGpvVjdqemhHS1RjVURFdXgwRXdOdlpEUlpGbzdQbnUwNzNET2UtNDcyVmJWaThQNW9YczFMTFRWek1OOHN6enU2WFlnWHhlV28?oc=5,"Aneel abre consulta para leilão de R$ 12,9 bi com baterias na transmissão CNN Brasil"
Brasil,Búsqueda Agência Brasil (Google News),Agência Brasil,N/A,"Mercado, Financeiro, Reduz, Previsão, Inflação",Mercado financeiro reduz previsão da inflação para 5% este ano - Agência Brasil,2026-09-08 13:02,https://news.google.com/rss/articles/CBMiuwFBVV95cUxNTmVfTWQzbmJqRXRFZ3NvWGd0c2VqYmE2Yk5paEVVLWNQcWlJUkladGIxNUFXVjY2ZWNTNTBoV1pfVlpJUy1ORXp0R21QRHRzVDEyOENrMW8zMTdFSUdEUHFfcUZuWFlNQUR3MUxLNHdyUmdsbFhVQ1p6RXh1QlVvTUFGYmtpblhVU29ZX2QwMENtblFBQ2VSOTlSNkhmOHEyUWg3VHJsazl6Xy05d3UtYXl0cl91cUxwNks0?oc=5,Mercado financeiro reduz previsão da inflação para 5% este ano Agência Brasil
Brasil,Búsqueda Petrobras (Google News),Petrobras,N/A,"Ibama, Autoriza, Petrobras, Perfurar, Novos",Ibama autoriza Petrobras a perfurar três novos poços na Foz do Amazonas - BNamericas,2026-09-08 12:57,https://news.google.com/rss/articles/CBMirwFBVV95cUxPWnlBSXA0LW5waDZRUjh6N3I1MjJqd0s3blFBM0NZWEZMMGxJSjdHYkwtcTAzRnZsV3F1TXNTZTZuNi1tby1zUkVsM2szU1d1MnFHWDFtTTVGNS0xdzUxWjlVNXVYYWhfLUV0SElLR0gzdmpGTUpuVnBFWmlRRHpINXUybU43cktIeTBNeEZCUklLWGFVRnZ2OW5EeDh0eGJad0p6bE81cjNoUE1USWx3?oc=5,Ibama autoriza Petrobras a perfurar três novos poços na Foz do Amazonas BNamericas
Brasil,Búsqueda Petrobras (Google News),Petrobras,N/A,"Renan, Santos, Descarta, Privatizações, Petrobras","Renan Santos descarta privatizações da Petrobras e Embrapa, mas quer vender Correios e 'empresas inúteis' - Money Times",2026-09-08 12:50,https://news.google.com/rss/articles/CBMivwFBVV95cUxQQU1XTXc4ZUxrNmFnWmwySnYyendISnRjZ2VpZFJTaXN2N1lLdnNKSDFHVXBsWkg4TnlndHVLX0xtXzNTTG94NGI4VTZUVWdzcW5QTVZJV3ZOb1lvS0VJUFR5dk5MM05LdkNKSEVKb3ZITXBuY2QzdWZWZTk4dFNXZVNaaktrMHZ6ZW5RdG5qYWlFYWl6N1NkcDhoWUxrZXhLeE9WZWRRMWRQT2JMRms4d1Mwa3VDOUdjUlBKOEd0cw?oc=5,"Renan Santos descarta privatizações da Petrobras e Embrapa, mas quer vender Correios e 'empresas inúteis' Money Times"
Brasil,Búsqueda BNDES (Google News),BNDES,N/A,"Brasil, Viridis, Obtém, Milhões, Bndes","Viridis obtém R$ 77,5 milhões do BNDES para projeto de terras raras no Brasil - Bloomberg Línea Brasil",2026-09-08 11:24,https://news.google.com/rss/articles/CBMiuwFBVV95cUxQNTM3WENwM01NdU15cV9pc3pielRaY2N6cG52UmsyTk0zN0VkLXdPcE9iX3Zra1RsNzV4WEZhZGN4aG0zZTZoay1xaEo4Ym9zRktub0VuWGhsaUlXSmRtOWhySDB3cS1tZ0prcGVDZF9iNjhGS1gwX25sWmpFOW1qdEhFOG8xMlBGcWxRSS1rX0EwWlNQckExSkREQkl4TktqZ21taWtqNUw0bjRRMmdFTEdVS2tHR3BMN0VB0gHPAUFVX3lxTE5Sc3JJak1vN2kxamhOVVMyakZUMTRPM1ZSWWRRRFpydHREVG5tNDlfUHJHb2tEeG43TFAwSDJobGxza2pOU0ZwcDBHTGU4clhJbVNoTncwN2Z0YzVHZ3RBTmZoTHdMZGVxeXJGN2tpUmFoaU9LQjcta2pCZHJGZVNRT1dONnpPOW5GcDk3ODNKS19mRlJZWXlfak9Rd0JnYmZfZFhKNDd4TFdzM3huQUZMU2JDR0V5N3Bxd3oyV2FsbTBCN3dPZVBKa2xiYlljVQ?oc=5,"Viridis obtém R$ 77,5 milhões do BNDES para projeto de terras raras no Brasil Bloomberg Línea Brasil"
Brasil,Búsqueda BNDES (Google News),BNDES,N/A,"Bndes, Aprova, Milhões, Centro, Terras","BNDES aprova R$ 77,5 milhões para centro de terras raras da Viridis - Brasil 247",2026-09-08 10:14,https://news.google.com/rss/articles/CBMiowFBVV95cUxNRlZGYVdIU0t5ZFlRX0VkWUxHZ2pTcjctNlNUTlYwX3lnc0ZpSTBrXy1Fa2VjODRkRUR3aFhYNW56dy1GRVNTQm14WHFpYk4tV3l6ZEhqdnA0WXN6RC02NnAyb3FvSW9wX0lITDhsTHY2SlJBSFN2MVVMenJ2QjdxVElHblA5R3VPbUZzejNjZVBoOXhkYzZ4Z08tYng1NUZYZmdV?oc=5,"BNDES aprova R$ 77,5 milhões para centro de terras raras da Viridis Brasil 247"
Brasil,Búsqueda EPE (Google News),EPE,N/A,"Destaca, Potencial, Usinas, Reversíveis, Alemdaenergia",EPE destaca potencial de usinas reversíveis - alemdaenergia.engie.com.br,2026-09-08 10:03,https://news.google.com/rss/articles/CBMiiwFBVV95cUxQYXluMjVYbUtZdFJobVhRZjlkY1hJcTZoazdoaUJwN3dGRVkzd1d1M3hSOUI3NjZVQkZkMTVVUkdtSlM0bVlIcFM0aTJ2Y09ldXVFeDlIZFJoYmpTSDVjcFpScHU3bDNWYkE3Zmx3NUF5Z1IyblhvZWZ0VlVHS3N5eW1lbHVjbnI5OW5B?oc=5,EPE destaca potencial de usinas reversíveis alemdaenergia.engie.com.br
Brasil,Búsqueda Agência Brasil (Google News),Agência Brasil,N/A,"Após, Frente, Fria, Temperaturas, Voltam","Após frente fria, temperaturas voltam a subir nesta terça-feira (8) - Agência Brasil",2026-09-08 10:00,https://news.google.com/rss/articles/CBMiwwFBVV95cUxQRmloMHduemVnZS0xbGNyQ1VxZ1FWMWNuemN1YjBmcTNjZUZLVWtrNjgwVVFVb1Y5bzZ0MmpIWlhGRHplVzR0NDIzbS1EeDRLelViSHd0R0ROLUg0a1phWkN3cWhiWFhPX25IdkFzdmI4THVpdVNOOFBKU251ZGJNa1ZjSzNab3lyQkZqTDU2ZnBNT1VxS0dEXzNhTXJGck9VUUVlMGdLdjZkMFFtY1phVkh4SzA3RmMtYllQMVBmYnk3aTg?oc=5,"Após frente fria, temperaturas voltam a subir nesta terça-feira (8) Agência Brasil"
Brasil,Búsqueda Agência Brasil (Google News),Agência Brasil,N/A,"Brasil, Pisa, Reduz, Diferença, Países",Pisa: Brasil reduz diferença para países ricos no desempenho escolar - Agência Brasil,2026-09-08 09:30,https://news.google.com/rss/articles/CBMiwwFBVV95cUxQVE9WZ1MzQ3RFX014dGlIY1ZuQ0NlQ2c2eHVmZHdadHVYVnNNOHhRbXprSUwwR0JPSUo3cE10dWUybFliZ0R0MVhCOUJjUExzVHFNbTVOaFRGMzRCN1RHeGVadUZ6NFdZUmRrTmVJZWhQRWFJbzhZWnREYTd2YnJNLTVrQUNmbUdLVU1iUlB1alNya0NyM0VvamQyVmlGbm1iQWhkd2hJeWlsdndwTnJuUTA0cGRYeHFsWTFxQ3YyeTVGLVk?oc=5,Pisa: Brasil reduz diferença para países ricos no desempenho escolar Agência Brasil
Brasil,Búsqueda Valor Econômico (Google News),Valor Econômico,N/A,"Governo, Trump, Deporta, Brasileiros, África",Governo Trump deporta brasileiros para África e América Central - Valor Econômico,2026-09-08 08:00,https://news.google.com/rss/articles/CBMiuwFBVV95cUxOMW1WODEwWnE5Yk9mR1NORXFGOTlOcENpRXRKdEdCeTZxeDNfdzFrcGFlMHNtcTFITDBjS2Yxd3dHOTU2dEs3YTRiR2dKaVQ1Q2Z3TjhGY2lNZlJtSXZHQmJRNG9qQVBZLTFoY3Y4REozMmFOZUthdDY0MlNlQ0lnWFR1eVlpZU05aFo2TzJVSkF1RFoxVGV5TldoTEN5Vi1mZi04MFdhRDgzeU5QdGEzbDNiajJQX2p1eUU40gHKAUFVX3lxTE9DbjN2THgtTm5JeHZQeElvU2ZQMmRIX2x5R0RxRlViSTJnWFVXYk9uS3lGZ3FZUUdVM29GZVlDTTJJMmNjS0Q1ZERYNXM0WEo1WmlOcjdxaUdWMmRsWVVHX28yMnl6LVZ3TFFGT2Y5ZWstX0RJVTRoc1U5aUNKcmpzQkVaOVFKb2JsVlppM1Z2XzJuMHJlTmdsdmoxVXlaTkotWWdsbHhtQlc1YVlhVjlNUDVlWWF5ZDIyS2EtYzZpbWx5S29kMkUyY0E?oc=5,Governo Trump deporta brasileiros para África e América Central Valor Econômico
Brasil,Búsqueda Valor Econômico (Google News),Valor Econômico,N/A,"Marconi, Admira, Rodrik, Sugere, Coalizão","Marconi admira Rodrik, mas sugere coalizão produtiva - Valor Econômico",2026-09-08 08:00,https://news.google.com/rss/articles/CBMimwFBVV95cUxNOVRYbjFMMmZuTnA5NEd2a1I0a0U3dDdjTU1aVWc2OW5MMDE3NzZnenM3UFBRZkZodUJZaGV1dHdvT2RZLUxRajQtamhqd21TSzhBUDZpYzVqSkdxdDhhemNVUjJVM3lKYWRMekptMGdsOEZ3T0dUSVlFLW1xYTZodFA5alNwUi1WU2wwQy1ERFNZQlVwQlc1Zy1KNNIBqgFBVV95cUxNMzhkSENYLXd2R3FKaERUZ1VUTzhYVEVuemlpNk5PVzh3UkppWmlUNFFLSlYwdnoxYmVLbWluTmctS0xEQmdoSi1jMlpKOEZXUHUtNTh3cDFmS2RlT0JRNEZwMlFoOUdndGpBcjJyOGgtWU1tbFVaTmlDdUtzdlRCNVMzRTVoY0dzdjI4QlFPbFNxNk1fQ3JoR01ackxING44YWZ4Ykt2QzFLUQ?oc=5,"Marconi admira Rodrik, mas sugere coalizão produtiva Valor Econômico"
Brasil,Búsqueda ONS (Google News),ONS,Energia,"Projeta, Alta, Consumo, Energia, País","ONS projeta alta de 4,1% no consumo de energia em 2026 no país - CNN Brasil",2026-09-08 07:00,https://news.google.com/rss/articles/CBMi2AFBVV95cUxQeVhZUXlqSi1ub1V2MEdPN1pKVWtMdkNEV3ZlVktPeks5YlFpNi0zVGlYRDg5OVhTNnJrQU9oQUxQVWNqMVNYSm5uU3JaM2RpRHBsSjVSaTFScDI5d3FLaU8xcG00VEFTcTRkV2tjTVdLUmdCUW9OYVNKQnk5aVJxRERDakRqbDN5RGJhWXBTc3ZIOENfU2Ywb0tMWUxwTHhzUW9VZHZrOENpZmYwMndrRkZIYlRRNEdEQzRuNVNscTdFQV9nZEhUY0tzaVJaQVdBeTRTTEdycnY?oc=5,"ONS projeta alta de 4,1% no consumo de energia em 2026 no país CNN Brasil"
Brasil,Búsqueda Agência Brasil (Google News),Agência Brasil,N/A,"Grito, Excluídos, Atos, Defesa, Moradia",Grito dos Excluídos tem atos em defesa por moradia e contra violência - Agência Brasil,2026-09-07 18:08,https://news.google.com/rss/articles/CBMiwgFBVV95cUxONmxxVFB1LWR4bEd6amltS1QtQ0lLREU0eHBHaTVxYUdiUGVHeWVITFAzTUZHZDdFTUZoLXJTaEhGSnFpaGpGY2w5UkFzZHB3cks2S1ZrN3JwWVBhZm9ZYVdEM0M4clc5V202Mm1rODdHWUxpRXVEYzJ0bThIemkzVjd4SlBTdnp0V3lzUHV6QzUzS200WGdNMU1YM2t5b190REY4eTZxX1gwcjhWRUZFN1pYUFlOOF9OUDkwOFhSV3ZiQQ?oc=5,Grito dos Excluídos tem atos em defesa por moradia e contra violência Agência Brasil
Brasil,Búsqueda ANEEL (Google News),ANEEL,Energia,"Armazenamento, Energia, Terá, Primeiros, Leilões",Armazenamento de energia que terá primeiros leilões no Brasil em dezembro serão debatidos antes na Coniben 2026 em Lisboa - JC,2026-09-07 15:40,https://news.google.com/rss/articles/CBMiiwJBVV95cUxPQl9EaHNZeHJ6bnJqdC1LZ3ZpZnVoN1lrci1NWTJaZk9hTEhFblZLamVOajhtSElnM1JwakpxM21HUVNiTC1nT295SmlQY3JNMXBmZU0tcXhtZEJpMC15aHdKZUszQjdIUDNSaFpXQkt1aW03WmN5VzdBVWYwa2NjOEw5cm9POXlBSDRPaWJidW80UUw5S2VZdWhsSlc1M3NzdVhjTDNhaGIyS0FkaU1hNUYxQ2FuVnZVU0tjZ3ZwMXZBUUtKcm9ERkU1VU9WREF4VjFVUDJ0OWFSSFNmRDRrcTZMcUtULUwzUW5jT1ZZU3F6SDlGUS0yX3hSS01HcGFjZElzczJGVDZSVms?oc=5,Armazenamento de energia que terá primeiros leilões no Brasil em dezembro serão debatidos antes na Coniben 2026 em Lisboa JC
Brasil,Búsqueda Agência Brasil (Google News),Agência Brasil,N/A,"Público, Madruga, Assistir, Desfile, Esplanada",Público madruga para assistir ao desfile na Esplanada dos Ministérios - Agência Brasil,2026-09-07 11:19,https://news.google.com/rss/articles/CBMiwgFBVV95cUxNLTNlR04tYXhfaDh4dmdtdWxCZzVyci11M19rczN4STRfeW1QYjZtYUhOWnF4QVlUUTVLRFVzTEVyYnF4SHV2V0k2cWhkbF9wWXQ0ZjBreF93MEpRV3k5SmZST3FfV0lKUmk1cjBDWWV1SW0zeDdxdTZSTEFHX3UyaHZWUHNjYWxCb3UxMWg3UGJwMnpNUXJYZ2VIUDN1Tm1oc3M2WFNqWG15bm5ZWWNnSXhmdkNCOWljU3MzdnBWal8xQQ?oc=5,Público madruga para assistir ao desfile na Esplanada dos Ministérios Agência Brasil
Brasil,Búsqueda Agência Brasil (Google News),Agência Brasil,N/A,"Brasil, Lula, Defende, Soberania, Pronunciamento",Lula defende soberania do Brasil em pronunciamento pelo 7 de setembro - Agência Brasil,2026-09-07 00:13,https://news.google.com/rss/articles/CBMixgFBVV95cUxPWGFUYUNlMWJXOG9MUEVJQ2x0SUNfaG1xLU1sUzZZZmVselhtTVJEUEE4RUFEU0FIaVV0S0F3VV8wcGdRMkpCUDRWVVI4Y2RaemE0OHA3T2ZXTVhTMVVoZHNISWdmQmFMQ0dCM3pBUTFCRnkzY1l4RE9fbTJWTWRiYTQ4SmV2dTNvdlNLalZKdWVYNFRuNUdhd3ZXNDR3SXEyNHB0QW5aT1ctbVV3LXU4V3R6MXFoMXFEaklyMFF1N3QyWThUamc?oc=5,Lula defende soberania do Brasil em pronunciamento pelo 7 de setembro Agência Brasil
Brasil,Búsqueda Agência Brasil (Google News),Agência Brasil,N/A,"Ibge, Disponibiliza, Partir, Amanhã, Mapas",IBGE disponibiliza a partir de amanhã mapas-múndi inéditos - Agência Brasil,2026-09-06 20:12,https://news.google.com/rss/articles/CBMitAFBVV95cUxNVUwyb1F6T3pDVUNLT3N2THgtTFh0THRNRWtuRTZvUFA4c0pxbUVKM3lOZ05vdXZkYU40T3l5ekpLeFVUckpxRFpFM1FGR0gwWjlhajZfRnNoRUxrR1F2ZEJPYWpGQjhMUGZ4eUplNGdDdjVVX0Q0d1Q5S1RkMEEwTWZldEcyamZ0QUMtS2NjWkRKamRBdldwVXhHZmM4bDVFLWMwZlpuaDlLYTZKclV0UVU0WTY?oc=5,IBGE disponibiliza a partir de amanhã mapas-múndi inéditos Agência Brasil
Brasil,Búsqueda ONS (Google News),ONS,Energia,"Projeta, Carga, Médios, Setembro, Alta","ONS projeta carga de 85.534 MW médios em setembro, alta de 6,5%, enquanto a energia natural afluente do Sul pode chegar a 253% da média - CPG Click Petróleo e Gás",2026-09-06 17:03,https://news.google.com/rss/articles/CBMigAJBVV95cUxNbnU0UThhRFFRaXRTTFhiZ0ZqeFFRSzJsUDNXTktLSG1PeTM4bVlGbXRaU1RyRmQ1bDZ5QmVNTzNCdFpIUUxHOXh4RWFOVHcwUmVoRGhrUEdXNHZteTFlODdTY2RwcWdYbDZ6OVZ6Tjd3aGNKY2ktWm5hUXJiUEpIM3BTNl9yQ0pjOGw3QzY3RURWbnNiMVFPRUUzb3Y4aGpfYzVqSlFUQjVfZlA2ejItYzdPMXJiajFUWTFYekU2azFCdHBJZXhuMjl2cS1xZVc2NWoyc2Y3WHpmbFhHSEZVNGVrMldyN0czM2dSMEdXMEZGTjVnaVI1WWVpN0haODZz?oc=5,"ONS projeta carga de 85.534 MW médios em setembro, alta de 6,5%, enquanto a energia natural afluente do Sul pode chegar a 253% da média CPG Click Petróleo e Gás"
Brasil,Búsqueda ONS (Google News),ONS,N/A,"Alerta, Super, Niño, Coloca, Sistema",Super El Niño coloca sistema elétrico em alerta e pode exigir acionamento de todas as térmicas - Alagoas Alerta,2026-09-06 15:01,https://news.google.com/rss/articles/CBMi6AFBVV95cUxQSm9jclh2ME1sRVhUYTZpb2hra21pcE1zMnF4QnUwZG13ZW5UNUVKNnZTNURXVEEwc19yczJLNVNBcl8wS3ZuS2N4TnJMckE1N0Q0R2pGaE5VUEtuQ3dtZEVER1doN0pLZGpIczFQbHZHNFQ4LUxMUXFTWlF2bm9UcjJQNFU2OWhhbDJIUHFQMnN3R3gtYVhOYUpPN2RyNmlBS0VSY19ZZFpoTDZSN2xLTWFGbXAxRVNlMVg3U0xnSWJNWjRCWm1fNzR0XzBrMGg1cUk3SW1odFJNeFR5c25xdjduYl9UWjV0?oc=5,Super El Niño coloca sistema elétrico em alerta e pode exigir acionamento de todas as térmicas Alagoas Alerta
Brasil,Búsqueda ONS (Google News),ONS,Geração,"Avalia, Acionar, Plano, Cortes, Geração",ONS avalia acionar plano de cortes de geração no 7 de setembro - Poder360,2026-09-05 23:07,https://news.google.com/rss/articles/CBMiqAFBVV95cUxNMUtGYkZRMEowVGRqY2xscXhkRFRycXB3X0xsMjhWczM1RjNtN1RRVUpBYl9nZVdyTEdnVFdvQ001MnlKVElBMHJJQzFNOFhLNHZMYkJVZzB0RzJ1S2g4YjNWSmZVbHc3akU4bVBrQ3B0RVpqWGxtSk4zTm9hQmZYSVBLWUdlS3hyUU13bkhtVm9ZVVVrNEZfWXVmSlZhVGxDdXNjQ2MyRDI?oc=5,ONS avalia acionar plano de cortes de geração no 7 de setembro Poder360
Brasil,Búsqueda ONS (Google News),ONS,N/A,"Super, Niño, Cenário, Pode, Exigir",Super El Niño: ONS prevê cenário que pode exigir acionamento de todas as térmicas a partir de setembro - Times Brasil | CNBC,2026-09-05 21:15,https://news.google.com/rss/articles/CBMi0gFBVV95cUxOZlhKejVxTU1TbG8zdmt5ME5XS3NJODlCeE42VUFzZE1CVVNuY05qR3VFcU1XckYycVNjNXZVeXY5eFVRX1R3M1d4RFVYRnFSVVVfWS1KZ3V1U1BPYUdCaFREcjV5ODE2U1hXM3VOaGVOOVdXYWtQTDd4Vm9xWFdreDZuR18tWkxoRTkxNnlFcjVsVm5hVENMQlZKNlhDRS0zQV8wWC16YkpwU01reG9yNmxxMzhOY0NHUDFmSHFQMUROYW82QzVRZ1ZkSGZKUXpraXc?oc=5,Super El Niño: ONS prevê cenário que pode exigir acionamento de todas as térmicas a partir de setembro Times Brasil | CNBC
Brasil,Búsqueda MME (Google News),MME,N/A,"Autoriza, Blocos, Bacia, Potiguar, Tribuna",ANP autoriza 24 blocos na Bacia Potiguar - Tribuna do Agreste,2026-09-05 20:30,https://news.google.com/rss/articles/CBMiogFBVV95cUxQdzVWSVJOWElNQ1RpeGU0b2k4eUt0bGtDMDQ3M0hpX3FjTFRFSUw1ZWctSTd5cVYwY2VpZzBlVVMxYWd4V3c2OFVrQzRKMVdMVFZXTWlWSXdlRkJTVnk5dnZaQUQ2S2ZWU0F1TmFvbDRvRS15bjE1bGVzeUtRRjF6ZTRLVjhyUmd2T3Vwb1lFRTYxTml2dkdmQVUwc2hYdmotM2c?oc=5,ANP autoriza 24 blocos na Bacia Potiguar Tribuna do Agreste
Brasil,Búsqueda ONS (Google News),ONS,N/A,"Chuvas, Acima, Média, Sudeste, Centro","ONS prevê chuvas acima da média no Sul, Sudeste e Centro-Oeste em setembro - Times Brasil | CNBC",2026-09-05 18:15,https://news.google.com/rss/articles/CBMirAFBVV95cUxOYmJoVmo1Y3hDNDlEV1l4SzVtRzRQQTA3UGFOdTJ2OHdXOWJGVWtROXhrb2hLNWU3LTBwaW9PcDd6Snk1YjZGWFd0NGNTLWVadVpRTk1jbWdUbVZhWHY4Q2hTcUcxOVFSTEJqS1VaeFpjenUxYVc1UjMzUTJjSGdYNDBLZE8xRGkxVHM5NS1aX2M1U0w1QXkySEhRRUs1cU52ZjhUOHJELWtIVF9N?oc=5,"ONS prevê chuvas acima da média no Sul, Sudeste e Centro-Oeste em setembro Times Brasil | CNBC"
Brasil,Búsqueda Agência Brasil (Google News),Agência Brasil,N/A,"Brasil, Testa, Plataforma, Pesquisas, Microgravidade",Brasil testa plataforma para pesquisas em microgravidade no espaço - Agência Brasil,2026-09-05 17:04,https://news.google.com/rss/articles/CBMiwgFBVV95cUxPRUJFUGpORURndmlMM0pBV2hxbnlPSm1XMXRXbXRzYnJMMFptTm80T0kzTUNHeXJFZmJfYXhCN1NEVkVNbFR0cXZiXzAyTmdKN29Zb2FMTzRHQm1JQl9HX1l3LUxoM3RiWEx3TTlXR1lHdk5QZmJDaVI3MXZCOG1YMVF4MjhTajhyM0s1b2ZnMGFEbG1vQTQ5M095ZjhUOFZYOUJJSFdOY3N3cVdRLWRaUmw2RGlqQkZzNVNILUZhSkVIUQ?oc=5,Brasil testa plataforma para pesquisas em microgravidade no espaço Agência Brasil
Brasil,Búsqueda ONS (Google News),ONS,N/A,"Avalia, Acionamento, Plano, Emergencial, Feriado",ONS avalia acionamento de plano emergencial no feriado - RD – Repórter Diário,2026-09-05 16:34,https://news.google.com/rss/articles/CBMivAFBVV95cUxOeW96SWN3UEZvM1Y0cWQ2ekNjM3pORnUwVDEtbVVqQW92ZGxHTjhGZnotOHk4OE5zZFJhdkw4a0psMU5faFpMeS1VLTRCYnowSUVRdDFyZENXQUV1VTJ2RVVHcGtBREpXTVEzVHJLWXF1SEhVaHNWQ0hySWRsOGhrMWREcWwzdXJNMnBqWGs3bjhZX2NnOTZ5RW1JSVA2WlNmcGpPcVF5YUVpZkcwc2tXaUZJdjlGX3hraDdQNw?oc=5,ONS avalia acionamento de plano emergencial no feriado RD – Repórter Diário
Brasil,Búsqueda ONS (Google News),ONS,N/A,"Avalia, Necessidade, Acionamento, Plano, Emergencial",ONS avalia necessidade de acionamento do plano emergencial no feriado - CNN Brasil,2026-09-05 15:39,https://news.google.com/rss/articles/CBMiqAFBVV95cUxOMzVDZV9KWVhucEV0UFZoYzhtMEV5cDZraW14RE5rUWNacUcwcnI3Y1U0cTJaZnJuU3FwbExtTndVYTBSWk1Xb2FQQWxhekZBRi1YZHZKR0RlVEFCR2pha3IzeFBpNDEwMTQ0SFk2U2JoUi1BNEdhOEpVM21ZaVc2eEZPMDA4VkFkblJ4d09DZ0sycDRVWWlpOF8tU1ZkTUVaQzBwdkFTQ28?oc=5,ONS avalia necessidade de acionamento do plano emergencial no feriado CNN Brasil
Brasil,Búsqueda ONS (Google News),ONS,N/A,"Super, Niño, Brasil, Usinas, Térmicas",Super El Niño no Brasil: usinas térmicas podem ser ligadas já em setembro - Estadão,2026-09-05 15:16,https://news.google.com/rss/articles/CBMirgFBVV95cUxPbjBwM1NNSWUzZHpUTXk0WUNlOC1ralpVVjhWTVZxc2FidVI2WEFELW5XR1VFUnlOTU1ycEE1TDQzZzUzSThKSGdzTlJLdC1ESXZfOUM4R1RNMklXeFpQTVp4QkRkcFFUSmVPQzRCUkJMelM0TEJLQlpfeG9seFFUcWdELS1DV3ZmZ0h6OHIxeVY1a0JoSlN5VEVQLVh0b1ZpOUx4M3k1ak0zSllHR0HSAbMBQVVfeXFMTVNHc2hrNGZjLVdiampWQmVKVHdBQ2ZkREFxTmx4MmVXNHFhdTdzWFFrN3BLVXAyeUV1dWVyakpVZjBwOHV5cXg5cEZSTElmVlh5M285WHY2LW1iQm5DdUhyb3ZSRjlSZWdQYzh1OUlESF9jU21MaWRSLWdFdVl4b1g4VWF6VzlDNEZ2TXZNV0tqaTg3dmx1WHZLcHMwcWF5MThDZTliaGx4MFFLQnNldHI1dWs?oc=5,Super El Niño no Brasil: usinas térmicas podem ser ligadas já em setembro Estadão
Brasil,Búsqueda ONS (Google News),ONS,N/A,"Super, Niño, Alerta, Possível, Despacho",Super El Niño: ONS alerta para possível despacho de térmicas a partir de setembro - infomoney.com.br,2026-09-05 14:01,https://news.google.com/rss/articles/CBMiuAFBVV95cUxPS1dXeGJKVkl1cG5mTDgyYUVWbFEzM0owWnRRbncyNGx0MFBsUGVFX2hJUFVMN3FpMXQyV2oydTVuSkpBRWVzVkYta0hTMWp5aGpXbFB0SDhlcFI4VG14Ui1pb09xQWtZN25pNWtDNmNrcnE5VjQtVHBxRVloTHd4eHVhRzA5M0V2UWpnR25IWHc2LWNlWWxwR0k3OEhfVmZORklXN1FXMGdJTG9KcXZHOVF1ZDJkRWwx0gG-AUFVX3lxTE9VOThLOWdnRllkckhjSW5VLVVVVXMxdjRCSFBrVmpObElYWDhRU1RLcHk0ZFhCb0V5MUs5VFNJYzQ3bXNCWF92YUFka1NUOU1pR3dqRHhCSjFsNHhRMU9faWlXSVFGUGZQVWpwX3gxaGxEeGxJenJQZWVuTzVBQlpCRlVnQkRySDJmYTcwRmducEFZYWdMZFJhbElFbm9rcWZGTEVLWFFRYWxCUzAzOVJJcmp1SktRRDgzd3RhT0E?oc=5,Super El Niño: ONS alerta para possível despacho de térmicas a partir de setembro infomoney.com.br
Brasil,Búsqueda Agência Brasil (Google News),Agência Brasil,N/A,"Rock, Mantém, Foco, Defesa, Projetos",Rock in Rio mantém foco em defesa de projetos socioambientais - Agência Brasil,2026-09-05 13:37,https://news.google.com/rss/articles/CBMitgFBVV95cUxQSXhmVjJVblNXTlFicE9wQTM0eUtKVTBoV3VnMzAxMXdNSkVwTU1xd09PeTdrbUxLVnJ3dGItYmhVVnVrc3VQMjJLWkN3RHNTZ2FzZGYtVnVhamlJUFRjZWo3UTZkYlZJM2xMdzlBOWtzYUdzVk04TnR1aFpLVGE1Z3hSM3loZGJlb1dpVmFORzBxSGVPcWc0Qk5pME1XeDY2MlpLZGVTSFpiZkN4OEtVdzcwc0E4Zw?oc=5,Rock in Rio mantém foco em defesa de projetos socioambientais Agência Brasil
Brasil,Búsqueda ONS (Google News),ONS,N/A,"Chuvas, Acima, Média, Hidrelétricas, Sudeste",ONS vê chuvas acima da média em hidrelétricas do Sudeste e Sul em setembro - Terra,2026-09-05 09:41,https://news.google.com/rss/articles/CBMi6gFBVV95cUxQZUxXdnRTanNmZHFSVnlSaGh1NlJKZHg3M3B2enYwWm9qRk5PM09CQ0FaemY5UFlmRS1rVHVkRkw5LUt3NWVvMzdPLXM4TF9oRnBPZUd4WV9wR1NwbWNLWEtNS29YSVVkc1hhYUc4MkM2R2ZNLXE2UnBtcmJTamlTTkxUNWpPS0VEVXJudU9USG9BYmxveUZFbHNXenVOd0lZd3JYWEtzSXo4STRqRzFoY1lFNERVaUZWMi1aNG5OTlpLaHYzcXNhNWpYUG5rT1p5YnRKekFkanNrYmVsT05HRWdlU29paHh1QVE?oc=5,ONS vê chuvas acima da média em hidrelétricas do Sudeste e Sul em setembro Terra
Brasil,Búsqueda Petrobras (Google News),Petrobras,N/A,"Alcolumbre, Comemora, Aval, Petrobras, Perfurar",Alcolumbre comemora aval para Petrobras perfurar 3 novos poços no Amapá - Poder360,2026-09-04 19:44,https://news.google.com/rss/articles/CBMitwFBVV95cUxOTFpKbmFhTlYwYWc1bGNmT0RENWxIUkZFb0E5MFVzMGw4cEFocS1FYXpUTTVBbTlVbGlyZEF4ajRwQzlfWUZjQVAzYlZDTXBWdTM5VTJqanBZam43TGVHTnFhTm81VG14dml3SFdlbDZPQmprN3IzMVE4Y3EyVGRsdUs3WjRfYkhNcFJLUGhzSDRXdGxFM0xGaW1Odi1hZVI3WkNlWndwNXFOMVBkOENmS3lNYnBtSUk?oc=5,Alcolumbre comemora aval para Petrobras perfurar 3 novos poços no Amapá Poder360
Brasil,Búsqueda Petrobras (Google News),Petrobras,N/A,"Brasil, Autoriza, Petrobras, Perfurar, Poços",Brasil autoriza Petrobras a perfurar mais três poços de petróleo na Foz do Amazonas - correiodamanhacanada.com,2026-09-04 19:31,https://news.google.com/rss/articles/CBMivgFBVV95cUxOS3otVE9RWE5ldVVjTHhBOG43dHFKT21QenFqTDdZVVFjaTd1dHYwNFg5empMV0phX3lRaGtLQThfZWNSNHZiTXdxQTZteEljR3RoQnRkaHZ6bC15MzRkd01kUHhGeWRrLVg3MkZjSU9FV01tUFdPei1BNExyNUpOV25HeXhzdnFkU2Rlb3BQWUdiZzFQV0xZakpDRmM0cksxeW51d1p0RkRWLUR1RGN3cWpZd2loQ19paWlyLWNR?oc=5,Brasil autoriza Petrobras a perfurar mais três poços de petróleo na Foz do Amazonas correiodamanhacanada.com
Brasil,Búsqueda Petrobras (Google News),Petrobras,N/A,"Ibama, Autoriza, Petrobras, Perfurar, Poços",Ibama Autoriza Petrobras a Perfurar Mais Poços na Foz do Amazonas - Forbes Brasil,2026-09-04 19:11,https://news.google.com/rss/articles/CBMirgFBVV95cUxOZWJlQWxRbkZvZ3NvaU9ONjIwdTV3dk5SbXdDZ1RRWFllRW5qd0dMbC1lM0czVERUU2dTQ1NUa2xnRU8zSXM5WXc5NHlWdlgzWFM1TlBZYjNrUGVvZzNZd3NqRnROTEktMHQ1SkJOLXVYX3drc1lWTkx5TzYwTDFPZGN6eUM5N1NRT1ctYlZUQzg2WHprTFRDNVBRVlpPUUJZN191NXBaYi1obldjcmc?oc=5,Ibama Autoriza Petrobras a Perfurar Mais Poços na Foz do Amazonas Forbes Brasil
Brasil,Búsqueda BNDES (Google News),BNDES,N/A,"Brasil, Pode, Dobrar, Redes, Trilhos","Brasil pode dobrar redes sobre trilhos, diz BNDES - - Via Trolebus",2026-09-04 18:46,https://news.google.com/rss/articles/CBMijAFBVV95cUxQNkNCY0N5TUN0WDlqR19mdVRWR19xV1dpMm5PLTQxTDFRVlRFNTZabzBuTEE1UmxPSmZJdnp0dEthMkFPcndkYlBDNTYwX2tlUnBMdnVYbnR0VHVrem5tcUpBd1Y2a1ZVMFFtZWFua2ZSM0xHZmtwVW5odXEtdFFidWkxVDhfRVN6WGxyTQ?oc=5,"Brasil pode dobrar redes sobre trilhos, diz BNDES - Via Trolebus"
Brasil,Búsqueda ANEEL (Google News),ANEEL,Mercado Livre,"Procuradoria, Federal, Aneel, Pode, Limitar",Procuradoria Federal diz que Aneel pode limitar distribuidoras no mercado livre - Brasil 247,2026-09-04 18:29,https://news.google.com/rss/articles/CBMiswFBVV95cUxNU1RzR0FhUmtKX2JaZjJJU0JNcUxsVkNzOWpaa1g2SEN3cTJ4SHRYZEJQN3FjaUZNbUVOZ0xubWtjTjlDLWlMdVNSOUpkQzllZHVOd0hTRkVLa3JONEhXeUtjSXRPTXRHVVBld1pwRjBzT0diSFFZUjhBZ3pHVlB3X1N0dXVVd1gxZHhwRnZDTVNDMnNqcHJ6ZHFFajdObFloZGxsczNoa2YtTnpQUmZnQVBXWQ?oc=5,Procuradoria Federal diz que Aneel pode limitar distribuidoras no mercado livre Brasil 247
Brasil,Búsqueda ANEEL (Google News),ANEEL,Energia,"Procuradoria, Afirma, Aneel, Pode, Estabelecer",Procuradoria afirma que Aneel pode estabelecer limites para a comercialização de energia pelas distribuidoras - Times Brasil | CNBC,2026-09-04 18:13,https://news.google.com/rss/articles/CBMi3AFBVV95cUxNVXlDWG45S0UzNmpnZXpvOTlhdEM2dUJ2cGNPR2gyUmRFWFpIcmxrTXF1UnMwcGpCeHVtV3ZIdlpDUDUtOHJBSk5SLVhHSktYTmJJSFJTeUVBa3ZjMV9vMXRsNkc0U0IxQVEyNk5lVjhiNGxfYnFDSVRJdUJQS2xVQXpVaHVjeG94ZTgwTHRITXc4R2psYk5aMDJud0NMcjF1NDNmVEttcFZocXExZW9tajhpdTlVNlVicGV1ZEVxbXBzdE1kc0xkd18ycjhsM3c3VWIzd3FWdDBRVG9o?oc=5,Procuradoria afirma que Aneel pode estabelecer limites para a comercialização de energia pelas distribuidoras Times Brasil | CNBC
Brasil,Búsqueda Petrobras (Google News),Petrobras,N/A,"Ibama, Autoriza, Petrobras, Perfurar, Novos",Ibama autoriza Petrobras a perfurar novos poços na Margem Equatorial - CNN Brasil,2026-09-04 17:01,https://news.google.com/rss/articles/CBMipwFBVV95cUxPZ0l2ZEZFRmlDM1FablVacU9keTVsRExja2p5RXJQSGRzbmNNTU9PRmtScW9IbDl5aE9lSEVZVzNTMWpsNWZmWWNJcFd0azhVRy1FYXhEQlRBT0JPVW1rQWlVRFRNZUw0TEJDZUl2M01KVnRVMjdZbWF3OFROZ3hGbkVfaVlyeEFSeW5JaEVNTlRONF9SQ0lhX25qMVlPb2V5NmhVQmJ6NA?oc=5,Ibama autoriza Petrobras a perfurar novos poços na Margem Equatorial CNN Brasil
Brasil,Búsqueda BNDES (Google News),BNDES,N/A,"Electrolux, Capta, Milho, Bndes, Apoio",Electrolux capta R$ 300 milhões do BNDES com apoio da Macke - Valor Econômico,2026-09-04 16:41,https://news.google.com/rss/articles/CBMixAFBVV95cUxQamtFN2xreTBaX1JSRXVfdF9ESDRrMGJGY2MtaDd0eGx4R3p1NVM1V0JacjFsa3gzYTBEVmNYR3NSQWZpR014OXdHNTVvektLOFRHOG9ocFhwb0NjbUxIbnpYcHJaQnVBZktlSkZKNFY4a3VwV2pRdGkzYnVWVWVHQXF6OTBXdFRseFpMQTRsZ01EdkpSS01XV0N3ME1waURVSjRaQ1JtMHNyWXpxakFpakZQVmJLT0JxZndRdlJVWDc1aU5a0gHTAUFVX3lxTFBRdWtJX1JOV0ZtdDRxdnlpWWpZajJnMUl4cWFGQ0xjUWNoTmhSRm1xRXpoaUctczNySlNZZ2lkUHFyWDh1OTBSSXJDdFJiUzN6SGxDZURGTi1xaXlqaTZmX2c0UFd1Sm9NVEI1YWNBcWFSN2VHNGszRTRSNDh4cm43c084aUpvVUw4XzBaaVdWRzdOdUE1ZWdWWHBrenFZblVDSXM5ZWFqYXl4T0tfQkNjeDhhREthM0prYkVnQ0pXUzNIX3BRMmhkaXFxcXpjeFMwNGc?oc=5,Electrolux capta R$ 300 milhões do BNDES com apoio da Macke Valor Econômico
Brasil,Búsqueda Agência Brasil (Google News),Agência Brasil,N/A,"Apenas, Cada, Motociclistas, Cobertura, Previdenciária",Apenas 1 em cada 5 motociclistas de app tem cobertura previdenciária - Agência Brasil,2026-09-04 13:02,https://news.google.com/rss/articles/CBMixAFBVV95cUxOR1RuU2tEbGNkNjV4VkQ5aFhWbmVlUDI0a0trOEdldGVyUWx6ZGZfcXVfeGxsQ0daZjZUX2hvaGp5X0NQM184N1YteDgtVGM2a0RHTVFaVlZZamRneFNiR0toX1FPQ09BbXZkR1RQYlpkQWhXNHJPeG1fWDJuN24yRU1sVGNxYTJadmJfRFp1NU92ZWhQM05aelduRHEtVVNVVXhCTEJ1cFkxMEZpMFMyWFBXTElqdTZzdGRIeXRmS3JydEpP?oc=5,Apenas 1 em cada 5 motociclistas de app tem cobertura previdenciária Agência Brasil
Brasil,Búsqueda ANEEL (Google News),ANEEL,N/A,"Enel, Cita, Tratado, Brasil, Itália",Enel cita até tratado Brasil-Itália para defender concessão em São Paulo - MegaWhat,2026-09-04 12:14,https://news.google.com/rss/articles/CBMisAFBVV95cUxPUjRZdGUwUXRMUnBpTTFmdUk2LVQwR25vVURlb3RxbnQxWXphb1hYMjJ2Y2g2ZXpfQ1lxRVNVZHNBZ0k2U3BVUUUxZnM0ck1ET2hQTHBOX0ZxNmtQSVJXRWQ0YzIyV0VkUlg5b2Fwd0xFY3VVTGFuSVZPVl90cmVYT2x1RjI1TjAxWVA5WUFDS25ucGJFd0ZzX1Zqclp5dmhpYUgtNklJNFJYYkFVdGNBMQ?oc=5,Enel cita até tratado Brasil-Itália para defender concessão em São Paulo MegaWhat
Chile,Búsqueda SEC (Google News),SEC,Energía,"Rodeo, Seremi, Energía, Inspeccionan, Monumental",SEC y Seremi de Energía inspeccionan la Monumental de Rancagua de cara al 78° Campeonato Nacional de Rodeo - Caballo y Rodeo,2026-09-10 21:01,https://news.google.com/rss/articles/CBMijwFBVV95cUxQbkZlRDZZb1dNS185c09TbVNuRmQ4MHJjem1BLU82X1Y1NDNQd1FiTHlxTmY2bi1oejY4WUxCSXA1TmEzMS1rYWJQZXBsa25hRjJMX25reEE2b3dkelJRQURXMTh3R2xEbUdnMEl1a1NacldDLXdZNEpPbi12MGc5aUh1cFVXQ0hvNElhZDZuWQ?oc=5,SEC y Seremi de Energía inspeccionan la Monumental de Rancagua de cara al 78° Campeonato Nacional de Rodeo Caballo y Rodeo
Chile,Búsqueda Enel (Google News),Enel,N/A,"Comunas, Corte, Programado, Viernes, Latercera",Las 4 comunas de la RM con corte de luz programado para este viernes - latercera.com,2026-09-10 20:59,https://news.google.com/rss/articles/CBMiswFBVV95cUxObnIwclByR3ZXcF9uSkQzYkRsV3phTlBoT0RqVXJ2Z05HQ3NXUjVJeFFCT0lXU0JvNnZGVUU1ME1SV0FtWHVOOTUteF9TNDZlYlpDaFBDRGp2MkhTVVpNbzh4MVVCMFBwNEd2REs4VWNkcHpGVC01alJpS2JWdnhQOEtxUHJDTkNQYi1rTUltT21GUHRKUE9PeGhnMnFQaUpaVS1qSXlUbW5pNDA3enBUVTNSZ9IB1AFBVV95cUxOMTEyYkdJNVBra2hXZHpqaHM1TFdqempNRkRMV1huY3gxdXRVa3N4clBHYzlKNi03ZHhnekxXMmhJZHBzQ2xvYnlHd0dQdWg2Z1BOWUhsRVIyTk81aFM4YWFFZ0I3TFRvcnpuVnhqODgxclp1SDMyc2xQQmxEVEdpZHhHQklHdlBBamVfZFZPSVNkaG5ObXJGaUtaazFBMUFuUEh4LWxJOENQQTNUcmM2SUlkN0Z3VmxtLWFVRlg4WjFvRkpIRF9fcmlmSS1yNTJaSzJsSg?oc=5,Las 4 comunas de la RM con corte de luz programado para este viernes latercera.com
Chile,Búsqueda Ministerio de Energía (Google News),Ministerio de Energía,N/A,"Adiós, Horario, Punta, Gobierno, Elimina",Adiós al horario punta: Gobierno elimina recargo de luz para empresas y MiPymes - El Dínamo,2026-09-10 20:42,https://news.google.com/rss/articles/CBMiuwFBVV95cUxQXzhQUV9xYkkwZlU3MFRFZ1d2U1ZqSEI3Nm1NQ3dIN3BPc1JVV2wxbWZpaDI4d1FrN21kdkprUU40dlBhaTE0STlObFhFSlg0NVJYMWs1ZGoyanhuMm84cWFYU0c0c1owdjZ4aFRLUlFOZFZkZ1p3b0sxRnpwSVNxcUJGRkdoR29wZWJWRUZ0bVdwazd1Ym9XalJISVV4Z0N6bkd0V2k2OU92ckNRM1VEc0UyV3pzOEtfOGd3?oc=5,Adiós al horario punta: Gobierno elimina recargo de luz para empresas y MiPymes El Dínamo
Chile,Búsqueda Ministerio de Energía (Google News),Ministerio de Energía,N/A,"Designa, Comité, Consultivo, Especial, Modificar",CNE designa Comité Consultivo Especial para modificar Norma Técnica de Coordinación y Operación - Electrominería,2026-09-10 19:55,https://news.google.com/rss/articles/CBMipwFBVV95cUxNWDRzREdEcFg1UFZ0Z1ltSndTd0lMZzJfU0lFVnM1TFBxbEdNdEV0MjF1UkxPbE8tSWc5dFZkYy0tQjU1LVpvRkZZVVVUeXdEejZlc29RS2Z1Z0MzQldlSndNdHE5S1RuUDdCdGYydDJTVGZTSnExRGtUNk16bFV2S3ljU084ejU1ejFkLVlxUEkxNnFqTnZvNks2RzdjTTVmTUpXcGF3cw?oc=5,CNE designa Comité Consultivo Especial para modificar Norma Técnica de Coordinación y Operación Electrominería
Chile,Búsqueda CNE (Google News),CNE,N/A,"Designa, Integrantes, Comité, Consultivo, Especial",CNE designa a integrantes del Comité Consultivo Especial para la modificación de la Norma Técnica de Coordinación y Operación del Sistema Eléctrico Nacional - cne.cl,2026-09-10 19:02,https://news.google.com/rss/articles/CBMiugJBVV95cUxQeGhGYWUwdFJ6bFh0aElDbVVkLVpfNXIwTXhmM2FOUlFRMHRlOUVyanRfVkVXcUhHSWRvbEpBMzVfdDVDNUppTFdZV09iY25lc2pFcmcxVks0SWtjbTNDT0hUT0NaTl81cnEzQUtGUzhXemVOVXM1VVpsU093ZEdIc2M5SkRjOWRKbkcyc3V0OWVBZV82Vm1nRnR3aWdraVpmaFVSNzAyYm9JdGhpcVVWbFk2ejFCNzJDVjZmRUU2cHBubHBCQkJZQmFwdEdEblJqN0ZkbGgyc0hObzRqY2ljNzdyMW5WaFVvZU5xYzBUZFcxcU91ZmY1T0FzX0dwUllQaE1tV3JGa1NudURSVjU5djZOQUxSNVk0a1ZvZkctWElYRFA3OWFIUWZkdlFTX0hfZktJdWl5OGRVdw?oc=5,CNE designa a integrantes del Comité Consultivo Especial para la modificación de la Norma Técnica de Coordinación y Operación del Sistema Eléctrico Nacional cne.cl
Chile,Búsqueda CNE (Google News),CNE,N/A,"Nuevo, Secretario, Ejecutivo, Reúne, Generadoras",Nuevo secretario ejecutivo de la CNE se reúne con Generadoras de Chile - revistaei.cl,2026-09-10 17:54,https://news.google.com/rss/articles/CBMinAFBVV95cUxPNTRFdFM3cHdOdFBJdTZkTTdOR3ZiNnltWld2eWg1em9tV0h5bDBSV1dBN3gtMS15NDBtQzBCaXRqc0R2MHRQRGRrd2hONVlzSmJoSkJnTkR6SGx6QUpNdkpqSlYyeWFEOTlYWDlmZmE1NS1kVWo0TUVxV0ZVcVNLSHoxUjRZV1RGa1RremJjdUVpUzRzdW5HR0Z4UUM?oc=5,Nuevo secretario ejecutivo de la CNE se reúne con Generadoras de Chile revistaei.cl
Chile,Búsqueda Enel (Google News),Enel,N/A,"Katsuta, Lideró, Shakedown, Chile, Manzano",Katsuta lideró el Shakedown del WRC Chile 2026 en El Manzano-Miramar: Lappi sufrió despiste en prueba - BioBioChile,2026-09-10 16:11,https://news.google.com/rss/articles/CBMi_wFBVV95cUxQbThPWmt3bDA4TTZjQm13aUl5WE83TnMxb05lQm8zaEFPWEZsYXV0MWxXMW16U2lXLTBMU185VFVRNEI3MVRNOEVDSldvUmF1Z2xXaXUwVlhBSW5STjBlaDdIT1BHYW5kWlVfR0E1MHNfS0tFY1g5SVpGQnBmYzlCQzh5WXg2dHdFWGJGNEtRTHlNclN2bnJaLTd1OEFjaXNIMXBYZlNsUXJVUVR3RDJQbGFYRFJxOU9tVGZhMDdDcVNCZjExOG5HWWplX2FiVmZyazVwNERoNjBBeWptUUZEWnN6dmFtSmNXeXowUm91UU5JV1lhaFJ2TnVzdTV3S28?oc=5,Katsuta lideró el Shakedown del WRC Chile 2026 en El Manzano-Miramar: Lappi sufrió despiste en prueba BioBioChile
Chile,Búsqueda Enel (Google News),Enel,N/A,"Confirman, Multa, Millones, Enel, Corte",Confirman multa de $64 millones contra Enel: Corte de Santiago ratificó sanción por infracciones en contratación de seguros y asistencias - cnnchile.com,2026-09-10 12:00,https://news.google.com/rss/articles/CBMi-gFBVV95cUxOdFRCelZ4UnZMb3puQnowLXZYMkNJU2djTXVzOTdCWkNCaFV6aFdsMExmZGhGYjFNMzRPSkc0dU5xbWc2SFZoZlhkWlhsU2k5NGZ1RU9rMkxheWRzcEFIZk0tMVdrcUtob3NCVjRxNXlmVzEwM2V6ejh1eVQ2MXlyRUNRWVlmVTFUR29uR2ViV1pWTVVRN05yZVBvZEd0Y1R1bm5rd1JPWXlJckM5X2E5SEFXN2NDeldDRmpuZ1lGcmFiemV6a2pEbFNRNmhpOHV2YWJVeDhlZ1NMX3dweFU0a1hsMmFMc3JXcGJtLXdSU2xzalVtUVdIcGhR?oc=5,Confirman multa de $64 millones contra Enel: Corte de Santiago ratificó sanción por infracciones en contratación de seguros y asistencias cnnchile.com
Chile,Búsqueda Ministerio de Energía (Google News),Ministerio de Energía,Energía,"Chile, Abre, Nuevo, Ciclo, Mujeres",Chile abre un nuevo ciclo de +Mujeres en Energía con AME al frente de la iniciativa - Review Energy,2026-09-10 10:18,https://news.google.com/rss/articles/CBMixAFBVV95cUxPYmljY25YcHR5WG80STE5YjhRWjR2VnZzY2hKTXZtRU5DdE9VNWpQQmdWZno5UEMzQ0lpTjA4TTk1QmhlS203NlNWY2NpRDNqck54aUFxYzVWTG5WUUoybmg4cUUwTDlLOXFaV1NkTFFWd3NUeTJ4dGU0VDJWdERCUUlRNlVwWkd1T0x5VnFycDNRaE04NE1wMThxMnVXZUVsZVdVbW9tV3Z5aGFOZFdjanQ5VWFUTzNBenFoX3NJS3FDTFBX?oc=5,Chile abre un nuevo ciclo de +Mujeres en Energía con AME al frente de la iniciativa Review Energy
Chile,Búsqueda Colbún (Google News),Colbún,N/A,"Programa, Emprendimiento, Colbún, Llega, Años",Programa de emprendimiento de Colbún llega a 15 años y $1.100 millones movilizados - Chile País Minero,2026-09-10 03:26,https://news.google.com/rss/articles/CBMirwFBVV95cUxOckZ2dmlMSzZzM3JXRXFxcncxYXFZN3RQSGVqaS1RWm9EdF9SSGZFYTFBazFUc2RQaHFOQmtoVjVrc1Z3Y1pkeUtMTDVpQUNSdFNmNGtjWmlXcmJjSUQtczZvT2JmcjctckVvX0k4SEhwWWJHdDc4bGc2Z3NQWElMNzlEcWNRWnpMM2xzcHZGdXVTZXI0THQ1MHJ4VFBTVE96c0ZDeEhmeEJ0NTRNUnBV?oc=5,Programa de emprendimiento de Colbún llega a 15 años y $1.100 millones movilizados Chile País Minero
Chile,Búsqueda Ministerio de Energía (Google News),Ministerio de Energía,N/A,"Comienza, Regir, Eliminación, Horario, Control",Comienza a regir eliminación del horario de control de punta durante septiembre - revistaei.cl,2026-09-10 02:41,https://news.google.com/rss/articles/CBMiqAFBVV95cUxNcGNFcjVia1NIb0E1Y0NoRERzZGlGd3N6R2tFWXlYWmRUS1I0LUlKNWEzMzY0cENOWHRGbmpzcUtCYkZSSWVLRHd0b3ljRXp4U0FzVnZjU3B1aDB5YVNLQkQxQnVmQXFvMTZPdkJyTTh5Tl91YnlkWnJZc2dzRTV3WnhvbG1tMGYwSHVSM09oRFA4UzVpajc5RUJXUVkzQVdBanBTZ3dLQkU?oc=5,Comienza a regir eliminación del horario de control de punta durante septiembre revistaei.cl
Chile,Búsqueda AES Andes (Google News),AES Andes,Energía,"Ventajas, Desafíos, Explosivo, Aumento, Capacidad",Ventajas y desafíos del explosivo aumento en la capacidad de almacenamiento de energía en Chile - País Circular,2026-09-09 23:22,https://news.google.com/rss/articles/CBMi3wFBVV95cUxNNDJ4d2xWQW83bERnMG5HU190dGRrRWlVTHlFOHg4c3NuQU9FZ1BVMlFtdWZsVWdXemxKQlJscWdOeGdHbk5QS2VjR3hWOTNlbEdteHNTWnZIdkwwaVFTNTh1TkZteUl3Wjd6MDAtZm5pYUhwVmZLS3N4aTVaNm5Mazc5b3M4LUZEM1FVUVJScGNzZ0NRMGJaTlZLc1U3RTN6ZVV6VTJveTkxaU9vODN4U3M4WEhMWnRFRG1aNWNxYWtLNThOakJSZ0xaQm04TjBnTTY2aTBKY3NXYjFaSW9R?oc=5,Ventajas y desafíos del explosivo aumento en la capacidad de almacenamiento de energía en Chile País Circular
Chile,Búsqueda CNE (Google News),CNE,N/A,"Empresas, Eléctricas, Fortalecen, Diálogo, Desarrollo",CNE y Empresas Eléctricas fortalecen diálogo sobre el desarrollo del sector eléctrico nacional - revistaei.cl,2026-09-09 22:39,https://news.google.com/rss/articles/CBMivAFBVV95cUxNc2t6UlppRE1xUWQxZ01lWmp2d2dkSndiSFFsQzFFVE01QWxCOXhra3MzcFI3eTBmeVByQU12U2xHWFpjT2hRSE9rR3loRWtlbHNVWXBiZ21NdjhRN19idm5JaU5IWWNHZEluRzIwNkFRLXI3SVNMRFAySm9GRkRoZm5VaEJteEhRUDh4dHlqeUM5NEZPMGVOZkJtdkNiVEpacGI5VXJrbjZUNU5BYkhKQzBVVHlEelR2OVhUUw?oc=5,CNE y Empresas Eléctricas fortalecen diálogo sobre el desarrollo del sector eléctrico nacional revistaei.cl
Chile,Búsqueda CNE (Google News),CNE,N/A,"Español, Secretario, Ejecutivo, Reúne, Generadoras",(Español) Secretario Ejecutivo de la CNE se reúne con Generadoras de Chile - cne.cl,2026-09-09 22:03,https://news.google.com/rss/articles/CBMiwwFBVV95cUxQOVgyR0hIR1VpVmE4NFBzQ0JlMWdoeE5jTWlXN3hhSVMzUjBmVG9jYUk1R0hUeEQyUkRfbjJTd21uVGh3Y2RPSmtVUlJuWDNIRkFSaUxCMzRPVlhGNEhLS0RHbmJLYy1IR0Uwc1FsVlNMZTJVTHQ3QTh5WnNoRW5EbUZWYkNuQU5wWGlhQXE1NDhWUkpRcHUtNGVsQ1B0QjVMZEh0X1I4LTNSUk0tM2VCZTJEMkQ2OFFIU1ppNFh4TTk5YTQ?oc=5,(Español) Secretario Ejecutivo de la CNE se reúne con Generadoras de Chile cne.cl
Chile,Búsqueda CNE (Google News),CNE,N/A,"Secretario, Ejecutivo, Reúne, Generadoras, Chile",Secretario Ejecutivo de la CNE se reúne con Generadoras de Chile - cne.cl,2026-09-09 21:41,https://news.google.com/rss/articles/CBMivwFBVV95cUxQdFN4bFJfckVMLU1aZFFwS0preEVVMXJfZ0syRklSR0xpZXpIaENfUzIzb3BZZ3F0WGNSWWgtbDRLb2VfY182ZDFGOHRJc2JnS0RBV3VRZVRxMXhwa3pONTRwNTN4ZFFjOGNaUHJuQURMMkFIM1RYd3h0dGd6RnhlcmVXMV9QcnVXaUNJV1hmOWI0bDd1UEx6cFhLX2Q1Qnl0RXVCbW5DYm5xZG9ObzU1QklES052WHRCMXNOOC1uZw?oc=5,Secretario Ejecutivo de la CNE se reúne con Generadoras de Chile cne.cl
Chile,Búsqueda AES Andes (Google News),AES Andes,N/A,"Andes, Ingresa, Asociación, Chilena, Data",AES Andes ingresa a la Asociación Chilena de Data Centers - Electrominería,2026-09-09 19:34,https://news.google.com/rss/articles/CBMiggFBVV95cUxOY0dqVlpJWHNnZlRLR2pBRWdHYzF6ZlFSR2VzLUdncE1mZlUxbmxMbU5RREl5SXVSZUJxalNJMFFXUWZkN09GbGgwQk9xMzFvY1FZUXZRdVU5ZEVwNU1IZ2UzYmtXMnFucXBPS0gxcEk1cGMtT196NDJEVExhYldncW13?oc=5,AES Andes ingresa a la Asociación Chilena de Data Centers Electrominería
Chile,Búsqueda Coordinador Eléctrico (Google News),Coordinador Eléctrico,N/A,"Coordinador, Eléctrico, Nacional, Llama, Anticipar",Coordinador Eléctrico Nacional llama a anticipar la infraestructura ante crecimiento de la demanda de data centers - revistaei.cl,2026-09-09 15:52,https://news.google.com/rss/articles/CBMi1wFBVV95cUxQa2w4UFBrVGJYaWExR2RvS0ZhMGh2Y2pYQzlTTkNDa3VZUEw5N093aUJYX2pndlp2ejV4MURfNHFtRVhsb01xWXpLOVRYbXNrc0h6UlU5bjN3M3RZRWEwWVVjWWhYbWFiRUFFSG1URUxzQnhnemZRcEg1OTFGM3BkYVdsb0d6d0lMOWZzVWhfbF9FeTVGTGZCeGw5OFRmeWJzRDhfcTM0UmhxbU5PanRMbnhPYnZ1bk40QXhnQU5vREd3Yk1mT09Ld2h1dW9EQ0NmcGJlMjVUVQ?oc=5,Coordinador Eléctrico Nacional llama a anticipar la infraestructura ante crecimiento de la demanda de data centers revistaei.cl
Chile,Búsqueda Coordinador Eléctrico (Google News),Coordinador Eléctrico,N/A,"Chile, Académica, Claudia, Rahmann, Designada",Académica U. de Chile Claudia Rahmann es designada consejera del Coordinador Eléctrico Nacional - Universidad de Chile,2026-09-09 14:04,https://news.google.com/rss/articles/CBMiqgFBVV95cUxON3RRY19mSGdHRWFRaXVEa1gxeVF6MDBoVEpsZnJmVm1pbXZ2OHJXUGZMcV9BOW1KQTBIU0RzN3VhVEc4ejJ3a2NrbzhIemRzRTVLZEFvYXU0cnBtMjhtQkRTdlMxeWF2OTZqV2NwN0REUXBqM3lkaXVZTjB1Vkhja2E3QUc2ei1nYV9ZOG9sT1JmT2NHQm9EMFF6dHVOdGRJTW1IY05VdXhqdw?oc=5,Académica U. de Chile Claudia Rahmann es designada consejera del Coordinador Eléctrico Nacional Universidad de Chile
Chile,Búsqueda SEC (Google News),SEC,Energía,"Seremi, Energía, Llama, Prevenir, Riesgos",Seremi de Energía llama a prevenir riesgos eléctricos y exigir certificación SEC ante la llegada de Fiestas Patrias - elpinguino.com,2026-09-09 12:31,https://news.google.com/rss/articles/CBMi5wFBVV95cUxPYjJ5dDBwcDhULVpMVnV3a21KbDRJZ1BKRjlDb1V3NVlMSXRLWU54MUJkemNHcUE1SGdVeHFCb21DZU02SHlfY00wRkNLc1JFNTNoTFpjTDlhQlRWX25WZWxFVk9OMVE1anVNVUVpYXk1aW10MVd2eWxBOTFEX01HWm9jUDRuNlBkMnA0Z25IV2R4RkdDWVYyRnJ1Q0RwY0lReDRSdnNBVU9jcDdLX3RuQUJQVHhjRldzZlduaVJyMjVzY1hvQ2hlbFpsTDk1Y0RZLWloNW9RRDVVbTRCNlAwdEp0MWotck0?oc=5,Seremi de Energía llama a prevenir riesgos eléctricos y exigir certificación SEC ante la llegada de Fiestas Patrias elpinguino.com
Chile,Búsqueda CNE (Google News),CNE,N/A,"Humberto, Espejo, Paluz, Elegido, Presidente","Humberto Espejo Paluz es elegido Presidente del Consejo Directivo del Coordinador Eléctrico Nacional, mientras que Claudia Rahmann Zúñiga y Eric Ahumada Gómez son elegidos como Consejeros del mismo organismo - cne.cl",2026-09-09 07:00,https://news.google.com/rss/articles/CBMi8wJBVV95cUxOVWp4QjNBOUUza0RWc1Q4NjRlWXFZdlhsRUxQdWdDZndNS2M2VGJtNFlZRGFDNng4Q1I2Rk9NcEhVd3A0ZmhtQmtjRXFSbmV2d2ZsajRackZ1cF9BeUF3NFQ1V0FCb0pycEtFTVZoTVZseXVEZ3N6Uzd2LXdoQlZLOG5SQlJjMmdHZk53TUJRTjNHbUlPQ3lOdnlJTzBpQjZPcktocjc4WGhUbkVPNUhMeVZ2ZWRDcG5wQW0teWtadnkzNDNuXzQ2RTdwRFd4RkNRWDFDdXY2N05lR1dHMXJLam1mZGROaDVLdkczNS1kb29MZGdHMHRWcUl3dkdGQjMtU2c0WWFObkpJcU43SU1sUXRSLW8wakQyUzdJTC1XdkJXZGtyUVJtLUowOWx1TDFoTFBEZEIzLTJvZUtDS1o1RVJZVjZVdXBTOFcybk1lLVZxdjEzd0VhX1VGR3M1VGJrZWtBVVJ2ekhBNEl4emhQTnpmTQ?oc=5,"Humberto Espejo Paluz es elegido Presidente del Consejo Directivo del Coordinador Eléctrico Nacional, mientras que Claudia Rahmann Zúñiga y Eric Ahumada Gómez son elegidos como Consejeros del mismo organismo cne.cl"
Chile,Búsqueda CNE (Google News),CNE,N/A,"Secretario, Ejecutivo, Participa, Seminario, Futuro",Secretario ejecutivo de la CNE participa en seminario sobre el futuro de los mercados eléctricos y los desafíos de la transición energética - cne.cl,2026-09-08 21:41,https://news.google.com/rss/articles/CBMiowJBVV95cUxNTzZqNHVEUFZsd2FCTW5oV2ZsVWJUQnAyX2FSc3VCTUlRLVowS0lmaUdJWmx1Y1VaUS1CeVFRbXJMRDUwX1BIaV9sNnFLTG9xLU5kOHZtVXRYLVMzNzVZeXc5NC0ySzVNVm9Nb3BPZ2pTVldIOHNETm03MjB5eHVhb2Zyd2FfSzBtTlBOZkpMZHlkR1B1RDBsZldVMzJKVjhCLTBfZ0FQUFc3aE0tY2FNaHcwQ295Q1A4eUFFUDZiaHJ3dTAyYk9wRl9mTGlRazZ2d18zdWlGaUliOGJrMU1TeUYzZEpPVlZOME9WeFdSMS1lZFk4Yk5PLUhuQW1XdnNVUnV3UWZNZTBwUTFveXRjdWVwTkZINEh5bkxlOE5ycWJaR00?oc=5,Secretario ejecutivo de la CNE participa en seminario sobre el futuro de los mercados eléctricos y los desafíos de la transición energética cne.cl
Chile,Búsqueda Ministerio de Energía (Google News),Ministerio de Energía,N/A,"Ministras, Lincolao, Rincón, Anuncian, Chile",Ministras Lincolao y Rincón anuncian que Chile participará por primera vez en CES 2027 con pabellón propio - revistaei.cl,2026-09-08 20:32,https://news.google.com/rss/articles/CBMizAFBVV95cUxPSWFRY2hkbkJQbDZuQ21TVTBGLTh3VVY0MG5UNEkzRkNiMi1hNnNCOEkyTEdQbi1WSUxWUWdvZU8tVG12N2kweDVrYllMUThnT25VLXVRdmRVRGp2MkdENlpzNVpFLUwxZlpBd2hrelBudjlvOHAySDZTNjQ1NVlEaFZucVMwdEVVaFJLN3RRREhKTldYZTlDa3BSd2M1aXdYeTVseG1Sa3hsSDI4eDRhZ3AxS0ZnRHNLR1V5bmpvWHhDclNXRWZOeUYwMEg?oc=5,Ministras Lincolao y Rincón anuncian que Chile participará por primera vez en CES 2027 con pabellón propio revistaei.cl
Chile,Búsqueda Colbún (Google News),Colbún,Energía,"Colbún, Abastece, Energía, Eléctrica, Gran",Colbún abastece 24% de la energía eléctrica de la gran minería en Chile y destaca volumen suministrado a Codelco - Electrominería,2026-09-08 19:58,https://news.google.com/rss/articles/CBMifEFVX3lxTE9QVmVrM0d5bTR2UDFwaDNYdmdvbDZSek1ZU29hTE9KYWdEMjYwRk1jc3BMa1lCZVR4LWxOYTdLMV9kNk1ZLS1yMkN6MnJMcHloN1NOSm1NNmdhR29ibV91OEE5a09BUXEzSHNHSkZ4QVNpLXg3RXpkUDk5MXg?oc=5,Colbún abastece 24% de la energía eléctrica de la gran minería en Chile y destaca volumen suministrado a Codelco Electrominería
Chile,Búsqueda CNE (Google News),CNE,Transmisión,"Define, Condiciones, Valorización, Instalaciones, Transmisión",CNE define condiciones para valorización de instalaciones de transmisión 2029-2032 - Electrominería,2026-09-08 19:08,https://news.google.com/rss/articles/CBMirgFBVV95cUxOVDdZaEpaY3NaNWJmSEM3Nkk4WmFjVmk3aGFpNG1KSXpxSVZraHItdUpERG1FX2tzNE84RjkyV2I5WW5TMFoybWZuTE9GcFpWS3FqNTZzcjY4bDVrdXNHNjZ1cnhDYTVfRF9iTEhkZWhPbmVFTUhzakN5RTUwVlN0N3hnV29WZzFUd2tFVkk0LTJYQkg1czFZLVpyU1JsUUtKdERRSXdUWDBLYXZEQnc?oc=5,CNE define condiciones para valorización de instalaciones de transmisión 2029-2032 Electrominería
Chile,Búsqueda Ministerio de Energía (Google News),Ministerio de Energía,Energía,"Seremi, Energía, Confirma, Normal, Abastecimiento",Seremi de Energía confirma normal abastecimiento de GNC en Magallanes y aborda el impacto del alza internacional de combustibles - elpinguino.com,2026-09-08 19:01,https://news.google.com/rss/articles/CBMi-AFBVV95cUxNX3J3VG1BbU5Nak9Yb2NNcnZMREZQYkRpWWxhRTNfNmU4V1RoXzRXT3VIaURQNWNpOE5PLU5aQXp1UlZDbnhVVEdnZUJudWN4ZVRkTnBwWDc4MHZRQ245Y05EZTFOcEp6a0NhLXl3bWUwMXpmdWdxWENuWWNpRko2Z3I3LWN3RWVyUldGbEdpOFhEXzltWVhxb2cyc3NWcG9zVU0xSlFzblUzSDlPTHkwRktIcFdaRnhScWxCNWxvbW9LeFFrR0R1MC1TeWNSSWhLejc2a3JUdTRXeW9LWUVYZ2x3eW9FYl91RUlsRS1OTjRydlFLdE05cA?oc=5,Seremi de Energía confirma normal abastecimiento de GNC en Magallanes y aborda el impacto del alza internacional de combustibles elpinguino.com
Chile,Búsqueda Ministerio de Energía (Google News),Ministerio de Energía,Energía,"Reciben, Revelan, Ministerio, Energía, Dialoga","""No los reciben"": Revelan que Ministerio de Energía no dialoga con Asociación de Funcionarios para tratar despidos masivos - ContrapoderChile.cl",2026-09-08 17:58,https://news.google.com/rss/articles/CBMi4gFBVV95cUxQMWlnVjl4ZnB1eW5RcTNuNjAxTkRmVHFCT3BQWkFQNk9abHYtbEoxakpOQ1ZQeFlwNGliTGVHeG1wMjdUaWZPOTBIWkVxRmduUzVtMmFqXzNOVU5mYk53bTN5d2FfenBmcjZ2cFpIVHFiaWczcVRFZUZFeC1oaDNBczRiNFpDVVpqZjUxczhpTzdOTHg5LW9zcHhFcW4zM1UyU3FDMTViMGkwSHNIZ3BBQUE5eGs0eEJqMU9GbWdlUENwcmhORDFldFVZalBXclJzZS00dV9oMWYtbHlEdkgyZ1l3?oc=5,"""No los reciben"": Revelan que Ministerio de Energía no dialoga con Asociación de Funcionarios para tratar despidos masivos ContrapoderChile.cl"
Chile,Búsqueda Colbún (Google News),Colbún,Energía,"Colbún, Abastece, Energía, Eléctrica, Gran",Colbún abastece 24% de la energía eléctrica a la gran minería y a 75% llega uso de renovables en la industria - SoyChile.cl,2026-09-08 15:33,https://news.google.com/rss/articles/CBMilgFBVV95cUxPVEhfSmZHY3lKUFpPQkVielBwSkw1aFpBbEhsZ1UzSjg3N2RBNjdBcHRCZ0VVbW1aVk5fRy1KNFdzTWsxVEw3OTZBNDAzOVg0RkExRTk3cWh3UkFPenV0N0p3RTJvVHRaM3FrWHNfbmlaaHRoaHNNR1JpdXltUDY2N3dxZUU5b01INFhwc3NOazcxQWhhdWc?oc=5,Colbún abastece 24% de la energía eléctrica a la gran minería y a 75% llega uso de renovables en la industria SoyChile.cl
Chile,Búsqueda SEC (Google News),SEC,N/A,"Electromovilidad, Chile, Revela, Fuerte, Aumento",Electromovilidad en Chile: SEC revela fuerte aumento de cargadores para vehículos eléctricos - Radio Agricultura,2026-09-08 13:56,https://news.google.com/rss/articles/CBMi5gFBVV95cUxQRzNPOWoxcnQxSmZQLTVodUhJS05YUFhpQ19YT1QxeG1jOS11cWJIRlVHWElKcXNpZTNQV0EyNWpuc01yOFJkU0g2RnZ6dXFtS2pHUlNDbnVFeXZ6UmlhSDJtTmZudmNjZWtxdFFnTC1CalFjUm1yX24xOHRtRFdiaFRkZUh3VjNCOHZSdnQ5OTdCaW5yaEtqdVBOLXhVc3p5bDYzaEdaZ1lOUml5MGtzSmNuUGlEdGRETGIyVzZEMno5WE1IanNrS0JicnJDNnBVTzFGRVhKel8wQzhBNVRQUkMwZ3ZZUQ?oc=5,Electromovilidad en Chile: SEC revela fuerte aumento de cargadores para vehículos eléctricos Radio Agricultura
Chile,Búsqueda Coordinador Eléctrico (Google News),Coordinador Eléctrico,N/A,"Prof, Claudia, Rahmann, Designada, Nueva",Prof. Claudia Rahmann es designada como nueva consejera del Coordinador Eléctrico Nacional - Universidad de Chile,2026-09-08 11:12,https://news.google.com/rss/articles/CBMiqAFBVV95cUxNbjZfUkdGcVJOY2R4V18wY1gzd19XNjZaaE1RSkVDeXdzYVN4NE4wZ1RWM0liVjVBX3VpY1VnZGtUVGw2aTBJZENHcU5fWUxPbURVYnZ6ZlUwbHpfRjF0OGR4NDlVMGhkcGFUU1hsc1Bnb1g0WklxR1czd0Zhb0lxSmFTZ3RpUE9uTmFlRGpZa3R3cWVRNHRkVDctNl94WWJsQzZQYzdZRXk?oc=5,Prof. Claudia Rahmann es designada como nueva consejera del Coordinador Eléctrico Nacional Universidad de Chile
Chile,Búsqueda Ministerio de Energía (Google News),Ministerio de Energía,Energía,"Asume, Liderazgo, Iniciativa, Mujeres, Energía",AME asume el liderazgo de la iniciativa +Mujeres en Energía en alianza con el Ministerio - Reporte Minero,2026-09-07 13:40,https://news.google.com/rss/articles/CBMitwFBVV95cUxQZzlpcGlNa2pCRGR0Zl9tUlJyVUxucXVqYkp6MzZvcWo1ZkpUMlQ4ckt4eUVqdWE4cVFTNk5WdC1qYlh4Q2lFUUVkUnU1SjYtQl9nU2pNMEtTM01QMkc4V2ZaZWdyd0RzY2cycmxzejZpWGllNkpoeXFtQ21SOGFGc21yd0ZlcDVFNHYyNjh0Nm9Rdld2WFY2NVo4ZGhuQ1VwMWZLTW5lX2FmWVV6eGdyQVp1TWdpd2M?oc=5,AME asume el liderazgo de la iniciativa +Mujeres en Energía en alianza con el Ministerio Reporte Minero
Chile,Búsqueda Ministerio de Energía (Google News),Ministerio de Energía,Energía,"Energía, Asume, Liderazgo, Mujeres, Junto",AME asume liderazgo de +Mujeres en Energía junto al Ministerio de Energía - Nueva Minería y Energía,2026-09-07 13:14,https://news.google.com/rss/articles/CBMirwFBVV95cUxONXpzUGlOVFNlZ3NfbG0ycEJGaHdNbGwyd2F3Wjhqa3hnN2VWQ0c1b0pKcU5UR1N2Vy1mOVRtOXlodHNYT0VTbUxhVG95cm1RLXctVmJibXU3cnczY0FLLU4yRWpPV1hDTlhoWkUtZ1hYRXRvSDFSaEp1R1pWanZWZW5FZC1zUlA3MGJwTnp3Tm1YYk5xQlBJcEI4TFRCNHZZeDZKZU5FdVBJTGwzd2hr?oc=5,AME asume liderazgo de +Mujeres en Energía junto al Ministerio de Energía Nueva Minería y Energía
Chile,Búsqueda Ministerio de Energía (Google News),Ministerio de Energía,Energía,"Mujeres, Energía, Asociación, Asume, Liderazgo",Asociación de Mujeres en Energía asume liderazgo de +Mujeres en Energía - revistaei.cl,2026-09-07 13:09,https://news.google.com/rss/articles/CBMinAFBVV95cUxPbWt4a3h5MVl2aTdRU1czblAzSWFxYnVJTDBaU1N5TzN6UGVFQU5jSWhKZVc2bDI1WlEwREpaOGlsZXZScWR1ZDhKdFo3TllKbzBnckpKV3o2Tl8wUDJYTzRxakxLbWl5cjR4Y21CMVlOQ3ZzWUFmbUJkQnpJU291M3UwSGQ1LUQ2Si12bWhVRjBxajVPeHR4OWhMMUk?oc=5,Asociación de Mujeres en Energía asume liderazgo de +Mujeres en Energía revistaei.cl
Chile,Búsqueda Engie (Google News),Engie,Energía,"Engie, Amplía, Almacenamiento, Energía, Chile",ENGIE amplía almacenamiento de energía en Chile con 251 MW - Inspenet,2026-09-06 20:45,https://news.google.com/rss/articles/CBMigAFBVV95cUxNZzNEMVBuTXNsS25heUpNOGVOcFEwVkVfc3duOThielBRZDBJZG5DVURIMWd1d1JTN19rTUFFMWtGalFyRTlDYkZPX1VxWXFmNENNektFbElERmhZdzA2TVFGZDJ1R3d2bTNMS0NrU0c2UkZsWVpFb0RUTXI4bjBZRA?oc=5,ENGIE amplía almacenamiento de energía en Chile con 251 MW Inspenet
Chile,Búsqueda Colbún (Google News),Colbún,Energía,"Colbún, Principal, Desafío, Sector, Utilizar",CEO de Colbún: “El principal desafío como sector es utilizar la abundancia de energía que tenemos” - latercera.com,2026-09-06 10:00,https://news.google.com/rss/articles/CBMi0gFBVV95cUxNdjJiMXl6NEp2SmRZRW9DaXM1T0ZyWEY5SnFUcTBPRzVJbWtvREFBNk12VnNiY19ON2pVVldsTTJ0MUJfUkhNOWZoYnVLU0plSW9uaHZuclowMncxbXBLWF9LNnAtNUtEUTl6aE5raWdsWUxtQXFNTWp0NnVWME11WlJnNUo1Sk9xbHptaHdjSEpkSmUtemNJa2hFaFFkd1d1bEt2UDAyTERNMWExUGF0aUVrMzM2TnROMXVNcjhpZU5BXzdxNDBrRjkyN0NMLVVkR3fSAfMBQVVfeXFMUEczWFdaYWh4LWFLTVY3YjVjalBKejhWZUhvTS1QMlRnb3lKSWFQUkJ4ZWRoVzR3eW5sSlkyU0FNd0hMSU9HSGNELXRjRXBWRG9yanZ1N3lVaVVQa3RFdHZYVWxDbVVKbDN3aFRfY3FwUUNnaUhsVmFXWFN4OTFjREhEc1o4SG81OWdKcERLcUtBSTUtWXZWdWxUVGVveE8yRVFNYzFwOWlwdEcxMHRMbVgzS213OEduRWFjTkpJVlpkdXFJcnU2MXdHeGxHd0wyQWtmUUZwTTJ0UHFOQ3JZZTlncmQ2Q0NXXzV3YWQ0dmFhZVA4?oc=5,CEO de Colbún: “El principal desafío como sector es utilizar la abundancia de energía que tenemos” latercera.com
Chile,Búsqueda Colbún (Google News),Colbún,N/A,"Lago, Estaradero, Infraestructura, Espacio, Público","'Estaradero del Lago': Infraestructura y espacio público en el lago Colbún, Chile - ArchDaily",2026-09-06 03:49,https://news.google.com/rss/articles/CBMi2gJBVV95cUxPOHR0RVBZYmRiYTdwMno5TDVyMXRoSG9tc2Z5dEVqVEVvSWZTRUtoY0JoT21RQUhKX05Nall3bFhjSDNpYnliTnI3b3k3V1RFUmpHOVBaeHhpZTVIdFNodnZSS01ZM2t3dk1GaDNSdHFfOWFMRVdBVXlrUEpwRU9zMlltRkVGaHJrbVJpT040bE5hYzNmOXFNMmxYUVlvUlpvTzdTQzB6UzhZeDdNcWJmSzV3TjAwWHRMcHI5S2RwTG5BdGxYaElLNkhlSENoWVdfaFB6eTJ5UlpMZDlTcllabkltNHRNd3o2NVZTQWF3bVdTZVItU2RYWnVZZFFXckgxS0FwVGozWDJGaXZuT0RXMlYxanpqZGl2N2tRWDMwQlNHSXlDaWVSX190VlA0aVM2S2dyaWlEbXFDb1l3MWlpd3VvZ1F5d0ZUeUtrdHJIRk9STW1WcTI0RURR?oc=5,"'Estaradero del Lago': Infraestructura y espacio público en el lago Colbún, Chile ArchDaily"
Chile,Búsqueda CNE (Google News),CNE,Energía,"Participa, Lanzamiento, Nueva, Etapa, Iniciativa",CNE participa en lanzamiento de nueva etapa de la iniciativa “+Mujeres en Energía” - cne.cl,2026-09-04 21:53,https://news.google.com/rss/articles/CBMi0wFBVV95cUxPMjdjYmRHTDVENDduSkRSbmg1WUJ3YjZqS0l2SkFQNmlMS0pIRF9ScGxXNzRxckUxZ3NWazNnWmdsSDRYV3ZvYlpoSHhmYUlEZVJ5eVNfZFJoaWI5NzNxMllZa0ZmRGZWOW1GSHpkcWd5ellwTl9xcjgxSjFwQ1NJZTktSUVLQXlpeGYzNm5PM3ZnNTJ3cGgyWk5JR25PbFBHSWFaaFYtbGxJZ2g1MVo1aW9fd21IZGllUUNBbmNJSlkzMUc1RXBUXy1iVjZNeW5HNHFV?oc=5,CNE participa en lanzamiento de nueva etapa de la iniciativa “+Mujeres en Energía” cne.cl
Chile,Búsqueda Ministerio de Energía (Google News),Ministerio de Energía,Energía,"Ministro, Asiste, Presentación, Nueva, Etapa",Ministro Rau asiste a presentación de la nueva etapa de «+Mujeres en Energía» - mintrab.gob.cl,2026-09-04 21:13,https://news.google.com/rss/articles/CBMipAFBVV95cUxNczdDdzJyU3RuT2NFckJIcGl0UnI2YVlGZ2lZQVlfS2s1TnZHY2JGV1dLZ1ItLV9CTE5aUGRZUTVhQUpWTGdOZmhlVzVKU3Rqcm5uT3ZBcTI2dkxtTWpvTXpRbG5BUUhZdzhvS2stTEdrS09XUU9yVGc1OGJIZzgteFlpUkFFdG93MlpxeGM3Um93Z1ZiLW5NUHY5dXVydG5ObFMxVA?oc=5,Ministro Rau asiste a presentación de la nueva etapa de «+Mujeres en Energía» mintrab.gob.cl
Chile,Búsqueda Coordinador Eléctrico (Google News),Coordinador Eléctrico,Energía,"Humberto, Espejo, Asumirá, Presidencia, Coordinador",Humberto Espejo asumirá la presidencia del Coordinador Eléctrico Nacional hasta 2031 - Nueva Minería y Energía,2026-09-04 13:13,https://news.google.com/rss/articles/CBMivwFBVV95cUxQd2s3MkhTOFpMTHZYekN5c25md3FDbG9nbkJhd1RKNFUxVFFUaGNOb2RKXzRiQ2lPLVZlaGRPMTE4YzlCUmdCOFZMMFhTTzNiVGcybFBiUjhmb085ekNBZVBaZ04xN0JXZ1B3eTlaVmFhTHJzOUZ5aUJ3bzNiRUFVMmE3cFBOZlhpUkJXYmpEWW5vTDgzWFhSbFhVNkJFMzI4NnlNdXAyMGN1cFFza0tzbHJVZGZSZGU3TWlDMk5OOA?oc=5,Humberto Espejo asumirá la presidencia del Coordinador Eléctrico Nacional hasta 2031 Nueva Minería y Energía
Chile,Búsqueda Coordinador Eléctrico (Google News),Coordinador Eléctrico,N/A,"Humberto, Espejo, Designado, Nuevo, Presidente",Humberto Espejo es designado nuevo presidente del Coordinador Eléctrico Nacional hasta 2031 - Reporte Minero,2026-09-04 12:07,https://news.google.com/rss/articles/CBMisAFBVV95cUxOOUxZNzVKNkdaOXpBZFZXbHBOT3YwUmZoSXhtdE5INEFPYndlX1Y2bVJVWDltOUYtc0poOE5ZYXBfQnpXYlNTbUdzTklJdFp3a3h4ZGxyVTdoLWZIa1dpRi1uM1o4allpR05fWTlNb3NfV3RreHlrZWZiRHNhS1U3WEY3MUpwdGU5MU1kTGJ2TWFmSERMRFl0RHBXempGQjZfMHc2VDFKb0JwYzJDemx4ZQ?oc=5,Humberto Espejo es designado nuevo presidente del Coordinador Eléctrico Nacional hasta 2031 Reporte Minero
Colombia,Búsqueda Afinia (Google News),Afinia,N/A,"Procurador, Anuncia, Mesa, Nacional, Abordar",Procurador anuncia mesa nacional para abordar crisis energética y situación de Afinia y Air-e - Emisora - emisoraatlantico.com.co,2026-09-11 02:13,https://news.google.com/rss/articles/CBMizAFBVV95cUxQeTNRNUZ0SF9mb240c3c3ZERsTVZQY0dIVDRsUm00RWpyNUxUMVI5bTRjdE9TYmdHV0FSUm4wYXVfUW5FZkdYeHhXamlGaFhkdndoM2JxaUUyXzdvNGNvSWs0TmkyN0wwZnBrd0ZzeTd4bFFJZ3N1SXIyNTR3TWI0SG1zQkRQSDNwYVp3dVpxMklKdkZIUzNEckZNbHFEdTFEV3hjNUdZYzlLU0JfNDBUa09YZ194bURyMWROcXZNeW9Kcmpxc25ZbXVlMHTSAdQBQVVfeXFMT3RsSE5OaHNLRWFKZDFZcEhDdy16a3pxelVtTnR3YVdOaUJRM002Yy1faTZXbEhuSEpfQWZLS2tUZU5RbWg5V0JyOTVVSjM2VnBGbmVVeFBqZ2puRlZaZHlydnRNeUl3RkJ6WVAxdGR5S25GN1VHNEhFcV9meHVaWWkwUEhCclR0RnhzeTdiX1RwQV9xLVZIbExDWmVLUzFFbEFjME84cEI5dUYyUkpUbVVpVURYemJmMnkzVmdfTDgyOHZ2QThkUmt1bFl1aVhvVjU4MFA?oc=5,Procurador anuncia mesa nacional para abordar crisis energética y situación de Afinia y Air-e - Emisora emisoraatlantico.com.co
Colombia,La República,EPM,N/A,"Recibió, Certificación, Aeronáutica, Civil, Manipular",EPM recibió certificación de la Aeronáutica Civil para manipular drones en sus operaciones,2026-09-11 01:48,https://www.larepublica.co/empresas/drones-en-las-operaciones-de-epm-4479250,"Estos ayudarán en las inspecciones en redes eléctricas, subestaciones, centrales de generación, embalses, sistemas de acueducto y alcantarillado y plantas de tratamiento"
Colombia,Búsqueda EPM (Google News),EPM,N/A,"Recibió, Certificación, Aeronáutica, Civil, Manipular",EPM recibió certificación de la Aeronáutica Civil para manipular drones en sus operaciones - LaRepublica.co,2026-09-11 01:48,https://news.google.com/rss/articles/CBMiggFBVV95cUxOLVVhbndXdzBveHZxZ0ZfelAtRGhWblRjeG1OQmVXX3JFVWt2a0FXN2FIT1hpTTBGR3p6Z05hZWVKYjhFbkd5RG5fc0lnNDl2Q1FnQTRCazEwNlFRU0xZNmEySkxBYjk0R0hyUGNQQmVHUkdyeTVfaW5OMElLYVQzQnN30gGCAUFVX3lxTFBYSjh0a2dranJHWkF2c1RsZjdXd05waEpLM1lvako0OHhQUXQ1YUc2OXRDMTc4VHI5dFFzS1I2OGxsRThKMkZLaDAwRkRJeVlYdDZUdEgwaXdfWWNFSTY1SUdON1pWaF8wQjdmTldpUk0zR1FBT0s4aTBRZmNEdk0xWlE?oc=5,EPM recibió certificación de la Aeronáutica Civil para manipular drones en sus operaciones LaRepublica.co
Colombia,Búsqueda EPM (Google News),EPM,N/A,"Obtiene, Autorización, Aerocivil, Operar, Drones",EPM obtiene autorización de Aerocivil para operar drones: tiene 22 aeronaves y 56 pilotos - Valora Analitik,2026-09-11 01:34,https://news.google.com/rss/articles/CBMivAFBVV95cUxOaGlhZVN4ekEtcGdxSk9Id1VQa1lnZW4yNG1BNllqUVNEcDdnb3BQVTYxUjY4NHowOUxLa0hVNkcxYlFKODMzMGhyb2RGWkJBMnNoNFllTzhNekF6ejJ1NFBTZ2t3d3RqeWZkSlR3NDNYaGdWODQ4bHN1RUY4MUstVVY5ZWVTX1ZlWjVvVkhxMUhsQldUNkFBb1Y4SWo0bHRWSnV1SDhWS1dYanV4ZjRwLUdwaV8zc0ZwODY0bdIBwgFBVV95cUxPZ19ZVGY5djFVRnFGaldyeEdPS1E0Tlh3d0w5YkFOblBrVXNra0Z1aXNRUS1VWW9xcV9PVnpfQ25LVGRjOTc5RkdTam5GM200MW9XNlp3NGQybjcyNmtRMWJPY3Z4a0pITGRYb0JVU0duY2dzVUNEZmwwQVk1Q0lla0Nqam12eS0tVEJ2QXFDWXRaWlVaT1NhU0lMTlh3eHRMRXlZY0RFSmNxaXBOcnFSdkhiX3ZUNHFwVkNVVHZFUlRjZw?oc=5,EPM obtiene autorización de Aerocivil para operar drones: tiene 22 aeronaves y 56 pilotos Valora Analitik
Colombia,Búsqueda EPM (Google News),EPM,N/A,"Colombiano, Primera, Empresa, Servicios, Públicos","EPM, primera empresa de servicios públicos del país certificada para volar drones | El Colombiano - El Colombiano",2026-09-10 23:44,https://news.google.com/rss/articles/CBMixAFBVV95cUxNQzczU1haLW9tUWJJMkozamhlLUV0UFZ4d3NpYXROSy1BZ0VwWVNVR2tZMHpDUmJGWGhyVjBXMldnZkV5LUh1UUZSeWdrc0pqR2Y2MjJBNWhDVDFyNXZDMHhlV0V6azkxR2ZhQU0zY1Z1N2NLVUwwMnBBX2gtcGhlZkVvWnpfQW41bVdyQ2w2SEZEeVlCb0duYjVLVkhjTVBzWmJCX0F6NlZRQk00M2twUUJINmUta1JaWGsyTF9GeHlqOGNi0gHKAUFVX3lxTE5IaC10eU5mcWpZWGRKaGFJcGk0YUVXNkNLUHo2Qk1Tck9kMFpaOVBqSWltWFQxdFR1YTBwZHBEa3pKWG4zOWEzUXNXeEFEbGxWMU1fUzdnTnBaVHB5bllxeTdOa0Z4bWZEb2NTdzF3U2hWWGJ1YXdvN0QwRDBlYmQtb1E2ZjNEZzZZTHJ4YVVfcWx2dUVNZ3FfeklHOGNjMEpOWGJYalpUN3llUlYzX3VxLVoxRTJGUkdQckE0dnRZUnMzTl9FS211Q2c?oc=5,"EPM, primera empresa de servicios públicos del país certificada para volar drones | El Colombiano El Colombiano"
Colombia,Búsqueda EPM (Google News),EPM,N/A,"Primera, Empresa, Servicios, Certificada, Volar","EPM, primera empresa de servicios certificada para volar drones - El Nuevo Siglo",2026-09-10 22:57,https://news.google.com/rss/articles/CBMiowFBVV95cUxNeXJBRldscktGUVlRNFpvWndKMXV0RnB5SXc1MGJENVRKVHIzakduQjI1VS1XZFZjQTFJVEFoZzBjbVNtQjJERGs4OXlORjJXTW1lczNhQml5cjBDY09MZ0t3d3piNGVxdG80cVVGNEo3VlRGaGNiMEdBd0F2djhoVmtmSWgwWjFsUmZwZHRBQUk3aS03RFZsaUY3SkdsZlZHNGw4?oc=5,"EPM, primera empresa de servicios certificada para volar drones El Nuevo Siglo"
Colombia,Búsqueda EPM (Google News),EPM,N/A,"Negocio, Oculto, Tras, Conexiones, Ilegales",El negocio oculto tras las conexiones ilegales en Medellín: van $300.000 millones perdidos por fraude de agua y luz en plena crisis hídrica - El Tiempo,2026-09-10 19:08,https://news.google.com/rss/articles/CBMilwJBVV95cUxNbHB6Qm11WmtOSjdNR2YzV0VVOTBTb1dnSEZIWVItRGprcHNFM3pKQk1iQ05idk1qNmhleDI5QXFHNmtndGdBTFBhN1NaVVR0T000ZnZnVDE1WkRRUS1MOUVWUXZOQ1dsd0RXTHlHYzZNX25qdHlwbDN5QjJCMFVuZVNYM2FEZEpjUjFHR0VERHN3dG5KakFhWXBDeUxlWEY5RUpaNk03WFpQdzVqem5TdFJ4WmxmWVJnemctYlVGcnE0TXVDRXJXbXBRZ3ZUaHZpeVhFSVdjTkFfM2JxVlhySHh1YVItemp3NEtNa1Q0MGxfYWVyMnNKdEFPNzBkZkZQeTk1Z0JJa2MzVkc5eEpuTnE1OXdwcjTSAZwCQVVfeXFMT1UtYlloN0V6RHA4bUxUMTFydGhQYVJEYXN2Y1NwVlBQdzRWRU9RZFd4Y21HTEloVVZWck51dkRjQ1ktZ2xOVUlKZjZMLXhIN2lnaWtjdWVTdlQ0TjhzM2F5c1o4ZlpJVkIwclN6cmZuTGRmemJadHJDdWdrVUFHV0hBQUxmZzY4R0syY1hudkcyTzVCZXE1NWVsUFRrcGhWQWtLenNocGVwY0NWZk02LUIyRnFSRlhjUjRQYVRCamdzYjV3TExNVUtlclJSNFo0UzVwRC1iZ3R0WTNjd01ETHhwUWV3d2Vjd2l0M1pDQjBZQU14OU9nNDREWHZMWnAzS0taXzhBX3BYYXhpOEpXaWltTXlwSklTWGZpNEk?oc=5,El negocio oculto tras las conexiones ilegales en Medellín: van $300.000 millones perdidos por fraude de agua y luz en plena crisis hídrica El Tiempo
Colombia,Búsqueda EPM (Google News),EPM,N/A,"Primera, Empresa, Pública, Certificada, Aerocivil","EPM, primera empresa pública certificada por Aerocivil para operar drones - agenciapi.co",2026-09-10 18:39,https://news.google.com/rss/articles/CBMitAFBVV95cUxPZVc0bUo3azI5eHhPYWdxakhxT0ZER1F5LUdzQy1pUE9HNWRtN0RZVmZjVElrY1lZMkxiSVVPOHZoN0VKLXliTlN0ZGx3YmdjYU9RdFFEUzVTZGlSaHFxN3p2VlBuSEluNUtBbUwxbHV0dkFiSHBCWFpnQUFmdWoxR0E5UktRbDB0MkdfZ1E2SXdyUWRHYXJkck42TGNFRm95UHc4d1FNRnFBMEctd2dBdmNHWlk?oc=5,"EPM, primera empresa pública certificada por Aerocivil para operar drones agenciapi.co"
Colombia,Búsqueda EPM (Google News),EPM,N/A,"Entrega, Tramos, Tubería, Sonsón, Serán","EPM entrega 129 tramos de tubería a Sonsón, que serán aprovechados en vías rurales - Minuto30 - Minuto30",2026-09-10 18:09,https://news.google.com/rss/articles/CBMiuwFBVV95cUxPQjA0ejhyS3B5Y2lwZ003eFhfWE5MYmJ6NzEyOEl6RWVvN3ZpZWZkdzdMX0ZwTXo4dlZKeVVGVU9CMzJxRENzMVhEUDZpWTJfeHNKRWZGM0VhWFdwUi1naG5hZHZKQmRoOGtUZ19QeTJLZnkxbW9wS0dLTnBlcWtyZmo3aG1UcnRJT0xxUE5uVVRYNVZSc19UZ19QQ0gzQjlMdWQ0VGc2cmxoalpBN0w2el9wVHVJZ0lvcU1r0gG7AUFVX3lxTE9CMDR6OHJLcHljaXBnTTd4WF9YTkxiYno3MTI4SXpFZW83dmllZmR3N0xfRnBNejh2Vkp5VUZVT0IzMnFEQ3MxWERQNmlZMl94c0pFZkYzRWFYV3BSLWdobmFkdkpCZGg4a1RnX1B5MktmeTFtb3BLR0tOcGVxa3JmajdobVRydElPTHFQTm5VVFg1VlJzX1RnX1BDSDNCOUx1ZDRUZzZybGhqWkE3TDZ6X3BUdUlnSW9xTWs?oc=5,"EPM entrega 129 tramos de tubería a Sonsón, que serán aprovechados en vías rurales - Minuto30 Minuto30"
Colombia,Búsqueda CREG (Google News),CREG,N/A,"Representante, Juan, David, Rangel, Pide",Representante Juan David Rangel pide revisar resolución de la Creg y propone tarifa diferencial para el Caribe - ELHERALDO.CO,2026-09-10 17:02,https://news.google.com/rss/articles/CBMi7AFBVV95cUxPYXFOemlJemEwRDhUUy1ac3N2TjR2ZGdILW9UMUw4Z2lqRVU1ME9pSzVJUHY1UnlrMUluQ01IUjl0Ym5xVEJxeGh1OXcwR0szQ3ZrcEhYM3hkeU9QTEZOMFdDN2lwME1NTHdjbXVWNHBpRi1ZaFlPeHBsNWxBaEJmZmxnb0xBbHJaNkhmUFhEZ1Zrdm51NFB5ZEVpMTBKWFU0T2ViM2ZmYmlsQXFrQUY2RGdBcHNZLVZxZmxnLU8tbndFMUJTY3NSb2pZaU1NMHNEeVJBLVJYdXVDZlNjX3hQUUp3Y3V6MnJ6bUl2ctIBhwJBVV95cUxQU2lwYkU1MHREYWtjQjVySlpZeTEwbFNvUlJtTzBkVGx6N2NLOUdzd2FKclhXZXk4bVJ0a1pEMkhIcHhBM25YWXc4OGxINko2UzJpTUFPTlBPRWFORVlMVHVEbVJaSTc1MDg4d0h0ckxnWFdub1EwcXYwaDNCeVdhcDNzTzRYVkJZdllzNG1hWVpoby00SVA4NnNYLWZpcEpGVUhpblRqQUNuMTA2b25MRm5sNUtxckVDMmUtWlhsN2NHLXkwLXgzR1lMNzNscDA0NU5Fek5rV3hmN1haR3hxUW9CdVdWSnhOZ3JSR2JaWUZYWE9mcnFiZnFnd0YxTDh5cTRUcDdBRQ?oc=5,Representante Juan David Rangel pide revisar resolución de la Creg y propone tarifa diferencial para el Caribe ELHERALDO.CO
Colombia,Búsqueda Afinia (Google News),Afinia,N/A,"Cortes, Córdoba, Montería, Afinia, Confirma",Cortes de luz en Córdoba y Montería: Afinia confirma suspensión para este 11 de septiembre en estos barrios - redmas.com.co,2026-09-10 16:20,https://news.google.com/rss/articles/CBMi8gFBVV95cUxQTF96eWRVbGthR3c0MlQyOW81LUk2SlFhZnAtQTNXbjc4OVJrTm14UnpSamlfclowUXg2b2RCZlJmZHVLUjhXdzU1Z1hDMlVjS015RUtRYXZJQzVQZzBKeDhvYjNFem5mMFJ3UUZnS3hsNUROamhEOTVKOW1OYWhXQlBib3NXbUpBbWJDeGRCMldqVmdzYnMwakpXcF9OdlpxaHlhbDFfSTIwUzh4OEh5eUVYNVNxM0QyRFE1cVZ0NlJlQkZDNVY0Yk9JOUR4bnlWSzVPZUxwT3p1TlVfYnRuUUdtS3laT2VEYS1icjNKaVR3UQ?oc=5,Cortes de luz en Córdoba y Montería: Afinia confirma suspensión para este 11 de septiembre en estos barrios redmas.com.co
Colombia,Búsqueda EPM (Google News),EPM,N/A,"Recibe, Certificación, Aerocivil, Usar, Drones",EPM recibe certificación de Aerocivil para usar drones/Min30 - Minuto30,2026-09-10 15:23,https://news.google.com/rss/articles/CBMid0FVX3lxTE1pdnhLV0RUQUs0dTNacWRqZWN2OERPdzluRjFFZGFpb3JYWWZvSndRanM5RERPMzNjVDk2XzVRNV83eWpnQXJOVXdOX2dZSC1tOGt0bmNCRUdWbjhmcFRhQnJJSDRLekF6ZUVieC1PWXE1MFpBT1RF0gF8QVVfeXFMT3hYRXNxQ2o4SV9pZFlDVE9zUW1qZ2lWXzlSRXp3aDFYTzg4YW5tQjFnWXF0Mk1EUnJtRllLOWdIZEcxUFVpaUlqbU53UnI4OTVuTk1POHBHUjVMcWc4WlhmcWRzQzBjcTJJSUlRTDlfNko2WC03cmxRTFNiWQ?oc=5,EPM recibe certificación de Aerocivil para usar drones/Min30 Minuto30
Colombia,Búsqueda EPM (Google News),EPM,N/A,"Recibe, Certificación, Aerocivil, Operar, Drones",EPM recibe certificación de Aerocivil para operar drones - Caracol Radio,2026-09-10 14:44,https://news.google.com/rss/articles/CBMilgFBVV95cUxPZDJYYmNVVnZfb3pkUHVLNHVOS2ZiWjdiTEdpX21MT3AyNGZJa2VtTHJGTi0xSVVvd2ZDOVBzQ19NOGcxSWdzQUFZYzBuRF9yY0c5QmE1X0ZqTXpxZC14TEhwMi1oeTJnMzBXTVVEM1Q1bmJBaTRrYXFsQk5zaDN1QlZSdGxDQXIzU01ER21BUDlTMS1UR1HSAaoBQVVfeXFMT2FGdjN4cER4YW9mc05hdl9YQ040MDItcGZ2em50aG5xRnVuQ1pLM1ROYU13cjR2TmxMS2JvWXFqZk1pNEFuNnlIekxVYUVJSUpjSTl6YXFGdEpBeEo5V3pjV04ycDliZWJZVFVEckxKOWdVd1ZVMEdvN3EzRElDbVBBdWxDNlNpTGxJZDkyaVhzaWNRZUYtQVcxdmFQczhuS0JzYUt3SlkzVVE?oc=5,EPM recibe certificación de Aerocivil para operar drones Caracol Radio
Colombia,Búsqueda EPM (Google News),EPM,N/A,"Recibe, Certificación, Aerocivil, Operar, Drones",EPM recibe certificación de la Aerocivil para operar drones - abceconomia.co,2026-09-10 14:36,https://news.google.com/rss/articles/CBMiqwFBVV95cUxNLWdDZlJSZW1hY1ZhZ2w1QWVDeUl5S2pFR1p5dFBFMFBMQmplM0RNejh1QU1ndE96cXNxVWNrTTI5RDlSZmV2TjVpdWpOMnlWR1VkNHhyT3hHOGN0V2FPT3VnbGZ0eFREUFVfNXlQNHNwRFdMQmlfVmdFaXlHdHU5by1oWFpRYjB5QVduZTFYVkNoOHhqc3VLM1VnWk1yQlc0UmxhbnZ3UnFBTEk?oc=5,EPM recibe certificación de la Aerocivil para operar drones abceconomia.co
Colombia,Búsqueda CREG (Google News),CREG,N/A,"Senador, Camilo, Torres, Cuestiona, Resolución",Senador Camilo Torres cuestiona resolución de la CREG y advierte sobre crisis energética en Colombia - - emisoraatlantico.com.co,2026-09-10 13:29,https://news.google.com/rss/articles/CBMi2gFBVV95cUxPMkM4Y2lWNDVybWpNREV3Q2ZjUkhoc3A3ZWJDb0lBbmhHY3ozd0lYOWFELWNTTGViSWtIT2JZSldaZzFDVFpUMVV0WkU0bUxnZmJzbXJXQmhSLXFHWlF3Q1pzdTdyVlA4RmQ0ODdKenZMUU13VnBPWFdnRWRzYUM1Sk8zYVJxSGo0TzRjUGZ5eldDaW1aTURZMVpIbkdPUVBEaUdoVTZfUHR4NXhLN2VfdHIxb3ZWOFR4c0hUNUZqV2Q1R3AtU1I5dUc0N1ZiQTQ0NVQ0RVZ4WEV0UdIB4gFBVV95cUxOQ2FVclA5YmdTVEstaVJ4d1d5c1pNdzRSQTVrTHNxU1RyV1FYZVd3VW1jeVFpWTQwUjBfSnl2S1ZzU1FyOTE5aGJZMW84WEVlTEozR2JJbUY2bGFISjZkN1M1cnJwenNUMnpnSHVyN3ZvSmI4Sk9Fb1JFcEZrTVE4eUIxTUJrXzR1YVFwbFd5X0kxX3U0anlhN0ZQaDNZQUVKNU10SHNlMDB0QlFqd3Q2dTlQelcydnZLelhJMFp5cU9OMUFqRnNBdG9fQjc1U3c2Zzh3YWRrSzZkdTFZRUxwaVBn?oc=5,Senador Camilo Torres cuestiona resolución de la CREG y advierte sobre crisis energética en Colombia - emisoraatlantico.com.co
Colombia,Búsqueda CREG (Google News),CREG,N/A,"Sensaciones, Grados, Char, Verano, Denuncian","Con sensaciones de hasta 50 grados, Char y Verano denuncian que la CREG castiga al Caribe con una medida de ahorro que arriesga la salud de la gente - El Tiempo",2026-09-10 13:19,https://news.google.com/rss/articles/CBMirwJBVV95cUxOYWxPY3Y3ajQ2TjBNWURZQmVxU0JLUEhUTFZiRHJBV3pidUtXdUVYeXRrTXZDbWU5Wm9RZXFsdkhEN2tDSlhMUGM1bHhKN21PNDNhUXAwMm1kV1M4eVY3QTRWd0VxNWQ4QXVtWkZOOTRCOE9VaGpZTmRfdGtXQlF2Z3NTQUtrZVpOYk9DdldVeWE1ekxsdENiQ3R3MF9DY2FDa0Q5S0E0VWZOcm9SOXhRODNSSTJlcnlUUy1tN2MxRG01bnpZQzM2X1M5eW9mWW1EWWJ1MDh3NTVVSHR5LWVrNGNDNWhJV0E5VkhxcDJlRTJxRVh3dEtuYkhkX1NoTjZXa3FoeEU5d1RfNHhKT2RiWHN5X2txZ05UUFFmMWNUMmpaeTJDaEJSanlCaHZCeU3SAa8CQVVfeXFMTmFsT2N2N2o0Nk4wTVlEWUJlcVNCS1BIVExWYkRyQVd6YnVLV3VFWHl0a012Q21lOVpvUWVxbHZIRDdrQ0pYTFBjNWx4SjdtTzQzYVFwMDJtZFdTOHlWN0E0VndFcTVkOEF1bVpGTjk0QjhPVWhqWU5kX3RrV0JRdmdzU0FLa2VaTmJPQ3ZXVXlhNXpMbHRDYkN0dzBfQ2NhQ2tEOUtBNFVmTnJvUjl4UTgzUkkyZXJ5VFMtbTdjMURtNW56WUMzNl9TOXlvZlltRFlidTA4dzU1VUh0eS1lazRjQzVoSVdBOVZIcXAyZUUycUVYd3RLbmJIZF9TaE42V2txaHhFOXdUXzR4Sk9kYlhzeV9rcWdOVFBRZjFjVDJqWnkyQ2hCUmp5Qmh2QnlN?oc=5,"Con sensaciones de hasta 50 grados, Char y Verano denuncian que la CREG castiga al Caribe con una medida de ahorro que arriesga la salud de la gente El Tiempo"
Colombia,Búsqueda EPM (Google News),EPM,N/A,"Refuerza, Medidas, Ahorro, Energético, Agua",EPM refuerza medidas de ahorro energético y de agua ante el fenómeno de El Niño - IFM Noticias,2026-09-10 11:20,https://news.google.com/rss/articles/CBMiswFBVV95cUxNcW1LSXQ0NTU5MjRSSHlaMi1lTTliTG5hX1dpM19iQlA4TUdYM04wWnBXYTZMdWVzT3otdk1WdE8xSmlLd3o1c01NWnJPbWJPU3VIWjVVVWFLbURzS1pLei1jLVkzNGlLVUZmRkh5NkFpTUVpbEpuSTVUY2YwYWtEVFlEVFp1MThsUlZWeGhYem9raVgtdENoMjgzUk9KZndvZ1FPcTk0dnREWUw2M1RWTWlSOA?oc=5,EPM refuerza medidas de ahorro energético y de agua ante el fenómeno de El Niño IFM Noticias
Colombia,Búsqueda EPM (Google News),EPM,N/A,"Prográmese, Racionamiento, Cortes, Agua, Medellín",Prográmese para el racionamiento y los cortes de agua en Medellín y sus alrededores este jueves - paisa.alerta.com.co,2026-09-10 02:13,https://news.google.com/rss/articles/CBMirAFBVV95cUxPdDhvaFV4Q1p6ZEMzWXdYcWxSb1BjVkhiVWFwY2tXVFpsMU1TNEFTQUxsOVNmNXozR182V1E2c0JmZHRKQWpoTXB2WWtvc0FSWThOSGVTbDk0VkZRQjlsX0ZYNjR1QzB3aEpzN0xOZGFGMmJxR0hPVHlXbEZTYURMdzVGdV83T1pkd1cxNThvQkFQUWZHS3AzUHFfZ0k2NU1Tb1lqN0xuc1pZcnl20gGwAUFVX3lxTE9OMzNMYmpyR2VuOUtBNnNDMmF0MG94TkVmOVRhWXNLSEhjN2FIMDBGQjg1RFBuQW9NWmdqVTBJMTJ1em4yVWNOWkpydy1udDYzS3NqcXlkakFhX3MzRmdMeU44cXM4VlZZTWhtakJHSlZsalpab2RrRk1mY2JnUjRnUnNRNk1yUlh5WVEySXBzWmpnVzJXOThGV1g1cWMtUnhpemgzRG9HQUtLM21PeTJJ?oc=5,Prográmese para el racionamiento y los cortes de agua en Medellín y sus alrededores este jueves paisa.alerta.com.co
Colombia,Búsqueda CREG (Google News),CREG,N/A,"Char, Verano, Cuestionan, Medidas, Creg",Char y Verano cuestionan medidas de la CREG sobre consumo de energía en el Caribe - Emisora Atlántico - emisoraatlantico.com.co,2026-09-10 02:11,https://news.google.com/rss/articles/CBMivAFBVV95cUxPQzY5ZTNZMmdGeHhRUlhjNklUQXg0WWwwY2RfQVJUVlpjVDRONE1vVEhUbVBvRVIzU0ZEUHVEaWZURW00NC1vOElYWE1lcDNrbnBzbGhtV01nMmI2RHRvbGt4Q1JOYWZJem5VLTdHWWd5bDFENm5femJ5aWh6NVFfRW0zTVJPel81WjZVQTJtbml1c2ZOQ1pKLTdZdFN6RzVQOWJ4VXF4RUFKVUphemE1YmRQeVlIYkdqaGxZM9IBxAFBVV95cUxOWG1XUUNxRmRIdi1xVTdNcEw4R3FHc1h6Vl9xT2M4N3hwZTQ0NHRjMG16bnpoaHptcGlRRjJpMlQyTnE4R2tFRG1IRkhJR01oR0lpVTN3eVpDU0pFYzRXa3RQWE9zamViZGdGR3duV3U1V0VNRk5JcUpZcS12Rkp2YXlFR0VkRENsMkdvQTVhdkdRYUNFeTVrck9rNzV4VlppLVByNEhQM3lHOFYyeWdsOVlWdXVxRXl1YXFGZXVKUU9SMXpu?oc=5,Char y Verano cuestionan medidas de la CREG sobre consumo de energía en el Caribe - Emisora Atlántico emisoraatlantico.com.co
Colombia,Búsqueda CREG (Google News),CREG,N/A,"Dumek, Turbay, Alistaría, Demanda, Creg",Dumek Turbay alistaría demanda contra la CREG si no se modifica la resolución de ahorro de energía - Caracol Radio,2026-09-10 01:17,https://news.google.com/rss/articles/CBMizgFBVV95cUxORlJwQXRqM2p1Rm5ub3ViWk43YjFCXzdHZTBWck83VEIwMHBaaUVaWjdrUjJpQUhUcDVGcFk3a3ZWS2lId1hjUUpjRW92N2J0dVZnVFY3WjdzNTNRSmZYWWlPSU9IaWI0UWY2ZDVEbHFLdERqSHo0YjY3NVBPMmhUcUo1VnRWVDNvVFFmUGVFc0MyclpRQ2xxMUtrX3BZcE5XWVZ1Z0dKSlQ3U1VvbDhMYWk4ZG1qT2RhU1hoYXYwS0VJcUttUXRyM29vM3Fqd9IB4gFBVV95cUxQdTB3c2ZpOTNxb0NNUnozQzRvM2p6aDZXRU9KbTJDeDRpWVlYSkY4d2Q1MTMwWS1LU1FyMEtiU1A3VUZCcm1pbElzbUxycHZGUDMxWktqSG9VTjR3cVpTWmgyaXp5SHdLM3dob0NhaU9ZcnFvTTdrZ3BNM1dDVDMtRmxJdFYweUhHcDA4RmZtcUNUOU1zcUR1NVI5NVNidzluNG5YcEktUlJqMnpLOFhKWDZZUTNidTRNQjdoWkVMRkp5cWVsdEhiX0hadDZNbkFsb0xIbFVMcWRnR2lLVklfaDhR?oc=5,Dumek Turbay alistaría demanda contra la CREG si no se modifica la resolución de ahorro de energía Caracol Radio
Colombia,Búsqueda Energua (Google News),Energua,N/A,"Servicio, Energía, Subirían, Precio, Colombia",Servicio de energía y de gas subirían de precio en Colombia: el Gobierno advirtió sobre el mayor uso del servicio público - Infobae,2026-09-10 00:11,https://news.google.com/rss/articles/CBMi-AFBVV95cUxONElhOFBKcW5aMWJLYml5V0ZnYVMyYUU1blN1b2JzNlRHRUNGOEFXYVVTZ2JSVDd4TVBYTmc5ODZ4RndjdWtkcVpTbDhad0VjSTY0WFFGdTVwWEVLVkg2MkZmX21lOUlYU3htV0didnBwWTlyU1Y2QUNZRk5YUURmbW9CdENQbUpaaTROOWxKVE5Yb1VtM2lKTVZiTTdsY0lfdDlGRVZpQ3RhSkxadFA3OEVocy1BSUxjanZIdnlPcF9vdmVWb0V3d0EyQWZLODJZc1laODNNSkU4Ni1zYzdROE92QWozZzZMX0szN0wyQm1GRVdESHRlTdIBkwJBVV95cUxQcGZzVklSQXhIXy15S25vZ2wwcW80TGF0Yno1YVI1WXpRQUE4UkxZMnVyUHBVblM4Q3diVnY0UGpYSDI1OU9VSDItLThjelNEMHR4YkJPNlU5WkJnRGJQYXd0b0tTSnctVTdGRmJoZ1YyZGFmSGZQaG1yWkdHZ1BvcHgxeFVlQTRCRmw4TkFIMmZZY1M2REdqNTdXSTQzbGVtTXJIeFY3cEFaR2tva0pnRzdyRFl0NmFydi1HRm1Lbmd1TE9fWW0zbVB6Z0M1WkRxRVJicWFBODU5VDJsWEZBTDY3UWw1djJReDhCUFI2Smg3TDRGSWFVN1RnWUxtT2tCekxkdXpyeTRpSkJTejllY3NuQQ?oc=5,Servicio de energía y de gas subirían de precio en Colombia: el Gobierno advirtió sobre el mayor uso del servicio público Infobae
Colombia,Búsqueda CREG (Google News),CREG,N/A,"Gobernadores, Caribe, Piden, Trato, Diferencial",Gobernadores del Caribe piden trato diferencial ante medida de ahorro de la Creg - Blu Radio,2026-09-09 23:54,https://news.google.com/rss/articles/CBMixAFBVV95cUxQZ2dEajRPb2pxS016QmluVU0xNWw4Qk42X0FTZUhFVF92eXpKckFhZVd4bVN4X1l3RTdxdTBhZFpHVmk2aHZ2dGQ3dlRNTm5VdUx2VHh4WXRBSjF6Um9VemhOODFGQ0R5QWNTMFB4Z2NrWWR4eE1YdHVXOWs1aFJQbkVWQUxaeWNzRG45TWhDd1V2aXBvR1liNHZmdzRRX3dVZmZwc2Q5NmZwWElXZzA1dXBhOHJxMS15REl0bDlmcmVaNjVQ0gHSAUFVX3lxTE93MDdmMG9hUTZIYVgtWVowdEdHN2U5Ym5kSVQ1bGc1a01nMU51aDU0a1luZTVLLUE2Y3VIU19kaTlURFZyR0xtb1JVbHhWdm0tazB5b0JkNm5jUFZ6amk5d1piM2FxcUxxS2ltaTlMN3lHcnpVVDlkTGw4N0gtUU1fWmE0RXNyUk01cXRabHoyOEp4RjJGYVJJSnBNOE0waFpPQVNwVGxSWmp2cl84eExZUnVPcGRKaGh3YUFVa29PUWNSTjNWRjdlX0wxYTNUUjRzUQ?oc=5,Gobernadores del Caribe piden trato diferencial ante medida de ahorro de la Creg Blu Radio
Colombia,Búsqueda EPM (Google News),EPM,N/A,"Video, Advierte, Niveles, Agua, Antioquia",EN VIDEO | EPM advierte por niveles de agua en Antioquia: racionamiento podría extenderse si no llueve y no se reduce el consumo - teleantioquia.co,2026-09-09 23:25,https://news.google.com/rss/articles/CBMi_wFBVV95cUxQZDNndXpnNmJEN0Fqakl5R3ppUlB5a2VvN1pEZV9fcXVEU2U4eENsdG1raWZScTNaUEItTU1pNU84VGp3d2FHNll3S2w3TEdydFZheTNZa2llakpZME4wUVREbS1yWk9VY3A1a1NpT0JYUkFGclZaQUZUWG00VF9OZzRubGZJdHVNN0l0cjNJaVE4SXJWdHQyaEJmUkZpanJNV2pvQ1MydEVuVWVvM1pFWXJHSW5uUmRkbjhCVWNuRUkwVVc5QjFvanpIUDZtWnJfWWdvNjRZUk1vWTY3czkxZnpNQkhKV0VoSHlZWUZkWFhvS2lQUkR5ZlMtZTUyVFnSAYsCQVVfeXFMTmtWc3ItMnNCd29NLUF0R2UzUVR4Uzl6NG1BX0ktNmY2X19rTXpYZ096bW15YV90SEtjT3hacDl0U1pSMHFqOGxhbVF1TkVvck44Q0x2TG5FMnVtLVZRZEpiSTg2YVlwLUI1UUpWeVFUYTFwMjNxOGVENkpKRmlGTnhqYmlKQ0dIb254QVFDMEhYaFFlWDBhWGpITjRfWGtqaThvdUpIZmhjTXZWam5sbFNZV3ZnazZSLXBZcmZhaVdkYUhya0RMTXVqeWhWRGRkM21aOUd3bHVFMHh2NTE1ODQ1dURjQVByWXo4X3l0UGJpdHd5U2xaZlU0STc1N29vMi1MRTlrZXBpaEQ4?oc=5,EN VIDEO | EPM advierte por niveles de agua en Antioquia: racionamiento podría extenderse si no llueve y no se reduce el consumo teleantioquia.co
Colombia,Búsqueda CREG (Google News),CREG,Cargo Por Confiabilidad,"Creg, Prepara, Modernización, Cargo, Confiabilidad",Creg prepara modernización del cargo por confiabilidad para finales de 2026 - LaRepublica.co,2026-09-09 23:04,https://news.google.com/rss/articles/CBMiuwFBVV95cUxOclhKSGxiWHFCbUFYdWJhWWt4WVlfTVFxU0szMmZHVHZjTkowSDdmOHA0OVVldk1Ld25WSURkU3Y2SXdKZ1oxTXB3UWszU1lWcGluUEZZaFJrUE9ZRkQ5TEtvbHdmTkxXWk1CSTc2aDNvMUI4UTZiczViV0d5ekhxbTh0UlJLdmpDbXE4dDZIYjVpNS1vNjkxTmcxRkt1Vk9ZRjZQTUdTVmJVZVZCYjdtX3ZSdHFud1VhUWZV0gG7AUFVX3lxTE5yWEpIbGJYcUJtQVh1YmFZa3hZWV9NUXFTSzMyZkdUdmNOSjBIN2Y4cDQ5VWV2TUt3blZJRGRTdjZJd0pnWjFNcHdRazNTWVZwaW5QRlloUmtQT1lGRDlMS29sd2ZOTFdaTUJJNzZoM28xQjhRNmJzNWJXR3l6SHFtOHRSUkt2akNtcTh0NkhiNWk1LW82OTFOZzFGS3VWT1lGNlBNR1NWYlVlVkJiN21fdlJ0cW53VWFRZlU?oc=5,Creg prepara modernización del cargo por confiabilidad para finales de 2026 LaRepublica.co
Colombia,Búsqueda EPM (Google News),EPM,N/A,"Horas, Energía, Eléctrica, Pasarán, Sectores",Hasta 8 horas sin energía eléctrica pasarán dos sectores de Antioquia este jueves - paisa.alerta.com.co,2026-09-09 23:02,https://news.google.com/rss/articles/CBMisgFBVV95cUxNOWM5ZmhFbHdraUVmNTBvMGRmMTVJN1BnUW9WRnJ5allXa0FYbEZTR3Ywbnl4bUh1V0lzcENobkJsb2tPODcyZV9IODk0UmdsSlFuRi0wbmFmWlRzQXNQZllZVm1kYnp2ZUtUWk9vYlQ0TDAwTUdxYkVTSWhIUWRYWHFncU9jandUMDdZMTF4c0VjTkVJNUJ0S1lEbV9BeGFBV3lNZ0VxNm9jTktueGdVSDBR0gG2AUFVX3lxTE1xNjBORElJM05BM2w1RGpYblBXR3VzMHJHN1c2VmFRTFk5bFFVS2JQcDRtYjlzWW1DUGFXZms1SE04cUlFOXdXZk1TallwQjZTUjhZWVJjVmE3T3lTYUNaSVhvaGhLZlFFNmxJbVhoRUlwLTY0b29RemNSOUQ5VjhsX04yeEY2NDV1VGdMQWExZ05EbVAwQjhRekhRSk1VY2Y3UXo1T081Q0lURnpvYnNYVDR1S0xR?oc=5,Hasta 8 horas sin energía eléctrica pasarán dos sectores de Antioquia este jueves paisa.alerta.com.co
Colombia,Búsqueda Naturgas (Google News),Naturgas,N/A,"Noticias, Andi, Asociación, Nacional, Empresarios",Noticias - ANDI (Asociación Nacional de Empresarios de Colombia),2026-09-09 22:58,https://news.google.com/rss/articles/CBMiigFBVV95cUxQYnh2LUQ5Y2tMS3ZzejhRdWVFOUF4TE9mY0F6RDFuX2ZyUWxYWTFiS2pqUEp1a3hhQURPVFdPS1h5Z2pjMzNRa0xLOFRaYV9yMVd6Q1ZETktIRTBEUnI3MmpmdV9SMml5YkozdVhMaUtjaHRLcWEzaERFby1ldU5uSVhXWDQ1YUhPMVE?oc=5,Noticias ANDI (Asociación Nacional de Empresarios de Colombia)
Colombia,Búsqueda CREG (Google News),CREG,N/A,"Alerta, Energética, Colombia, Creg, Anuncia",Alerta energética en Colombia: CREG anuncia nuevas medidas - Eluniversal.com.co,2026-09-09 22:38,https://news.google.com/rss/articles/CBMirgFBVV95cUxQTU9nVEhPRXBzelZNa2pTdHowS0hBYkRMV1c2MjA3aUU2cUJ4akV2bUtnSXk1cU1SYkVrd3g1Qkc1VXB5YUV2Y0oyZDNPRHVMVlhSNDVfUGRlMGdGWVpJMG1pbGNqZTRDME5fZ0d0elF3cUVzdzhudmNnM0R4MDYyTHdaY0RNZ2YtYWFtai1DNklLYXV6LWlCM0JBRnRNbDNsSFgxUXpyQVpyb0Ixb0E?oc=5,Alerta energética en Colombia: CREG anuncia nuevas medidas Eluniversal.com.co
Colombia,Búsqueda EPM (Google News),EPM,N/A,"Hidroituango, Mueve, Billón, Millonaria, Suma",Hidroituango mueve más de $1 billón: esta es la millonaria suma que recibirán Idea y EPM - Infobae,2026-09-09 22:24,https://news.google.com/rss/articles/CBMiywFBVV95cUxNYlo3cmJDRUZYNjJZam15RTlTQUstQ3czQzlSay1aRHRJVWlnSlR4NUtmbm9KU2toRThqN1htQUdNTmNVS3dtZk1wdGVhU2tQR2RMRl9kdnRwZE1lVDlLWXNhSUpnTUt0cFlmRDZkMVpYWkRCV3pjU1lQeVY2ZWhUSXJWN2UzeEgzSlNGOTMwQWVfc3hINGpxS3NUSlhEX014RFZzckZ2UFVoNk1rcnUyejZQbFhGVjFtTm9OTEpuT3lmYjVnaGtId1hkSdIB5gFBVV95cUxPMzR2eGFHY25TakVJWEZUR3VIVFJxMmpxWnNEakdqcGNuY09adzFXMy02QUxOdHo2YXNZUjBUd0NkQ1ZpWW1JWHBfV09pUC0zYTVjdWt5NEJNNUN0eGcwUGdBZy0tZ2lQbGFHdmVHYmxqeVFSTHloN2tPdzJjSnNPbTNieE1VS3htYzRub01tUWY5VnpvOGVkckxna1p5c0V5V3AwV2d2NE1BSzdXNnJfWnJ6NnZoOW05Qjh1NlhjTFo0TklWLTZyUUExTXZaUHpienlzT0gwLXlhc2M5ZnN1Y3F5OVZVQQ?oc=5,Hidroituango mueve más de $1 billón: esta es la millonaria suma que recibirán Idea y EPM Infobae
Colombia,Búsqueda CREG (Google News),CREG,N/A,"Quiénes, Subirá, Recibo, Nueva, Resolución",¿A quiénes les subirá el recibo de la luz? ABC de la nueva resolución CREG 101 120 de 2026 - Caracol Radio,2026-09-09 22:17,https://news.google.com/rss/articles/CBMiwAFBVV95cUxPaXlPNWJ3SlgwODZiNmEyRHVGSVUyWEFFS3dWZVhUZ1hRblRqdGFOcm5aQ1lfQzhFQlFqTU9HbHpmVnhnOVRYc0N6Q0Z2V1hlRW92bnRRSmNPVlgzVDlJWXFydk05ZXVqX2dsaGYxN2VHUzEybHFDeVJ0ekF4eUdZVUNJRVczQXhkRXFDN1VRbUItTG1JNmtCUmJwSndYaVBVUWsxX2k5NnJ4cDlSczZRcWl6QXN0RDZpQXFmNEZfbTTSAdQBQVVfeXFMT0JjWER1bldxYUJoUUxWWkFwWmRtWG5mYlpzOXZCVU85NVVhb0tCXzJXeGk0S0pMNnRUUFlqcFQ0eHd5T1hZU2M2b2NrYWlTWkNwRXU4V09ObW9EZkpOZkQzM3k1RGlQdmJwY1Jmdm5UNk9XbkgxY0VtMWtabWZzZEpVcHN1RkRyRkRTeUVBTGdPLTV5QWxLcUFRN2hreFpzV2l0djE4dlVnS1owX3pTbkFDVXlrTzRmbXVLUXB1MlhoX2dfd3VxTThsYnF1VjhPSXB0TEI?oc=5,¿A quiénes les subirá el recibo de la luz? ABC de la nueva resolución CREG 101 120 de 2026 Caracol Radio
Colombia,Búsqueda Afinia (Google News),Afinia,N/A,"Sube, Energía, Costa, Caribe, Afinia",Sube la energía en la costa Caribe: Afinia cobrará $1.033 por kilovatio en septiembre - Infobae,2026-09-09 22:01,https://news.google.com/rss/articles/CBMixgFBVV95cUxPWGRrQzNMUGxQa0tPeTBlandmeTZhd3JIWkxyX01qWHpjYVN3aC1SOGttem1rQ1p1VW5lbFQzMHJoX0dYaHpzbEd3MDlRV2U2Z2JkMVZGSVRuQ2V4bG81WFhYOXJPYTlBZFlnVklQZk92QXBjYktOMGpYMlRraUYwc3piRDdpNndqaTdGUnc3X0ZwcEJISEY5b1MwbzJBMXhQaG91blNXcUZHREFPVW95YXBwX1dsTVpYTk0xclFMZFdSekJXR0HSAeABQVVfeXFMUFpBeS15UWxKblRsekw1RTUzbEUyZ05GSHBSdXRXWUMyQ010dGJMNWFpai1jT3Zmb3lILXFIQ2QwczU3TjFqVnpqa1RWamtWSjBKWDU5SHVMSzVVQzg4RkhTVUNYTHpucEVJZFRxcHhBc0ZJLTBrTmhjMU1wUXRaM0wwOEQwYWNuYWkyUF9jeUJ2ZXpxTGhUN0U3MEVtU1E0c1NyNFVENkdydURheS00ZHZpUFlsZ2FzX2N3N1l0bVNQMlp3eGttT2FBLXE0SzlVQlM1eVN2RldVUEVwaWZfQVE?oc=5,Sube la energía en la costa Caribe: Afinia cobrará $1.033 por kilovatio en septiembre Infobae
Colombia,Búsqueda CREG (Google News),CREG,Cargo Por Confiabilidad,"Creg, Confirma, Plan, Modernizar, Cargo",CREG confirma plan para modernizar el cargo por confiabilidad en Colombia: revela fecha clave - Valora Analitik,2026-09-09 21:00,https://news.google.com/rss/articles/CBMiwgFBVV95cUxOcmY3Zy1VRG91NFFGYnF0MFRvTDF4NEoyYlktd2IwOVAtZ0ticDU5NDQ4NGlsLXBkbDZFOUVzX0F6ZWxNWEdtUy1UTnFzclNGMmNuQ1FPVTNyZVJFaUJsNzJNTnZ4QUhIeFVpWjktWWhBV2Q5YlI0alRCQ2gtUjh1STR1a19xZnNoQTJWcmM4T3dLTzAtSlBEVV81OVdaai1XU1NfaDYxWkpWTEJIUUdqSDduZXRtbmxJcWt2TDM5S3NGQdIBxwFBVV95cUxONzhfMWI3alNpQ001Y21ndmU3aGlxdW5UWWdsaE54aHpEYWpFeE43YzhvMm5HTVlJZUFxQnF3bFN3WjRYVkg1RlU3MFl1TndZM3NlcWFGNm5xcnloZlBfQjM5YmFoeHdnRGNlWEg3Z2h6MU1vZ2dJNzhmU0FkcjlaTmpZYkUtQWtaemlCV19FNU80RkNycmk2Vm9Sc2hZYUpGNDZ2TFpsdGdyZXAyT0RxN0VDZ0gzWk0ya0xnM3dSVjI2dDY1WHZJ?oc=5,CREG confirma plan para modernizar el cargo por confiabilidad en Colombia: revela fecha clave Valora Analitik
Colombia,Búsqueda EPM (Google News),EPM,N/A,"Colombiano, Sociedad, Hidroituango, Antioquia, Hará","Sociedad Hidroituango en Antioquia hará segunda entrega de utilidades, ¿de cuánto serán? | El Colombiano - El Colombiano",2026-09-09 20:05,https://news.google.com/rss/articles/CBMiuAFBVV95cUxQNU9HT3NrSm51UUxxLV9hU1I5SDhMR0Vwcmk1SWVNUkctb1JUZldQaWduQmI2MkRJbkpyOFdrQm5KVXZLby1RajFjVW9pNGhqX2NKOTlsMTlLblJWa3o3R0pGTi1iemhHNGlSN3AxU0pjLWhqUWtlaVNlX0dWR1dzeDZWWE45NE9mdjhKWFFBbkZZVVJwd0JEMEM4alBfZnY4ZmtzQ1R0dnM0NnJ3Y1dlM3JNRldoM3ZF0gG-AUFVX3lxTE1JaTllUnJVQzJlUWE0b3NzdEthVHhycG1zQTFyZDg2S0NjeTdlR3YyTXJNMnRqblZyYVc4dFhXWEZmUE5XOUFKRkhka282T2J5clVIM1c3NVJnemJKMmsyRlFrU1JXSVhkV2I2SDAwTjU4QXVqRldfSE5WWlhjQWZtRk1PWXN1Z1p0MTI1WXlMSF81ZjZ2WnpqTnB5ajRfTi1Hc09jYVdUWjdsOUg2QlVudW1ISGdDVHJaSHRHV0E?oc=5,"Sociedad Hidroituango en Antioquia hará segunda entrega de utilidades, ¿de cuánto serán? | El Colombiano El Colombiano"
Colombia,Búsqueda CREG (Google News),CREG,N/A,"Tutela, Busca, Tumbar, Multas, Creg",Esta es la tutela que busca tumbar las multas de la CREG por consumo de energía en el Caribe - Minuto60,2026-09-09 20:05,https://news.google.com/rss/articles/CBMihwFBVV95cUxQNlMyXzctTWFQdVI0UVRWa2ozajFFVktNRmhZQnNlVWpybnFyaXJLVC1ZdERPY0tydDNCWkFQNmhiblRiVWNRemI3a1dRb25VUHJMYmZRbVFRa2oyQ2E0bjNNVEY2MmhubVVDRjZMWHhwdWQ4U3FaLWQxcmU2UzJKanhLSkZRQjA?oc=5,Esta es la tutela que busca tumbar las multas de la CREG por consumo de energía en el Caribe Minuto60
Colombia,Búsqueda CREG (Google News),CREG,N/A,"Fenalco, Veedores, Piden, Creg, Trato",Fenalco y veedores le piden a la CREG trato diferencial para Barrancabermeja en Programa de Ahorro de Energía - Vanguardia,2026-09-09 20:05,https://news.google.com/rss/articles/CBMihgJBVV95cUxPZWE5NTktUzlPUUdkMWl6Mm1HSTNjeHE3ekgyOXpRMXFUb05hcGZqZmpqMFduZENPVjVFbXRTOUlFRDdvZDZqN29KY0k1cFJ0TWVKYXFkOTRUakplNV93ZnZiOS1JbmZvVWFJQ1p0eF9BYjI3eGhGZ3hGd3FFenFSMkh0c3B6WEJrMTdkaFZ0eFRHYkpzcUxiSzZvQ1Y4UEh1dHV4Q2JiMkZkRW9BUEk5LTIzMkhNR3FwR3hiNHNKRFYwZ1BFTk0zYWFuOTBFdjhhM05NblpHX0RWS1hhb1hLbXRUOTlzbFJwVklzNC1xVFVXRU9ON3FjSHRrckRuZHQ1d29OQ05R?oc=5,Fenalco y veedores le piden a la CREG trato diferencial para Barrancabermeja en Programa de Ahorro de Energía Vanguardia
Colombia,Búsqueda EPM (Google News),EPM,N/A,"Años, Construyendo, Innovación, Camino, Llevó",Más de 20 años construyendo innovación: el camino que llevó al Grupo EPM a ganar el Premio CIER 2026 - La Nota Económica,2026-09-09 19:02,https://news.google.com/rss/articles/CBMi5gFBVV95cUxNbmJhZ0VvYTFZajVTekNoVWVVdUhzZEpZOTlpRTI0SENBY2ZmbkY2Yk5LSjNCNXkxdUVSU2pSSjVDb3dqU0YwcWV4NERCQ0hWaW1udUtuOWxHeXBXR0tuMUpZNjlfbFNYYVhoUFRaWnBLZTV6UUVJd3JoSHBBNHA3cGVWeTNETmV0TUoxZXNMb3ZkaENUcWNQMzc2NnllelJtSFRLcmtxTTJWTVptQ3d0SDVCUHJuVEpMdjdsc19iVU5TWWVmRVNPUWs0T2JEbGxxRXRpcFMyLXU3OTJPZjdYbzRKUG50UQ?oc=5,Más de 20 años construyendo innovación: el camino que llevó al Grupo EPM a ganar el Premio CIER 2026 La Nota Económica
Colombia,Búsqueda EPM (Google News),EPM,N/A,"Aplica, Plan, Ahorro, Energía, Agua",EPM aplica plan de ahorro de energía y agua por el fenómeno de El Niño - El Nuevo Siglo,2026-09-09 18:45,https://news.google.com/rss/articles/CBMirgFBVV95cUxNaHVjU1ZacEhWVEtqVVpSNDE3MVRybU91LXIzMDBiNHdzcWFDdkRmNzBUYkFhNGZBRzZHNVIwTEFyTFJta3ItNW8tSnJVaG9Fd0JTcVMyYV93cWdGekh5bHliYV80SDFGcml0RTU0UDhtMUVIbUtnVWF3dTVNX0hTU3dqYlNxUDhTMG1Kc1JsUDkwYUhVdzkzQW9wY1hiMVlzMzRLTHZZdXNpQjVTQVE?oc=5,EPM aplica plan de ahorro de energía y agua por el fenómeno de El Niño El Nuevo Siglo
Colombia,Búsqueda Energua (Google News),Energua,N/A,"Video, Servicio, Energía, Colombia, Podría",Video | ¿Servicio de energía en Colombia podría aumentar? Esto dijo la Ministra de Minas desde el Congreso - Hora 13 Noticias,2026-09-09 18:32,https://news.google.com/rss/articles/CBMiXkFVX3lxTFBVb09uVFltbE8tQmJNcEdLTktvRzVhSWtzYzZHSUNqSG5ISnlrdzg5TTlqYlRrZHQ1V2pXS0VfYmNFX0Z1anFKTzExMlJ3cDJGWmNQZTI1d1pwd3kyaHc?oc=5,Video | ¿Servicio de energía en Colombia podría aumentar? Esto dijo la Ministra de Minas desde el Congreso Hora 13 Noticias
Colombia,Búsqueda Afinia (Google News),Afinia,N/A,"Cartagena, Afinia, Quitará, Horas, Jueves",Afinia quitará luz hasta por 10 horas este jueves en Cartagena y municipios de Bolívar - cartagena.alerta.com.co,2026-09-09 18:18,https://news.google.com/rss/articles/CBMiuwFBVV95cUxQZVVaOU5pdkxXV1IzVW5WMEY3OUUxSTI3NDhadG5QSF9TTTFQY0dLRGp1Y1p4aFJoREY2Zm9jV2pfbXYwb0VaYV9fZ1UxcEtCVDBqbW44bUd5RnRka0FQYnpHOHBsOVZlRDlVM05yOWM1dnNsOVh6SXFfLVB1SV82NTg3S2N6XzlaSnVLQUM4LWQwTXZoNWIyaGR0SjJpZkxaZGpwMEM2ZVlhVm9OUjVyVV8wTEpFVlRZNGNr0gG_AUFVX3lxTE9vZlY3TWpjQ3ZOWVdOYVZfc1pvN0RnalpaVXhIWG9NaWNFRTVJN2lxM1NEbERldVJIbDRRUENIanJPVG1uUlY5a0txWXl0b1ZkZEFYQTJpTzdadU5ZekxEMXdUZmlCY1NfcXZrcUhCQU80QkhZOWQySzQzSm9WMndkc2M0ZVowUkQzbW5GUExCUDRUS3ZtVzJBOXBlY0JEWEd5Z1dTdThWRnJqOGVsSU44ZnVteUtHQmtrcVpUMWxv?oc=5,Afinia quitará luz hasta por 10 horas este jueves en Cartagena y municipios de Bolívar cartagena.alerta.com.co
Colombia,Búsqueda Afinia (Google News),Afinia,N/A,"Afinia, Sube, Tarifa, Energía, Córdoba","Afinia sube tarifa de energía en Córdoba, Sucre y Bolívar a $1.033 por kilovatio y alerta por costos de bolsa y presión financiera creciente regional - El Tiempo",2026-09-09 17:24,https://news.google.com/rss/articles/CBMirAJBVV95cUxNelM2cXVETUhVcWtQZEk3OWE2NEhFTk9VTlZlNEVYT09lTWtRZDJkRTZ6elAxU3V4S3lvMV9VRnlVTkpxTFh2ZlRSNDlBcGxhSDR2NC1waHFYbjVzN1hUeFBLZFlwN2l1WEEzdE5TWGFXbzhyNjdzNkNFd2l2UUttTWZ1eU1ieW9vamFkbk5scEttRWRwbUpBM0I5Tl90SjYyV1ZMZEphX2tfMXIwd3dUb1poVkVHY3F5UlBha19RVjdOcWZnYnhCZ3lHSzVYd3VuMnROck5uVGg3U2NUWkQ2OXRJbVRYblFlR0pWYXAzcldqdXZMZVZJNmJldm1adVNMVUMtajZ4TFVObnduQlFaNm8zRV9RT1FfQ2p1V1QtM0NFRjdIaS0xdERrWWfSAbICQVVfeXFMTVZMa3p3c293SWQ2ZFZmbGh0MmNvcmlKN3B0RnZIN1pPOWx4Um5VZlRQelJiVnA2c0Jpc3ppRlBuTWU2c1Vsc1o2T3pCT3ItdU9La1NZVnBwbWVlOEtIVnpSSDVGbm5jaUVUeWZvakgzTWR5UTY5N0F5NkVrVU5NTllBVlprM3dfeDZJTHdUaXJZaGg4UThnNm5oRHU1dFM5VFRjVWRYTHBCTFpJa0gtT2piMWo5QmI2UDBxVVU2bzdVRkxOeW1MenB2YmZRVTJWcmxyZjVCZUgtcmpmUjEzWVYtaDJMVlNyZkVsdkZabDd0Wmhua3hHeFNRd3Nua05pSVhQdnJQNHBlXzdjcU1Qem5PZGJfTXBBcFVQMHc2ZHdjcEFEVGxqY0ItRkFoS0xuTUZn?oc=5,"Afinia sube tarifa de energía en Córdoba, Sucre y Bolívar a $1.033 por kilovatio y alerta por costos de bolsa y presión financiera creciente regional El Tiempo"
Colombia,Búsqueda CREG (Google News),CREG,N/A,"Colombia, Usará, Generación, Térmica, Preservar",Colombia usará más generación térmica para preservar agua de los embalses durante El Niño - Forbes Colombia,2026-09-09 16:54,https://news.google.com/rss/articles/CBMi1gFBVV95cUxPclNvenlHMXkxN2ZQN0dlZW9YRjFDbmpqM1YxTktkRVlaLTM1b0ZjbjZ5TWtublhkTlBsRks5dHEtVnpTSlFEZFlPUFc2WnpmS3ZrSmxBcjhiU3FSWDA3Zjh0TWVoVTVKM0FwRkNfcVlXaE1sekU2VHRQYkZBSGlxQWtjYU96TlV0T0loQ2NGZERuMERxUVF2dmM5Q1llbUxrbFRIbk5lMzktUVhhX3g1UFRxdGFjalZUeDU0aTFweTY4MWNqWGhrQTRZWVg2dUdnU0JaSUlR?oc=5,Colombia usará más generación térmica para preservar agua de los embalses durante El Niño Forbes Colombia
Colombia,Búsqueda CREG (Google News),CREG,Niveles De Embalses,"Niveles, Embalses, Crisis, Energética, Creg",Niveles de embalses y crisis energética: CREG ordena respaldo térmico obligatorio | 360 - 360 Radio,2026-09-09 16:05,https://news.google.com/rss/articles/CBMisgFBVV95cUxNZVRUekp2Wld6c2tDN09mWkVkWmJwM2xhbHZib3A4Q1B4RW1fbmN6NkNzc0xzWXZwWk5tQ2k1amdQd0xXcmk2ZzE2bEVNN2tKOWstZUx1Z3daTlFmRkRGMFh3UFZUbEtMRDRCMGRXMTNrTFUzbzhOaE1pSmxBT2s5Mkt0eDVPWnNpYm5lMHhIUTZQdENjaF9RekJrWG5iVDZPUzlid28yQXZUUUdhaUdEeHRn0gG6AUFVX3lxTE5XdVRzTXNBNFlMVFdqX0pRT2U3a3ZqMXYzWHlWN2JaLU1Ob3NCeE4zUlRUX0dhZU5tSHE2cXp2QnZTemVvRk1NaU5LcXVjVVc2SXgybS1BUjRhX0dGdXlFQm0wSnFUM08wMEsxbnZ2cXhwYWdDR1VqbzFQTWQzZVBnRGpBbWR4R2hDaG41My0yT041TWRYV2lhUG1mTXpGR3N6dXFDdnRTenFadmNQMVFHYmo3MnFUSkhWQQ?oc=5,Niveles de embalses y crisis energética: CREG ordena respaldo térmico obligatorio | 360 360 Radio
Colombia,Búsqueda EPM (Google News),EPM,N/A,"Está, Modo, Ahorro, Frente, Fenómeno",EPM está en modo ahorro frente al fenómeno de El Niño - Análisis Urbano,2026-09-09 15:41,https://news.google.com/rss/articles/CBMiiAFBVV95cUxQS2ZSSVFwT2lwVE1VOXI2cEd3Z0c0NlZvQ1l6S0FzVkRHWG9DYl96RW5BcmdXTVJHazctd0t1YmkyekMzUXpGQk1sSldFRDIwWTRVeTdxOURrTVZwWlRuMXoyS2VfdG1uT1k1R2dERW9iek9sVF82Tnppc3Fmb1B4VzJJYy15dy1h?oc=5,EPM está en modo ahorro frente al fenómeno de El Niño Análisis Urbano
Colombia,Búsqueda EPM (Google News),EPM,N/A,"Activa, Nuevas, Medidas, Ahorro, Agua",EPM activa nuevas medidas de ahorro de agua y energía ante el fenómeno de El Niño - Caracol Radio,2026-09-09 15:35,https://news.google.com/rss/articles/CBMitwFBVV95cUxNd0U3alR0ekdydnR3RF9QRE5JYWsyUnpqbkdkMi02cEE2bldSdDdRUzdrbUxpc1ZTWUxiZkJLRXhaWDR0LWxIc0FyS0xpQ2Vad21qU1lvVmE5blU3ZE5PRHBDT09SV2FDRmlVcUVWMEFTQXphQTJBSVYzZUNFUlVBS1JtV09YWmV1elo4b3E5aUd2R0twTWtUZVpBM3o4Nm8wQ1dyV3NFZ1Z6UEloY3BuR3BfdDctZ03SAcsBQVVfeXFMT0RyaTA4WkdoXzE0VzVEaHRfemdRejFGeDRheC0ycUtNLXpWYjVmSXBWbVhPU01keXEtb0ZhaXZzeXVFS3pncl9QeVd6dm1SOEFjb2RoOFRQVHV3cVFVSU83ajN1eGcwWGZHcGxSR1FHVV9xRTlvR3NHVXBLX19MREVtRTBrbjB5MTM3UmRLdkRnZkktM0ctRWNGSEpVOV9fdEZSdzc4WFNya25UejFzcWZzYUdsMFJqQWpacUlEV1IzaFJtZ041bEtMQ28?oc=5,EPM activa nuevas medidas de ahorro de agua y energía ante el fenómeno de El Niño Caracol Radio
Colombia,Búsqueda CREG (Google News),CREG,N/A,"Creg, Activa, Mayor, Generación, Térmica",CREG activa mayor generación térmica para preservar embalses - elnorte.com.co,2026-09-09 14:49,https://news.google.com/rss/articles/CBMieEFVX3lxTE1GYkdpTGRLcDN3V3JRQjVIWXVEVlR3bXJWenprT0t5YWc4dzVWaXluMWNfWEZqcEVZbmxWR0FzTS1fVE5BVC16ZzcteEZsRjFxRDRCUEFWRVByeWZmcTNUcDZMclB3eTRzSnQ1T2RPWHdsZjZfOV9iMQ?oc=5,CREG activa mayor generación térmica para preservar embalses elnorte.com.co
Colombia,Búsqueda CREG (Google News),CREG,N/A,"Creg, Fija, Generación, Térmica, Mínima",Creg fija generación térmica mínima para administrar embalses y preservar agua durante fenómeno de El Niño - Portafolio.co,2026-09-09 14:23,https://news.google.com/rss/articles/CBMi0AFBVV95cUxPMGlMRDlyaFNiczJ4V21yai1YM1cwUnpwcG9yVFRfd2RCS2prS2x2bWtqZlMySExtTnpFdWl1TlgwS09fc19JdmRlZTBVLV9KZEFxY2c1SGlNbTVZREdlWnEzbGJSc3F5MFhYaTRQRTRJbVlpR1RTNEt0RWptVEd5U0dMWEZZRjM2bHRYdnoyTmo1YlZRSGxld21GVF84Q3FXdEJXalN3bWd1RTVIdlAzWlF2ekFza3J3SUNTVm04V1J2U2h3YkJrdVZ3allZbk8t?oc=5,Creg fija generación térmica mínima para administrar embalses y preservar agua durante fenómeno de El Niño Portafolio.co
Colombia,Búsqueda CREG (Google News),CREG,N/A,"Creg, Activa, Medidas, Preventivas, Garantizar",CREG activa medidas preventivas para garantizar el abastecimiento de energía durante El Niño - Blu Radio,2026-09-09 14:17,https://news.google.com/rss/articles/CBMiyAFBVV95cUxNM2l4YUhaOHpia1B2czJ5ZENhX2o3WVRfNUtWVVZwYjZEZVI1VTRMNTN3ZDhfcm9MTFZleGY4VHZvOU5QYVBBU0owN3c2WG9oSFhNcDRrYmdYa1p1WmdpeEtvT0F6d1BHbnZUbGlMUW9BV1JZTnNKV2xDdlZLQVdrSU1CcWtvcFpyWXZIR3NsblZHb0ZWWnhxSnBuR0JjbU9Eb0haMWhPY3RRa1p2eHlFclh0ajhhelJ0TlE3S2oyMjZZYklvUVpkRdIB1gFBVV95cUxNTlRKMVV2LTd0U25TaUVrWG1LdG9PVTA5dDJFRUxPTTRRLXF1OVlSMkl6TGRHdk5HRkc1NzFvYkN1YWk5V1E4RnBZdXVZWms5LWxsVTZVN2VZRnZNNDBGLWJxT2FGSEdDOHVnVW9pOUdmYkVRWlVKejJxMmNWYWdQWEREMzB3ZmRleWhtbHBYWENrV2MtaFA2dktzR1RHQmhkWDdadHZfVUJad3BUZ3hnSFEyV3A5aWtKTEE2cWhxSlVJQ25OREM2OTBQdmJReGg1eEY0Um9R?oc=5,CREG activa medidas preventivas para garantizar el abastecimiento de energía durante El Niño Blu Radio
Colombia,Búsqueda Afinia (Google News),Afinia,N/A,"Afinia, Empresas, Cobran, Tarifas, Energía",No son Air-e ni Afinia: Estas son las empresas que cobran las tarifas de energía más caras en Colombia - El Tiempo,2026-09-09 14:05,https://news.google.com/rss/articles/CBMi8wFBVV95cUxOYU5RTkhlSlk5WkJxN0VJZ2E0Q2FBY1ZGV01abnoyWUYwcDNWZV9yNVZzeldjbUEyYzNURXNEdFNnVlZFc3VxaVByM0FpRXBVRkVGY0czMEdiRHhtV2QtZW1lWFlZTjQ1Tzc5R2NwaWlHUUU1VWU1a21QbVJNSGxzMS1wa0FIcDhvQ0xKWTljRDZoVlFEZVJ2X0V3M2NZVVJlOGR2WE9ZbmRmY0VrR3drVUxhYkZnbU1VYnI4MlVEa0J3UXFYZmF1Y2FpU09YY1A0MmF3MndKQjNkZEJodnMxMFBpX0NGdTJON2c2X25aX19qMjQ?oc=5,No son Air-e ni Afinia: Estas son las empresas que cobran las tarifas de energía más caras en Colombia El Tiempo
Colombia,Búsqueda Energua (Google News),Energua,N/A,"Colombia, Quiere, Volver, Millón, Barriles",Colombia quiere volver al millón de barriles de producción petrolera y alista medidas para atraer inversión - Portafolio.co,2026-09-09 13:18,https://news.google.com/rss/articles/CBMi4gFBVV95cUxQTkdVWFlyY0RfdkJJV0I0eHNTU1BQcTlyUVRPYmd5eUpVLXBSbnpabGo5c3NzYzZxQTlKMXVzTG9SYWE5aG9jbF81UmFLNm4wTkNhby03RFFSaEV4REtNMTZUYURhN1hmdjllUE13dHhUeWEtRUJKT2RUZGx6VExHbnhpenpjOTVaUlVXN2ZWSUFoZ25HVjJubEJqSm9OSUZNZ3NTeGo0RHFLbUJiVHpQSFVWS0xIQzJjTkRHQnQ0RXpxQTd6eFY5NlRzZjRuTE1PVGMzZnZubWxMUnZRMC1paG5n0gHnAUFVX3lxTE5QU2N1dzFSYVBNd0NQS0RYelN0cVpqNTJPUEVMNlc5YVFLbHlpdG8tLUxrZkFyQzJZVUpYdF9ZLUtKMlRZUjFueXFCdzBRWnpiQWhteW5iWnhWWUdOb0lheHU3RUtDSC10MndxXzBGcklhMlFOYlFFbmhnRkEyRjJkZ0lxTUJ2U28yR05lVGJ0N255QnpjOE4xU1RudF9ONGVyRDNNdEVHbmdPbzljZmNkc1I4T1l5QXcxS1Jzbko3dWJVUFdsR1NqNXNGTS1DTFVaMG5jMGpoVnpPREotbjBSVExSbmxHQQ?oc=5,Colombia quiere volver al millón de barriles de producción petrolera y alista medidas para atraer inversión Portafolio.co
Colombia,Búsqueda CREG (Google News),CREG,N/A,"Gobierno, Activa, Plan, Energía, Mitigar",Gobierno activa el 'Plan Energía YA' para mitigar efectos de El Niño y asegurar la electricidad en Colombia - metropolitano.com.co,2026-09-09 12:44,https://news.google.com/rss/articles/CBMi0AFBVV95cUxPR1lLMzdtUldOMkZmdVAtb2xEZ3ROUWVseFBITlU2aWhZV190b0lucE9KTkxpTWpPMHpaMjBrUWlDeFFlaHZLaUtzSmRfV0FNWWN5bU5tUHFJYm5tZ3FscEFoMTJNbXFNRXd0TzJLdUF0a255NnBGcDlCdG1TSkdIZVFKNzBOcEQwMGtlaUJhek1yUVpwTHhlVTh1d2dlMTlWRzg2U3VLUFpKZWxGcnJvWVBhU204dDJxdlA3T3BtX0NxOXE3aV9KTDg3cHMxdTBn?oc=5,Gobierno activa el 'Plan Energía YA' para mitigar efectos de El Niño y asegurar la electricidad en Colombia metropolitano.com.co
Colombia,Búsqueda EPM (Google News),EPM,N/A,"Cortes, Agua, Medellín, Comenzaron, Revise",Cortes de agua en Medellín ya comenzaron: revise hasta cuándo van y si su barrio estará afectado - Minuto60,2026-09-09 02:43,https://news.google.com/rss/articles/CBMikwFBVV95cUxQVkM0bHg1QUVoWjRCTUYxYXpNUjFROFdsVndXQkdZbDhkVnA4SGxEUnZwWnBsdy0yVy1GYnRHWWgzbmhROTktSlRrc2lVcUFmNC0zUHlLZ0tVdW5PbzJCQUhkempBV1E3dF8teHhkblVGamlnVjdhYjVsb0FZMC1PdmJIWXJiMWl1OVY5empLRHQ0RHc?oc=5,Cortes de agua en Medellín ya comenzaron: revise hasta cuándo van y si su barrio estará afectado Minuto60
Colombia,Búsqueda CREG (Google News),CREG,N/A,"Creg, Activa, Mecanismo, Garantizar, Suministro",CREG activa mecanismo para garantizar el suministro de energía ante fenómeno de El Niño - Valora Analitik,2026-09-09 01:47,https://news.google.com/rss/articles/CBMiuwFBVV95cUxOUm93cHEzUkVwcndUN183aXFadW52R2xqV0tGQmlsQlNVSHIxbkhSSDNBTkNwcWlud29RNTh1X05ZR3VhZEFyTzFpU3pDZ3dEOXZ6Q3BueG1UeWc1UWNxRzdGZS10Wi1DUktpc0dJcHZiUEZGRjFCTkF2aTlSc1Jobm1mNkpEcG8wcWp0SEtlakRKU2VnZVRZUWRqYkNCVHJYMkFMTG9oZF9SbnIySThUWlpHQzNYU2dqZGZz0gHAAUFVX3lxTFB1TTdsS3M1UmhjZFg4Vnc2WEVRVkdoTGliUWJoZ2hEVjd2VFVsQ3lfdjN0RFpRZjluY3BReHcya0JVUklURUdvelp0dkp0em1WUDBXRjlHLV9RaE9aWlU4UDhaeHBxaFRlc1hKWks1TkFiRWlLUW9tNEtHWGNWV3FLRXNrdHNxZFFVVlg1aXBSUWkwRW5JaVItV3pfbTVrRUQtckNxOXJ6SUFVTnVpdWlkUUdaQWZvVnFzOGh0VzJXag?oc=5,CREG activa mecanismo para garantizar el suministro de energía ante fenómeno de El Niño Valora Analitik
Colombia,Búsqueda CREG (Google News),CREG,N/A,"Creg, Ordena, Mínimo, Generación, Energía",Creg ordena un mínimo de generación de energía térmica para evitar un apagón en Colombia por El Niño - El Tiempo,2026-09-09 00:52,https://news.google.com/rss/articles/CBMi5gFBVV95cUxOdlF4Z2ttM1ZxR0szWXlGME1FRlNtaG9fYzdXMUVwSXV6dUM5T2pDdmppRXdNM25OODZCXzNMSDJsWmo0bWpIVnB1bF9FXzhuem1Gc2MtRHd5dWRoRlI5ZWlPWW95cTl5cFpWYVJHdUZqa2ZCRmE4dzdDcmlpMFpLa2VYc2ZpN3paRGtrMVVMRzJfT28xdHEyZ290TjVJOXJqeFRvaXZ6bFd0ektaMm1kRVVCa2dBZkFrV29meVVrZ2dEZzcwVFI2QzdXMlk4SFYxRlo1X0pWZ2JISWFIeW5ORldRZVZUQdIB6wFBVV95cUxQQ3VlbUk5NFF4b0xzenIyLUx3RlExR3htQnVmVmlmNnJEX002Y2VEMzVJNW4wMnJORzF2SVF6eE0tQ3JyLVVPSVU1OHFHR1ZKNlQyNGVZYU93ZGxHR1BiRFMyWGNRQkdsb19pU2hwWC1vOWdYdEktNjlXYU5Rc0Z3UTFLMWxnS1BPbVd0dVZITl83eHR3TFFhemtzX24yRG5CaWZERU82U3NNWnNpX0haVVB0M3Vnb3JtbVJ5d2ZCaVhGTVF2a1lYcG5vVDVMSnZ6U1VPZ1p5QjZOdTUzcmFCQXBXc2xoSFVPcXBv?oc=5,Creg ordena un mínimo de generación de energía térmica para evitar un apagón en Colombia por El Niño El Tiempo
Colombia,Búsqueda EPM (Google News),EPM,N/A,"Grupo, Gana, Premio, Cier, Innovación",Grupo EPM gana el Premio CIER de Innovación 2026 - Caracol Radio,2026-09-08 23:56,https://news.google.com/rss/articles/CBMiiwFBVV95cUxOZ0RGbzFWaDNfS0ZYc1U1NjdJUHZjcFoycXdmb1M1b09yckRrM3FCT01MR04yWnNLbzBkNzd6X2p6UnFZSEh1VlNmTG15V0JTWU5IZC1vcmo5dktIaGdHSmRWRW4yai1xTldIMHdXenNLM2pkM0sxTEVPdms1RXVRSGNLUXlTXzZ0MWdN0gGfAUFVX3lxTE1jUDA4MkY0RkpqeWx2NFFjNHdYUHlzTzVCRHBiZm9KRzNUc0FkRHpPek5PLUFwemswRGJqMnFDM0J6OVNKU0lUX3E1OU9yRTI4N2o4UlhGZnV5N2dGRFRiX3hlWEJWUDNRODZOZEFMbHBQV1lkV2N0c1lSNnNvYnRUSlF4V3lvbFRuNnhqT1lWMldYb3pVNjhjdEpQelpHaw?oc=5,Grupo EPM gana el Premio CIER de Innovación 2026 Caracol Radio
Colombia,Búsqueda Energua (Google News),Energua,N/A,"Energía, Colombia, Profundiza, Cooperación, Estados",Colombia profundiza cooperación con Estados Unidos en minerales estratégicos y energía nuclear para fortalecer su seguridad energética - Ministerio de Minas y Energía,2026-09-08 22:11,https://news.google.com/rss/articles/CBMipAJBVV95cUxPVXhQU2hfUnhXUmVmaDhfdHF6aXczLXNZT09fU193Q0dSZGZqZElZTFM5NW92V1JLamV6U3lBZnpFRFlIcE55eXhKcjhKVGFqUkxvU3BwZnJZLXdIYXBXdXJEOWpFd1RTdzNVLTZtX1NhVDdvZUhQdi1VWTVPTXlXODd0RVV0ZUlCTE84dFA3cjFMTm11cVBxci1NMU9WRkZKZHh2TjJjU3ZtdElLNHJKS0dBc25CR0xjdlF4SEYzLVM5SW1SMmVwVlRCNjQ3RThtb0MwdHRkd0xQdFhoc2JxWExRUGJsaUU0SzZ6SGdBRG14ODFoMGd4TEFyNnNCMC1YTVh1WThVR1ZZVFI5bkNYZU9pSXJ2d3FGaFlOckRaTTdpTnds?oc=5,Colombia profundiza cooperación con Estados Unidos en minerales estratégicos y energía nuclear para fortalecer su seguridad energética Ministerio de Minas y Energía
Colombia,Búsqueda EPM (Google News),EPM,N/A,"Celsia, Enel, Copel, Blindan, Embalses","EPM, Celsia, Enel y Copel blindan embalses ante El Niño 2026 - El Ecosistema Startup",2026-09-08 22:06,https://news.google.com/rss/articles/CBMikwFBVV95cUxPUWNodFoxRVFqeUY2RmZLdm1sQ3hpa1hXNjYtdndLazZxZlBDbWYtal9GWkc2ZlE1Y21rX0JkV0tFN1ZNWG5SbnJfal9KcFJZVldhUEY0RlN6SlRxTE82SG5HOHBuclBJZHRLOUJZS2dXdjhUZ1V1M0MzOFdDajM2cF93WGdpVlZnN3lFdlBRazJWZXc?oc=5,"EPM, Celsia, Enel y Copel blindan embalses ante El Niño 2026 El Ecosistema Startup"
Colombia,Búsqueda EPM (Google News),EPM,N/A,"Cortes, Agua, Horas, Medellín, Fenómeno",Cortes de agua de 8 horas en Medellín por el Fenómeno de El Niño; estos son los sectores - La Kalle,2026-09-08 18:49,https://news.google.com/rss/articles/CBMi0wFBVV95cUxPSEpYMnNaZ0hTU3dJcUxkNGdRNDRxSVdTd2doSE5YMVdvLTRsc1hRdVpuZG50OTNScXR1VWNNYlVndExkbTBFTkY4SDdiQVhhYzB1b0o3N0dKcjlQT005VGtZS1ZJT2hhZjVxXzB5cTNyNzFjYllDcU5GUWR5djZvRGVUVzZVMklqQThoZDM1Slk1cEFKUWJOVDkxSE9WcGY0ZGc0QmFPTFNNRGh3RWFDSEVmNjJjSVIxMmlqVGJwQ0pUUXpicUZrTnZIY3FpMGxZdXo0?oc=5,Cortes de agua de 8 horas en Medellín por el Fenómeno de El Niño; estos son los sectores La Kalle
Colombia,Búsqueda Energua (Google News),Energua,N/A,"Ecuador, Canceló, Agosto, Energía, Colombia","Ecuador canceló en agosto hasta $2,21 por kWh de energía a Colombia: ¿aumentará en septiembre? - expreso.ec",2026-09-08 18:03,https://news.google.com/rss/articles/CBMiwgFBVV95cUxOcURqWDVFVnh6T21FTkRyc3g0ZDhxek9UaFNWNnpTT3AzSDdIWGZqWEZlWTFiejI1YmN1SGhhR0RmRVQ1MUV2eldCOS1oRXVPM3FqU3MwVEVNQW4wLTNJWDludmJFcDF4VjF4UV9XenZuYjNFYTlLejZoQThrZlNXY0dQRnZocTFoNmJoNkZBb2d3VElkNjg0aFZtRDAxS09WeXNmZWw4dTE0T3dWSnpCRTdrQ2FBcXdKMVQ4WGkwa1V4QQ?oc=5,"Ecuador canceló en agosto hasta $2,21 por kWh de energía a Colombia: ¿aumentará en septiembre? expreso.ec"
Colombia,Búsqueda EPM (Google News),EPM,N/A,"Grupo, Décadas, Innovación, Reconocidas, Premio","Grupo EPM, dos décadas de innovación reconocidas con el premio CIER 2026 - IFM Noticias",2026-09-08 18:02,https://news.google.com/rss/articles/CBMiqAFBVV95cUxQaV90ckZ6a0JURll2WXlhZkJHYzY2YktIc0g0UVFJb2pWRUJUQ05QQVJZZWRITzQ1SVJKNkh3eXFpVDkwMEhQQkRjRGFLOWRUY09lV205dEFnMHRvVUljU0Foc1EtRTk4UXFlbDgyaFZxdTdXZnA2RHdlTFo2YmlQOFVZdjY3akpNa2k0bzhiUFJKWDNELXV3OHJoNzY1OVdGQnZiTkFQSkM?oc=5,"Grupo EPM, dos décadas de innovación reconocidas con el premio CIER 2026 IFM Noticias"
Colombia,Búsqueda EPM (Google News),EPM,N/A,"Falta, Ahorro, Obliga, Retomar, Racionamiento",Falta de ahorro obliga a EPM a retomar racionamiento rotativo de agua - Blu Radio,2026-09-08 17:19,https://news.google.com/rss/articles/CBMiugFBVV95cUxPR2cwQ05MR1RGMEd0clhTcUsyT3A1QjU0V3ZZbWVFblJ3WGRFSElMeDR3Ty1Gc0J0eUJISnMxM1FWeVY5UER2eXFLOWFtU2NfOXhCQ2FiakxhX2E2ZFdvTWdOMUVpbVRvbWIzRVhPXzRLakEzX1FRUTZkcl9JQ0xCSDNrLWhBSjJJaFFLcWlxNjNOU1J6UzByblNVWnE4Z01hMm1TNTJoYzJXeXNKQmMxS21PT3AwWFdMU0HSAccBQVVfeXFMTnhLb21fU1Bfa3hRZjNBUFlLTV8tU1R1YnIwUlRqR19lWXNxVGhqQ3FtNEo0bnB2UkFCVk9Sc29fRFRnaWNYcG5kS05MSEc1TFVucGwzTmhMWVF5MldrSUtIb2Y3LUhFVTNkclNFaEFWaHRWNV9malo5V3FmUnlJLWVGRUt4bTJPZHMtSTVORXpvRzBLLVlKNldaenV5TWpkcFRpd09kdjhydm9pdEs4ZDh6M0dkUnVJUUY2TDFpbU51ZkhyajdUYw?oc=5,Falta de ahorro obliga a EPM a retomar racionamiento rotativo de agua Blu Radio
Colombia,Búsqueda EPM (Google News),EPM,N/A,"Anuncia, Cortes, Agua, Medellín, Miércoles",EPM anuncia cortes de agua en Medellín para este miércoles 9 de septiembre de 2026: Horarios y barrios afectados - Newsroom RCN Radio,2026-09-08 16:37,https://news.google.com/rss/articles/CBMi5AFBVV95cUxNOWp0ZXV2QmxuZGRway1VT1ZGZjVFc0YzeklSWTd2eWUyaHJVVE4zejFmTkliSzVZRUhIcVZOM2V4M19iMlgydzFpTUJNTEd3Q1dzamk0SlVpenZqR2NudEZ4eVEzcmtUNWhEcldPdEV1UXprWlA2YzVUTXlqVjhMeEhOZnBpRnJSQzgtSnFUdW5kTTh6eUZLXzF5Nm1VcjJCeUFRWm9peUR1V0dLTUlnTGVjWU5HZk5GbktIYk5BRkRBbVpoTFB3ZzFTSDRyWThvT29FZ241RUxTSG1Uc1dqOXpFQkE?oc=5,EPM anuncia cortes de agua en Medellín para este miércoles 9 de septiembre de 2026: Horarios y barrios afectados Newsroom RCN Radio
Colombia,Búsqueda EPM (Google News),EPM,N/A,"Reactiva, Cortes, Agua, Medellín, Sectores",EPM reactiva cortes de agua en Medellín: estos son los sectores y horarios - río noticias,2026-09-08 14:39,https://news.google.com/rss/articles/CBMingFBVV95cUxPelJqZl92NzdUR1JFMVppMEF3dzRYazI3aVZzanRLSW9say12bUtIYk9rc2p5VjBBVDhOeTlqOHlrcl9ObmJ5a2ZsZHV3NXFIM2loMkNMeGVGd2VfNEIxQXY1a2s0YmlFdm1pbUdSRjV2YUU5UWtFM0RmX1E3TnlhMFJZMGxkUzNVbkJKLVlNQVpjeEpOaGZISllLVHNUd9IBowFBVV95cUxOakdWZkxLSnpWMGFZR3NQWWdGS0tmY2xnVnV3SlpHd3NOM1pmQVRhQ0ZxVlhOdWxRVXo3ZEVpSkg3RlRDQVVhRHFrcHBSaGp1a2dabnZVSjY5ajI1Y21OQmkzN2R5Rjc5LS16ck1DdUU5ZDdkQTIyS1doVWFYX1F0WW1TTDN2NUYydkh3SE1DajBBaU0tcW5lbTFqNG1YbWVldjdJ?oc=5,EPM reactiva cortes de agua en Medellín: estos son los sectores y horarios río noticias
Colombia,Búsqueda CREG (Google News),CREG,N/A,"Reparos, Magdalena, Medida, Creg, Golpe",Los reparos del Magdalena a la medida de la CREG: ABC del golpe al bolsillo y las propuestas para cambiarla - La FM,2026-09-08 13:14,https://news.google.com/rss/articles/CBMirAFBVV95cUxQUHJUcGd0NXJkelZMRnFpWDZkUTBNaGVYVHhXMHBmVTJ3aDZ3eFVPVnY3S01DNjM0bHlWR1JlTGdMZkJPRXB4YzNBTGNrSVp5bGw3ejZTUngtYzZDOVAwQUM5SWVfekdNRHVxUVl2ak9vVDFrbXE2S0tCbnNiOWlyckYzdGNiaGQyZnZiaDFGSHBxZ2tzS3hnX04zeFhnVklnZUZfc240aXdYRFl40gGsAUFVX3lxTFBBeVJ1OEdXWVQ2T2dGRWFnb3ZkRnB5V2JtVzJpalZJSURvbEpYZlpNLVNGTzJCNi1aZlpvSG1aQXZRWGowa2MzS19wOUFoMzVTWE9sMWMxX09ncUhBemxRNlZpUGlOaExmVVU2N2lza1JaLUlyVFdQMTJrSWdEQlhXbWtDbmlJaEhqRWswR2ZoWFE2aFJtamVFdEtLX2RuQUNKc1E0LVNvczMwMkQ?oc=5,Los reparos del Magdalena a la medida de la CREG: ABC del golpe al bolsillo y las propuestas para cambiarla La FM
Colombia,Búsqueda CREG (Google News),CREG,N/A,"Resoluciones, Creg, Ahorro, Energía, Colombia",Resoluciones 101 120 y 101 126 de la CREG: ahorro de energía en Colombia por El Niño - Pulzo,2026-09-08 10:52,https://news.google.com/rss/articles/CBMiwwFBVV95cUxOdDlyb2VucW5DeFNVSmRjcmRZZHRJQWk1SzU3QXRWalJGT21qNVFKeXpNU0pib0s0ZkRPNVBqaG43cnZUbDFuRHJFRFA5T09JVFYtcTd5UktReDhQa0s5bFBPdlM1MkItYlJ6Y0kxczBYMW9fdVNRQm9FMC1pa2NlMEpLaGlGOUNZZFNsejlSTGRrQlV3ZllQbU81Ym1FWmdESWQ4M2hIREpoSkpqR2lDOTJjR3VQMnc3SENhNjE2OFRLRVE?oc=5,Resoluciones 101 120 y 101 126 de la CREG: ahorro de energía en Colombia por El Niño Pulzo
Colombia,Búsqueda Energua (Google News),Energua,N/A,"Asocapitales, Propone, Creg, Ajustar, Meta",Asocapitales propone a la Creg ajustar la meta de ahorro de energía por condiciones climáticas - Infobae,2026-09-08 09:53,https://news.google.com/rss/articles/CBMi1gFBVV95cUxPR0dYYXktRzM2WHlRRm02QUJoQ0pJZGQzN2pRVTIxUHRYUnpSa0diTG43SjZGdE5xemhnUE14MzVxNm9QTTFTVWtHbThKOWhoR19LR3lJLW9VMWpiN0V6Q0pXSzg4cHdlN0tZRWlNblNISDRYazlJY3N2YUlieGM5M1VDczNyY3FEenI5eUV6M3NkN0N0em5NNDgwU19FVW50T1p2dWRKSDFGTFVsUlAtUkM4b0k2UEZaZFdBR1AwbW56S0Z2bmxkVDlQUk5HNHlWRU5ucmtB0gHwAUFVX3lxTFBiQWtHUUFCSldFVTI3cHlrbEI0bExsY18xbU10UkJaNlhRSmR1OWhqTTROM2E0OGs4bHBfWnRZQVhqUHFVZEZmLWxYMjRtanpHdzJyZDdCQ05EQzhGVDhDOUc1UzcwV3dJZU53UU96ekhoNkJxS3pzbzJCS1Jsa3llbk95OHVlWVlPSUlzd0EyamJRUGk5LVVhMUw0cXlRcXFWOUllOWpPd2J2ZzAzR3E5SS1xbkRXblhYeC1vaEVLTjF5TVhocjZ1YXlIWEF3SFFaMExUZEw0MmU3ekVJSGZpckxvMUVid3h2WHl6Q2JtUQ?oc=5,Asocapitales propone a la Creg ajustar la meta de ahorro de energía por condiciones climáticas Infobae
Colombia,Búsqueda CREG (Google News),CREG,N/A,"Colombia, Inició, Programa, Ahorro, Energía",Colombia inició programa de ahorro de energía ante el Fenómeno de El Niño - El Quindiano,2026-09-08 04:50,https://news.google.com/rss/articles/CBMiswFBVV95cUxObU4wSktOdWs4clNQS0VsdngzZ3l0eVJkUGlIUjdkNVlKWHdNeHNVWlMzV2Mtcl80cUgtVnQxZzdBOFZEYlVpdGQ0OTFwMW4xdXN5dWl1WFVNNjlXQkE0RXJ2bWJiT29JclNoVlFabmVHUmNZaXhSbHB3WmV2T3MwUlUxN090eWFwOXRaMFBKZHRDNkQ5VEFCN0JaakF3a3pkTlRqTU54MmQteWtPUGJ5a2ZCOA?oc=5,Colombia inició programa de ahorro de energía ante el Fenómeno de El Niño El Quindiano
Colombia,Búsqueda Afinia (Google News),Afinia,N/A,"Pueden, Medir, Igual, Alcalde, Dumek",“No nos pueden medir igual”: alcalde Dumek Turbay sobre medida de la Creg - ELHERALDO.CO,2026-09-08 03:52,https://news.google.com/rss/articles/CBMitwFBVV95cUxPWFl5OG0xSDN3OVNSbWVvY1BGSGlSeXdaOXJJb0FnU3RjbEZiN1h5NTdvdzBxQms2T2podlpnUUJFT0lBSzZuQW02MEhIQ0Rud21WdUdtY2NNVU5wRDBiRU9XUm1hYXFrX00yWEt0YUcxZFZ5VkdVMDVjLUxMSU5TMExNdjd5RGU4M00ydUpkQUtxQTZiamFEeUhpT3Qta2hHci1JaG9RNU9XbVd0VVlvdGEwUnpFMEHSAdIBQVVfeXFMUDhWYldNVU1CTXFDZVVrMFhIT3d1WUowZU9PcWJYUkZHT2RmeWQ4dlZ2aTZFa2pwQl9jUlBZb2FjYWNPNmJRbExlRmF3bmFZZV8tU1RBV0FOUnVUbldnbXRHUHNreWdoeDROcmpFNEprTHNkcDVpZF9NNVNVQURtYWpNa3dsSEtQcUxrRFFBNDNmUkl3a1A0TlBQMC1XbHU4RkxVemcyOGwtbnlCMUgtR3VfeHlidjFKUmVBTEZhV3BOWHM0OGhfT05zdUZJbjN4M0hB?oc=5,“No nos pueden medir igual”: alcalde Dumek Turbay sobre medida de la Creg ELHERALDO.CO
Colombia,Búsqueda Afinia (Google News),Afinia,N/A,"Altas, Deudas, Bajo, Recaudo, Millonaria","Altas deudas, bajo recaudo y millonaria compra de energía tienen entre las cuerdas a Afinia - ELHERALDO.CO",2026-09-08 03:39,https://news.google.com/rss/articles/CBMi0gFBVV95cUxQZ2gwNnJMREVoXzRSckY0VXdjbXFpb2dmRC1PcjFyRHRjekVjZFlPbXphWjI5NHZrd195Rk5DZmRNSF93a2lNdzJwYjlKbUNzOWl1WWhWMmV1RXlJNklfWXpab05mUFNkQV9mbVVyQTFTbkRCbVFrRlhhV0JfNWNCa0V1d2V6ajRMaXZYRDVIbFFmc19LT1AzcktyMWJVMFpUVC1nTllnRGRMOXJrWTJVX19XVGpZTHNfS2g2UEdHUEg0ZzdrQTNQbks1b2h3bVB4WEHSAewBQVVfeXFMT3hNNm9mdXJDRVJTMy0yejRIX3VvcTVTcEZwR2hLUUV1bWJTUDlCUVZTQk1aOE81d2U3OEczTmxfYXU2VTNRYzhfQTE4Zkpjdko3alh2VnVlVmprdVJPX2RVazdObk5jZWMxMWlzaVV2RjgwOHNsVjdVSW5xSERDNVR2N2lEX3d5OS01Q2FpRGMzYWJ6ZVhVeV9ILTY0clQ3SDVrMGRvckpfeWpDYmVETTZVM2lnNGVaSGk2ZnJtSG9lRFhGcE5xOVRkZXZkbjJVcDQybE5QVGVkUlpOWHVjSV9BclQxWGs5NzJTUzc?oc=5,"Altas deudas, bajo recaudo y millonaria compra de energía tienen entre las cuerdas a Afinia ELHERALDO.CO"
Colombia,Búsqueda Energua (Google News),Energua,N/A,"Colombia, Fija, Nuevas, Condiciones, Venta",Colombia fija nuevas condiciones a la venta de electricidad a Ecuador - El Comercio,2026-09-08 01:36,https://news.google.com/rss/articles/CBMiuAFBVV95cUxNY2Q1RWU2TDlmV0REZGlwODh0dF9jQjRpNTNMNzBGWFZNQzN5UEpHY3MtZHJiODBWSWp0UTl6OTlqakJsajdFRkFzQ2FRZWVqTkM4T1oyM3QyWVpWMWJVQktWOXhLdDhoZUdlOWhJNTBMSWN5U1Jlb3ZGalh5V0dDdUpFX1FoSnVSN2xIWHZYeUZZVTFxVXkxdWU1b2lrYWo2ajhaOURnOGZUeGs5cDQwMmZ0UkVQamEz?oc=5,Colombia fija nuevas condiciones a la venta de electricidad a Ecuador El Comercio
Colombia,Búsqueda EPM (Google News),EPM,N/A,"Está, Ahorrando, Suficiente, Agua, Confirmó",No se está ahorrando suficiente agua: EPM confirmó nuevo esquema de interrupción del servicio en Medellín - Orientese co,2026-09-07 23:35,https://news.google.com/rss/articles/CBMixAFBVV95cUxPSnhfdGctRG5hVS1pNU5FRHh4VDV3OXQyVWdQazNFOEJ3amt0ZG1aeUVQdGNTU1FESzNrWTFfU2FGNmpMX25Oc2RKODRUclkzcGdRZ3N3Vl9vN2JNS0ZmcmFNSGpBeW96T1l0Z3ZKMnBkdHZiY1JfUGpFRDM1RmRuZHp2OWVnR1h2YlRKN2gtZV8wTHRqXzczS0VfQTNsRURqSDRjZHNXVnp5WFNIS0tFVkplUFJTTmZpTTB3c1hKcVhldWFx?oc=5,No se está ahorrando suficiente agua: EPM confirmó nuevo esquema de interrupción del servicio en Medellín Orientese co
Colombia,Búsqueda EPM (Google News),EPM,N/A,"Ejemplo, Empieza, Casa, Contribuye, Ahorro",El ejemplo empieza por casa: así es como EPM contribuye al ahorro del agua y de energía - Telemedellín,2026-09-07 23:22,https://news.google.com/rss/articles/CBMidkFVX3lxTE5ScmJJVTZsbE1iUEVKbTRIRFprQ281cndDb0paSDFxaEFiWmZPb3Btd0ZjQWFDNkhVQXp4dUxTaE12UGRheWlfMVlsNWhYa2YxUUtGVlVQVUtuUjYzNHVwQXRNV0IxcUs2VXdxeEF5eWk0dmFMY0E?oc=5,El ejemplo empieza por casa: así es como EPM contribuye al ahorro del agua y de energía Telemedellín
Colombia,Búsqueda EPM (Google News),EPM,N/A,"Medellín, Alcanzó, Meta, Ahorro, Reactiva",Medellín no alcanzó meta de ahorro: EPM reactiva cortes de agua desde el martes 8 de septiembre en estas zonas - Publimetro Colombia,2026-09-07 22:47,https://news.google.com/rss/articles/CBMi7AFBVV95cUxOWF93Tk02dGhMVzRyLWFvSkJGS2s1TVF5SWtTbXByUm1XZGwycVpRV1dFUXNHWnpfc19MUEhKb0xiem56eFdZMl90YzFwanI4OTlaQ2lXUjRacV9vYVZrZWVBbDQwODAtOVFOSzdhMVpyUGY5VUNHMEp6ZWl6clRXU2hyWGd2S0VGSEN4YTdOckJCZTV4V014UTdNUXlmVkV5blg5eWVvZ3hOUzRmN0k1cFhPTUlISVVLc2oyVVVlUXZMeU9HUXVPQ2hUdnZIUjMyUFVjQjJ1Q2RlSkZ2SDRwbU1CN3U4dzZwZTFWZA?oc=5,Medellín no alcanzó meta de ahorro: EPM reactiva cortes de agua desde el martes 8 de septiembre en estas zonas Publimetro Colombia
Colombia,Búsqueda XM (Google News),XM,N/A,"Debe, Haber, Directrices, Exportaciones, Energía",XM: debe haber directrices en exportaciones de energía de Colombia en condiciones de escasez - Valora Analitik,2026-09-07 22:40,https://news.google.com/rss/articles/CBMiwAFBVV95cUxOWU5NamkyelRCTU05UVNYSHRXZEdtVGx3NHdhbGZIY01LeUR6VnhNdnh1ajBDdjZpUWoydnZ4TTZHQkxhbXNncG5WT1B6RkQxQWo4X2xDTUxlUHlhcVo2eUNuM2EybFg3R1p1b2xVdy13MllLQVNfR1UxOGd4S1l1aTdZb2JVRFpMMW91Y2tVSEtjMThCNTRqcm91ZWRjd1lzRHlUY0RZc1h0d3Mwc3FXUEdmTUNfWTlIZWVSVlhmWlk?oc=5,XM: debe haber directrices en exportaciones de energía de Colombia en condiciones de escasez Valora Analitik
Colombia,Búsqueda CREG (Google News),CREG,N/A,"Bolívar, Pide, Creg, Medida, Ahorro",Bolívar pide a la CREG una medida de ahorro diferencial para el Caribe - cartagena.alerta.com.co,2026-09-07 22:34,https://news.google.com/rss/articles/CBMivAFBVV95cUxNVzdLUXZDSURzbk1IS2ZOVXhwWTVxZnl6WkxHaGxqOUJtaFlIV0oySTNkNkhJd2pfcWMxd1lBWWVvOHdaVlhsQXVhUGtrMnFGQTBaZXZ1bm04UndNdVFnTVE0bm1DTGxhV1RFbGV0TU1BZ2JqcnczYmwtYkU3X1F6cTVvSDE0X2VNSERLLU9XS3k3d21ncGlaWkl5b1FXSDlHd2N6QllsR1ZYRmY5eEJsU3FIUldwaTFjenVJMtIBwAFBVV95cUxNMk9KYkVNOTJ0UWpndng1WldIbml4bnZMVEJDZ19mTng4ZE9YdEN4bmVXckNVV25PRXJsWFE2TmFnZ2dXNklPR25JWFlMRFo4Y0EzRVY5OXcwc2M5UFE4Q2VoZFp2cHFKaDdlWkU3QjJEcnNWT3k0ODFKbG1uWkhqS3g3WHEyNmlRS3FsY0JKcS03TWJZaG4yOGhMMVRyYkM2RlJjRlVQYjZGWWJFRGttOXozOGs1bHpoUzFwMlZmSlU?oc=5,Bolívar pide a la CREG una medida de ahorro diferencial para el Caribe cartagena.alerta.com.co
Colombia,Búsqueda CREG (Google News),CREG,N/A,"Factura, Energía, Cambia, Premiarán, Ahorro",ABC | La factura de energía cambia: así premiarán el ahorro y cobrarán el exceso en Colombia - Minuto60,2026-09-07 21:29,https://news.google.com/rss/articles/CBMimAFBVV95cUxQV2QteDhBMndUQmNDcTdWc1JVSHdjaXRHQVp1Q3I1ODdRcGY5Y056VzhISXpDRnFYMDN2SDJWZ3NNNkdzZy05MHNLU2YyakxsMkxBOFJNQUpzYUlMOXRQVHFCMmNnTnh2WjREQVBrSENNN25lemR0dTdhWGtYak5rNGotWnVPVG9Eb3p3RFc2cThhcFNKMmI2Yg?oc=5,ABC | La factura de energía cambia: así premiarán el ahorro y cobrarán el exceso en Colombia Minuto60
Colombia,Búsqueda EPM (Google News),EPM,N/A,"Medellín, Retoma, Cortes, Agua, Nocturnos",Medellín retoma cortes de agua nocturnos: sequía extrema obliga a racionar el servicio a 109.000 hogares - elnorte.com.co,2026-09-07 19:59,https://news.google.com/rss/articles/CBMixgFBVV95cUxPOVRCcnJ5Zk04V3o4YV84by1KTmlMQ2hpVjBWd1VVbTVzOHprOXdGbDZ4TWFqdHdHTzVlcGdEajRVNDFoZzNmVjJYMHlxS29XaDdsVHI0SGxDT1ZGal9TcnVJeEU2d3Z4TXhoWTN5WC01WU5tcEJjVHAxcmpENkZCQzlxSURqZG1qR2NPMzFVMGxGSFZEQ3Vvb2J5ZHcyZ2FjalVLZFAwMTk1Wkh5Z1g1MHJpbE5VVFNMSVc1U0N0MzFKLUNLQXc?oc=5,Medellín retoma cortes de agua nocturnos: sequía extrema obliga a racionar el servicio a 109.000 hogares elnorte.com.co
Colombia,Búsqueda Afinia (Google News),Afinia,N/A,"Bolívar, Exige, Solución, Crisis, Energética",Bolívar exige una solución a la crisis energética y cuestiona a la CREG y Afinia por tarifas y fallas en el servicio en el Caribe colombiano - El Tiempo,2026-09-07 19:21,https://news.google.com/rss/articles/CBMiowJBVV95cUxQbDlFX2JTLTBITm0tX1N4M25tWk1yMlBwbm5CNnVfR3QwLWdSZDR1NnhzdzJsYzlaa211RTRhVjYyNTRyMXBXd19Fa0hMZW5Lcm5PT3F5VDQ2T0hUSGo5SkVua3ZXV3hFOHpvYW83bTBodmZsdUU1SUpMZ2Z1LTJjR2t2VnVzcFBIcjRFQUpCTE40R3Ytc1FBQUlQal9TQy1mc3B1MHdIRGZkaS1ObWFiOFNjanh3S0JNY2U0UmtkcFpEWEF2MjJSNTZqQUdsSnVhRjh2ZGhzR3hqbXdYWnJaWkZtclJ1czVIdVhhZms0MFp1WkxxUEIzTHhWeVR4c2d6eVE0ZVMtMndzUnd6SllhX2Zoend5V3VGTXc3ak1aMzNHZVHSAagCQVVfeXFMTWFucXUxNXViXzBQeWJCSU5US1hiNTFoQU5OZ284bzJhT0NrZ2lYUWlkNDdjM1NoN1BNMmI0UGtSUG5JaDRlbnJHV0Y0bVBCMlg0czdrSl9kVzZVRHR4VXRmVW0yLVFHNnd4U3BSU3VxNlpkTC1mbzNVSUdVaXhUSWZpN01aZTJhc01QVVUwSFFFamZIeWswLTRubVFraVFrbWZqQ3hWenV2LWJtVTAwMXNSZmxNX05pYzUtWjc5R1Q3WDVualBCaGk5QTl5dmxlUG13VWZCU0M2cWMwZ2lqMVNEdzg2QkdmZldSclNKY29oZGlIdEJiamQ0UXRhLTBqQkV4YUg1TTBVQV9KeXBUVmJ2bE5mWnUwZTNod21XM3J1RVh1MEEtREs?oc=5,Bolívar exige una solución a la crisis energética y cuestiona a la CREG y Afinia por tarifas y fallas en el servicio en el Caribe colombiano El Tiempo
Colombia,Búsqueda EPM (Google News),EPM,N/A,"Colombiano, Atención, Vuelven, Cortes, Agua",Atención: vuelven los cortes de agua en Medellín; serán de 8 horas y en estas zonas | El Colombiano - El Colombiano,2026-09-07 18:43,https://news.google.com/rss/articles/CBMikAFBVV95cUxPTFpOWmdoNGtUZGhmUWhTVWpGQWlEZHlLM0xQeGVQcm1QanEwR1FCd3czb1RHeEthLVA5OThRbzBabU0wMnNCQXdTSUU0WDg3MlAtSm1XLWRlMkVjM3FWY2tDcktPMFlZSGRFbTNRYUtZOUlyS2pBWWk1aEZMaHdleW1sUWV3dkd1cGxwYkFtRmzSAZYBQVVfeXFMUFhRemNfbXJYTFF0U3NRUXdkdDRzX25XbGFKOTFZNTk3WmhrRzhXcnpXYU5GU0I5TWlkTEZiUXdIUlp1RHB6QmZuTlcwZTlFaU9tYWdmbXAwNWdLVUVrM0I0N3QzN2dvT0hWRXNUMXloQ1dYcFZfSHpJaGtnckRwcGtOSlRGdUpsUXQ5WW5MaEJONUlCVVZR?oc=5,Atención: vuelven los cortes de agua en Medellín; serán de 8 horas y en estas zonas | El Colombiano El Colombiano
Colombia,Búsqueda CREG (Google News),CREG,N/A,"Acolgen, Detalla, Nuevo, Plan, Creg",Acolgen detalla el nuevo plan de la CREG para evitar apagones - elnorte.com.co,2026-09-07 18:04,https://news.google.com/rss/articles/CBMijgFBVV95cUxQVkpVc2ZNWF9XRDRxVVVkdkp4dmxzaVItX2NyVzRxQVc5d2dQNllMNzFXVmc1SldLVWJKYm9hZ2MyLUJCdlRRVXBqT1M4Q0tWSmZ1NmFlQVpXeXpLekxWZWpzdWFjMkc1eDY4WEl0VTRvbkdrUFZ6QnZSdEFsYmtka3M0Q2VQVkgwaF95SS1n?oc=5,Acolgen detalla el nuevo plan de la CREG para evitar apagones elnorte.com.co
Colombia,Búsqueda CREG (Google News),CREG,N/A,"Colombia, Activa, Medidas, Reducir, Riesgo",Colombia activa medidas para reducir riesgo de desabastecimiento de energía por El Niño - eldoradoradio.cundinamarca.gov.co,2026-09-07 17:51,https://news.google.com/rss/articles/CBMi1gFBVV95cUxPaFBqTThKYWZFaG9JeWZEdFQ1RDFabldnc0xXTnlsRk96RFZUTTJ5TWR4ODZPakhzRW5ybVVIR0lkbm1OaGd2M0luX0ZKQ1lNaE5IVTkySlJoXzlWeWYxZ3YxVGJnWktOYW56UWVuTDE3a2k2UDA4aXJGNE03NmZBTHJwZFNyeXQwSUJPLXBzeFJsX1JSQldaWnM3QkJMYkhYZG90b2lDV1VUaG9LME1BUWJMMmxENWpkWUZoTldCejBEZU5KX0VCMWtmUW1wVVZva0o0WWd3?oc=5,Colombia activa medidas para reducir riesgo de desabastecimiento de energía por El Niño eldoradoradio.cundinamarca.gov.co
Colombia,Búsqueda EPM (Google News),EPM,N/A,"Regresa, Racionamiento, Agua, Medellín, Baja",Regresa el racionamiento de agua en Medellín por baja capacidad en el embalse Piedras Blancas - abceconomia.co,2026-09-07 16:50,https://news.google.com/rss/articles/CBMixwFBVV95cUxQVVh1aGg4ZW5IbWM4SVIzS0IwcHdMb2RLNmRJLUdSQ3V6cEUtMTMyeVhxVEFiWlRFRFNyOS1mcGk4eE0za1RZNlFFdlNxRjdvUk1uZ3NxVmtiZDkwaEZENFplVklYV0UtYWp1T1BDZnhTTklQc1NmcWIyTUNsak1xTS1kWkdzQTJxb3FrYnRqMXNXSGZTUEhmaEtxTGp2Z2FrUWZVVjhYaWFkemlKM2E3NTVZdUFXZF8zSmp3cEhvR2pVQlpXRUVB?oc=5,Regresa el racionamiento de agua en Medellín por baja capacidad en el embalse Piedras Blancas abceconomia.co
Colombia,Búsqueda EPM (Google News),EPM,N/A,"Suficiente, Ahorro, Ahora, Alcaldía, Medellín",'No es suficiente el ahorro hasta ahora': Alcaldía de Medellín y EPM anuncian reactivación de racionamiento de agua nocturno sectorizado - El Tiempo,2026-09-07 16:44,https://news.google.com/rss/articles/CBMingJBVV95cUxNZlFEbkxqeFdKOEFIOEVxc1Y3b3drZmZ5X3FXZmcwck9HekJQbTdPU3pSTktXREJ2Z1QzdC16M1BqWDJCbWM4UzhkeXFKdzFBZktOUF9ObnUtNHBQVjE2MHBxUG41X1lQNlhuSk16QUtiYkdJSUxjUlFPYzJoNUdkWkZLWEhwLWNkMGJ2WHhESmdudEF5bHk1eGNOZXpKbThhRHd3UXkySVdzaDFmUGlBT0pRa3c1WnFIWnNXckJnbnNzYThiaWZxb0R0UGh5YXZCUC1QcTM1TmxmeW4wUy1Pb3FGTnhpM3VmcEJ1YUwtUXhfaWZEZU1EMFNkZE56ZXlwWlBicmdNMzlJNHdJY200aUNmTlc1eG1KVGJWbklB0gGjAkFVX3lxTE9fNGlObm0tM3c4NmRkc3FyRGk0bzVUMUhGQUZTd05ZUHUwUlR6ZWpRN19iWlFXUThzZHp6dGhTaGxjckVCUk12MGRSRktHNkZRVUV1c1hNRk5jNXJYb3ZQUV9udURiY0xVVkIzbmJib1BlaFBuQ1ZFcW1sN3cyd2VYUWZ5Zkt1T2ZPZE9McmtId1FhX0FTV2p6cF9kbHJYZl9yLWw3RWQzSDFJdGN0Q0hjSjNyNGh4VnZYYTdWM3JHY3hEME5yZ1R2UHRraFhITEo5Zlo4X25HNWVSUVAybEdpTFJFR1FBZUUtd0h4dmo2NGNxMTFLOFFyRmtlUTdicks5bExjU2g2TEZuUnJza2M5RjQ2RE1PUjlBaTdTdXFDTlA3Yw?oc=5,'No es suficiente el ahorro hasta ahora': Alcaldía de Medellín y EPM anuncian reactivación de racionamiento de agua nocturno sectorizado El Tiempo
Colombia,Búsqueda Naturgas (Google News),Naturgas,N/A,"Futuro, Hidrocarburos, Clave, Reconstrucción, Colombia","El futuro de los hidrocarburos, clave para la reconstrucción de Colombia - BNamericas",2026-09-07 16:39,https://news.google.com/rss/articles/CBMirwFBVV95cUxQTVYwZzRqTXE2WlBVdV9VV3dQU0NlOV9zSDVkSFhJQTNDdElGd0lpaUxTUkdCMkxsc2JhR0FKODQtU0RXU3ZhREZWMDZKbjBwSkNaOFNzdUM2bnhoUWtjdEZNRVZYeDZJNGswUk1kZU9RZG56TUtqQU16VW93NmN3ZHpvaU4wclNUWlQzZmgzb3ZCUjBPVWZ5aFE3RGU3al9KaTh1ZUZDQ2FHUENCekJB?oc=5,"El futuro de los hidrocarburos, clave para la reconstrucción de Colombia BNamericas"
Colombia,Búsqueda EPM (Google News),EPM,N/A,"Vuelve, Racionamiento, Agua, Medellín, Serán",Vuelve el racionamiento de agua en Medellín: estos serán los nuevos horarios - El Espectador,2026-09-07 15:49,https://news.google.com/rss/articles/CBMiwAFBVV95cUxQaWlJRGRzaUEyOTRDUlJPaEdrOWNha3lBTnlyYkRJNnEySXU5V2NWdHhBWW9MLUhFN05lY01tOWN0UUZHYnNsUm5GQVJFczZ4eVMwdjhIbjMxRnFFTVFYRkVuS043TThmdkNJM1hGVHVnTnZqazF5RXpLOHNJNDFfYTZZeDNqdm9ONHkxNFRpOUd0S3oyaXlfc0p4aGtJbWVrc2tmWmF6WlNFTHpOdzFnbllJeE5xS05KYzMyNVJGN1rSAdQBQVVfeXFMTkY0X000MllTaEMtME85a3plc2dmZUJ2bFFtVWlBVWxyZGZQeVNWVWRmZ1g4eTJzVHVtVjNrYl9SOGV4TnZvbFlhRVRlUW5pcjZIRUNORjU5aXVzOWdyaGthMnJDaWdZaDI0dkJUaHFhRkU3bjRrLU9LTnJvRFJhazNkRm5lSkw0U0FGaHVDOUZCMnVWbGUzdXNDcEVDWG9mNkk0Vm5kN0NPRUx6OHFmalBmalpkQWpMM3h4SFJxdVFIRlUtZGpfY0VuNURER3BpNThEWFM?oc=5,Vuelve el racionamiento de agua en Medellín: estos serán los nuevos horarios El Espectador
Colombia,Búsqueda XM (Google News),XM,N/A,"Colombia, Enfrenta, Riesgo, Apagón, Nivel",Colombia enfrenta riesgo de apagón por nivel de embalses - elnortehoy.com,2026-09-07 14:37,https://news.google.com/rss/articles/CBMiiAFBVV95cUxNeC1JR3ZlUE1oVHlwYVBKS1ZNaGpmSnQxZ2ppSlFDQ3JJMkdwNEVjVVZ6dFNiblotdlI1SGdsT3dMZ3lGT2x0WXBsWjR0T1gzbHF4cks0Zy00WkdiZHU3ZXZjTXRVT1dMTEFGbFdEVHgtMHowcDhCcWtHTjkxMEx6NkZqb3RNLWpM?oc=5,Colombia enfrenta riesgo de apagón por nivel de embalses elnortehoy.com
Colombia,Búsqueda EPM (Google News),EPM,N/A,"Colombiano, Medellín, Cumplió, Meta, Ahorro","Medellín no cumplió la meta de ahorro de agua: debía bajar 92 litros por hogar y apenas logró 18, ¿volverán los cortes? | El Colombiano - El Colombiano",2026-09-07 11:59,https://news.google.com/rss/articles/CBMilgFBVV95cUxQVEJfVjFXeTdPdmdqOTJoOHpqNUdlY1ROMjBqMkJYTkZoWkNrUl9TdHkyb3IwMGhMMVhRSUlzV2dBMlhsUGtIWWRiNDRFY01aSmNsZmFKOXVidUdLejVWSFliUU05SnhnRTZ4Qk8tRzN4ZlRaTE01NmFvaUp5dUo4VUtVOVA3T0FOdHAwOHhQRkNOUUVzSlHSAZsBQVVfeXFMUHZWTmVtLVFEODFBRHloODlURktQWWNNSFU3czBabjdZbHBHU0JmVVIzZy02a3FxQ19DT05qRnM2RUlVUGRkWFlLOEZDMl93eFh4UV91YjU3b205OHZMejlJLWNPbmFJS244cVNpcFpKejUyWTY4S05OeUVGWjItalVZOWg0VDc0Y0MxSHdNUE9zMzM3eHd5RHVBREk?oc=5,"Medellín no cumplió la meta de ahorro de agua: debía bajar 92 litros por hogar y apenas logró 18, ¿volverán los cortes? | El Colombiano El Colombiano"
Colombia,Búsqueda CREG (Google News),CREG,N/A,"Calor, Caribe, Entiende, Resoluciones, Creg",El calor del Caribe no entiende de resoluciones de la Creg - ELHERALDO.CO,2026-09-07 05:00,https://news.google.com/rss/articles/CBMiqwFBVV95cUxNaXA5RlgtaFRxMy11ZWc2RDNOQlNGMzhOUjFKcG41MU13SkF3bWdfWXJ2SEg5OVVFN1dVazdfcnEybUhCTFdCN2pCWllNTVAwMTVoLUFfQy02UjRUNGZDamZpV2o1NWVYTXBxaXhWMl9RUE5BOU1oQVdVeExZWjZtODNQWnVVN2I0MVhYaHlwSUNuOUhmUmRLdlpaZ0ZXVndnNXl4MDR2NVFLR2vSAcYBQVVfeXFMTmZBWGN1RDBuX3JtQWF4ak83SkNFSzEyeXVhTG5EV2VyRkJzMy1lTkQ2bDE3STV3b2hfRFVuWGo5NWktUUZUU3ZTRzVkSGVpZm9jb2RLS1M2X0VsWU5odjRfbV9MQThKZnNtWUdWcDhjZzFYbklEOVVPcW10d0JkRWpLbjItVzJ5dl9FeVd6amRyOEZEZ0k2QlZNSUNCQy1yV2JPUmlxcjVoeThiQ2NMdEVncHEwSkpkNnlVeGdrc2RSLXBNUmtB?oc=5,El calor del Caribe no entiende de resoluciones de la Creg ELHERALDO.CO
Colombia,Búsqueda Energua (Google News),Energua,N/A,"Espriella, Confirmó, Castigo, Habrá, Ahorren",De la Espriella confirmó el castigo que habrá para los que no ahorren energía durante el fenómeno de El Niño: “Buscamos evitar incrementos desbordados” - Infobae,2026-09-07 00:10,https://news.google.com/rss/articles/CBMingJBVV95cUxQR2NKM2FUNWhVTTk4VDVWUGc5NW5nSEJFZm51RFJpbEl4SEFHR2tETGxvMWlUMnJPN05LeDBNcHZCUkVvamwzYXhrMVZnWXRfWjBFVlJjUVJUa3A5Ny15ZzJOQ2pFNG1XMTlUMjl5WXNUZnZJM3JpaXlEeTBWQ0RQVUc1alI5OUgta1ZoM1c4QjBaYXljeEE1S285OWlZYlcxSVFJSmFoMkZ2SkE1bGp5T1h3RzBIUXR6MlA1eUZtX0tEWFNaa25FT3I4VUp5R1NpWUY4QjZad0RxTldEYzZYNG4yNVFkUk9qZTZ3Zm42dDJ3bDhYTHBwZ1ZNa2dOWVpDVm1KVXR6ZzdwR1ptQS1yRndQbFJMNkFtMGtRdjZB0gG4AkFVX3lxTE55aHBxUkctc0lINF92N3ZFOTRLcmMxOFg3Uk1fR1hkNTdzUFNQZnFZd2Y5bWV5Z0hTUDQwbU8tZ0ZjbHIyY1p5cm04ZHViZVBUWlNNdldHUkRndWYweFRPVHM4M3hWWklkdDRYSmMxZDZ2R3VVSURkQUVjUGpNYnlyazJfaGttUnBVcXpyd3BQMk1qeFdHbTYxTF8wRDdfZTJlSDF2NGpXUnNZS0FWZHdTX1RzNHdGR2JYd0xsVTZpSllvUVljRngxVGMxQjNqZGZpRW5pamVtTDR3VE1HZ1pmTEZETEs5WmYyaDFPM241NVR4Q3F4NDh1WnluOEo4dlI3Uk9SUExjMm9xNGN5Y3U1RVlIMHUzY0pjRUxERDlYWmNFVUVOX2V3c1RNV0RXdXp3LVR1YjA3OA?oc=5,De la Espriella confirmó el castigo que habrá para los que no ahorren energía durante el fenómeno de El Niño: “Buscamos evitar incrementos desbordados” Infobae
Colombia,Búsqueda CREG (Google News),CREG,N/A,"Abelardo, Espriella, Anuncia, Plan, Ahorro",Abelardo de la Espriella anuncia plan de ahorro de energía ante la llegada de El Niño - Noticias Caracol,2026-09-06 23:21,https://news.google.com/rss/articles/CBMiywFBVV95cUxPbVowVHp1LVc4bFpDejAwdFd0SHhZTGFpVjRCNmI1aXdacUJsMmdjVmpVOXFGczA0RUZjcnE3NzU5azBKOUpqSHFDSXVyS0gyRXM0MnVVYTZLYUhCd3F5VmtrLU9ncno0LUI5cTctV0hGdEFGeVJmeGN1a3dVV044ZHNjclJMekJnVGlxNkpkbTNlbGFYUDQySlU5TEJXRzhIYnpIeHQzdnM5TWhIcXVXd2pjNXVYWnh5dkVoaVVSaDJZQUZ4d0g3WUR0VdIB2AFBVV95cUxNSlZMWGdtMDFRMWxlRDlrbkk3Ql84VklmbWhxbklrNmljWDQtR0s3VE1LRGQ1UjdNMUtrOURmY25jNS1CS0JETHlkblNoUkRjeHRCSnB0UTktQ0VkRVB3UU5LZWJkUjR3dlhhSldhdzB2T0pUbDBacS1fT1FHcFJSVTloaW82Tmd1UFZfYThacTcyanUtMkhpcjQyeWY3WmZoaFJlYi1ydjBOeWlCMzdVNC1abHpFbHJSZEZPMFk2ZlZZajZJYXB0T045U0owQVhKOWJidGNGdmo?oc=5,Abelardo de la Espriella anuncia plan de ahorro de energía ante la llegada de El Niño Noticias Caracol
Colombia,Búsqueda CREG (Google News),CREG,N/A,"Creg, Aprobó, Medidas, Dentro, Plan",Creg aprobó dos medidas dentro del Plan Energía YA para anticiparse a El Niño - LaRepublica.co,2026-09-06 21:49,https://news.google.com/rss/articles/CBMivgFBVV95cUxOdW5DZHVsWnUyTlRNT3ZFV25qWmR0aW0yZEZrVTVCaUhKR0JuWDluOVBQbTh5WHZmdkkzemo2RDFTLWdKZ3R3V1I5UExJUnJ4RlNrSkZHT3FuYk5qQl9iZGJwN0FUckdnT1huSlowYkRvVUlLQ0F0bmtBYTZMSnY4ZHhsZGx6RmFlU0xNZjZNc2dxZWdmdndJbXRGSkFBMGFraEhOVThqRWVFYURTUHcwbTVXUFAyVThKVEE4U1FR0gG-AUFVX3lxTE5UUzlqdjVObVo2NHBYRnVUN0M0ZnI3TWZuTV81QWQzRVpGMGVGbjN1eDZTWmFfQVFTY0pQLUJYTTJvZTRoMDMybVJsNjVIR2Y0ZDI3RVNXSlMwUGxndVZ4QXdHeFpfeFZFQ2ZEcFdDeVVlZXdEbEJuLTdlU2lwN3NNSFQ2aUVKWUZFRDhjZUxHZE1MUGR1YjVQZ0N1Q2paZjhRaUxlWEZ3akgxalJYSEZMUUdmYUFlbFRkMEp0UVE?oc=5,Creg aprobó dos medidas dentro del Plan Energía YA para anticiparse a El Niño LaRepublica.co
Colombia,Búsqueda EPM (Google News),EPM,N/A,"Acaba, Plazo, Medellín, Sigue, Lejos",Se acaba el plazo y Medellín sigue lejos de la meta para evitar el racionamiento de agua - teleantioquia.co,2026-09-06 20:07,https://news.google.com/rss/articles/CBMizgFBVV95cUxNLTZVUERhNW9NNzFxTGdwZFFjNHVER1JUeDc2dlZSSUNCTElDaUI1aHBDTmtfRUxIb0tmR1B1R2JJUEhfU0tWTjEwTDR4Q3dlV3drUkk4N1VlbGVnZEVpV1pDVmxQYnVnc29vclhGMmRnWlYySGtDWjROSXpLYmlEbVhIVEFvS0lEUlhXX1pWRlVobXNEMkE4Z0RIMFR3d2tjS1hVYnZpeTNUT2xabU9JY1FiQzVKLWcwc0Y4YXJqYm9vRHliZUQxejAtd1o3UdIB2gFBVV95cUxQOUE3ZFN4c0xibXpqdG81VEl5SjFpdWdRdFUwVzdieDBBQTI1dkY0MzY2Sy05S3JqdmxMRnpqb2xRYWpiTzVRTnluRzZWQUFVZnZRc25NeDNKRFZCMFBORk51R3p3bV9TbTVRdG14SmZ0WGpBUmhfdUlwV1NwNE5Ucnl5aWFMdlo5c1FrVmNaYTNQaWc4QVBWRW1JcXdJR0lZUml5YU9tQkJaRE5yMEUwdldsaVZGMGxkREVfTkVabThGd1JleUxTbkRjd2pHOGR5YjR5SWNJUlRmQQ?oc=5,Se acaba el plazo y Medellín sigue lejos de la meta para evitar el racionamiento de agua teleantioquia.co
Colombia,Búsqueda EPM (Google News),EPM,N/A,"Medellín, Sigue, Lejos, Meta, Ahorro",Medellín sigue lejos de la meta de ahorro de agua - MiOriente,2026-09-06 18:18,https://news.google.com/rss/articles/CBMifkFVX3lxTE5KZk9sS2ZPWFluMmhIaDhVb2FtSW53LWxMZm11NnJGc0FQR1NVM1hkaEhnWmZnTC1IM3pTMXJRd3k1THZsNklsVTl6VXRwWDRwdFUwSXh0ZWp6b3BpdjFXX1g3LWpyZG5JT3ByOEhTeDVScENSb1dMb0plSE9TZw?oc=5,Medellín sigue lejos de la meta de ahorro de agua MiOriente
Colombia,Búsqueda EPM (Google News),EPM,N/A,"Respuesta, Medellín, Fenómeno, Niño, Sube","La respuesta de Medellín al fenómeno de El Niño: sube el ahorro de agua, pero aún está lejos de la meta fijada para evitar nuevos cortes - El Tiempo",2026-09-06 15:08,https://news.google.com/rss/articles/CBMikwJBVV95cUxPNWI4cFBlZ0hQdVJZWDJxUjRtSlI3Z1JQMDZURE1HcTBFeHBQR0xDREhwajAwb2JxOHl6NW13el9mMHhEaUVCSXhWZ0M4RXhPLUdZQ3R3TlpfYVVFeG1qcmJjT3haaWJaQkEwc2xBbnk2NmM4eEY1dzRBX0lzTkV2NHRIOTZTc2RmU2Uzd283TEx2SVE1em9VZ1RZaVQwTnNESTdzSERXNE5qQjk0amhhdHoteE93dmQ2YTU2UG9CREVVd0xjOVl6UUJ4OU0zUWNwbi1RN3pQbko3Rnc2MEJ1TTBCUjVvLXRWb0ZpaW10ODFNTi1GMTZQZF9uV0VwZGxURnp0WG4wT3RDNGZKeVFkYmJ0Y9IBmAJBVV95cUxOWWxzdWZKa3NSN3BBVHdKSk1aNTY2cmFYQWZSQll5cDVuT3YySWRlLWdOdHlCLUd1Tjl6cEladjM5SGJySHhRLUh4X0xpT0lHNTBUYVdQM1kxb19SbVpNeXlGcTJ0MEJYY2VUQW9nX21qbVFyT1IxeTFDcmt1VzJrX1huQ3JEWkNVbzRPVG41WTlDRXZCWU4xdTM5YzVoZGwwOEpkcVBTcWRjbG1iNzVtdC1DRkk1NjNOeFNVNGxDV1M2b05aSzE0R1h2MzJJamlUVVdValptblNDYlk1LVZWTkFEdVJlOXRxV2prbkIxcE03LU5DcFluRWZMc245OGs4WHZpQW15ZloxUFZOTXA3am1rVG5rMFlt?oc=5,"La respuesta de Medellín al fenómeno de El Niño: sube el ahorro de agua, pero aún está lejos de la meta fijada para evitar nuevos cortes El Tiempo"
Colombia,Búsqueda EPM (Google News),EPM,N/A,"Advierte, Metas, Reducción, Consumo, Agua",EPM advierte que las metas de reducción de consumo de agua siguen lejos: un embalse le falta más del 90% de la meta - Infobae,2026-09-06 14:33,https://news.google.com/rss/articles/CBMi7wFBVV95cUxNSlhKbTFOQ1hGYVpVcEVXRWJWNjRkUzF1NGl5Qkhocy1PT3ctbDZfRUw2YlhlaHpyLXdyREhwQVhLRVZxXzNiLUd3SG1ZcVMxR3l1QVM4N2I2dV91YkdHVUR5cTM3Q0I2ZDhsd2I5aGxjVm9fZGZzZ3M2WjhNVEJ3S3ZlOXQxN0UxYmxRb2tRb20yVjBDS3pDX0pEemxocVJjTEl2WkFudVpRb2hZQ1k1ZW1fbVRBMms4MzdIQmFoZ2dPMW42Y0VTVDRnWE5ROU9wVmZ6amFGbmVjdzhOOXBFNEhhc2d3bWJBSWJIc1Bub9IBigJBVV95cUxNSDJPRGJZVTVSVEJLaDBIQ1U2UWFubl9McXA2LXZzVUZNaEwxZHNHa3p3NFNqLU0xTUVLSXVEY2tsLVZpZHNpMFF4aGhRbXdCTkFCM0NCaDgyS0ZWMW9nSkluRUVndmV1UTVrVkllejVQam4xek5nTmRDRGJyVDBiWFVZckJ5STJFRW9YWklxLWhRT01Fa0cwUEtpTVZwNEZZaDk5OTF2cm1WUjNKRmJHdXUzdHhVQXRiMGl6ZnFzTFp3TkVVVy1zVWJRSnd0VGhOcHlKMHFtbTdEbXF2NHNTUVJ2Y3hPaVp3elFub21tT280U1BmQ0QyVGh0QzJfVzhmc2h2MC1lbTRBZw?oc=5,EPM advierte que las metas de reducción de consumo de agua siguen lejos: un embalse le falta más del 90% de la meta Infobae
Colombia,Búsqueda EPM (Google News),EPM,N/A,"Colombiano, Tercer, Medellín, Alcanza, Meta","Por tercer día, Medellín no alcanza la meta de ahorro de agua, ¿qué viene ahora? | El Colombiano - El Colombiano",2026-09-06 13:59,https://news.google.com/rss/articles/CBMiuAFBVV95cUxNbnVrVkw3Z29qZVdJVFpEWGxQMEM4eTE0ZXhMWEQ0TXdZdXJmeDB4VW1uN2tXZG5ZSXdLS3lDM3RYU1VHTmE3eGx4eDhfYjVmeFp2dmlMN2F6TURqbnFPZkFaemN0UmV1d2RxWUlQX2xtWDZfMERhaDhiVjVHY01xUWN0dGQ3NEcwakxncWFiSktpNm13Q0J5MGxxRG1pUUllQzJtb1d3NkJGWjVDYVJqbi1jU3ZkODNU0gG-AUFVX3lxTE51MnZjS0lZX2p1SUtHWVo1WXBaU3JqVnVCeExvSFNseUZGaTNZSUpQbnhjRUJjdXc3OUc1cC14b05wb3l1dkMxNDRGQzNSUFN4Z1Rlai1IbFpseHFEUDMyTWJRN25aUjMxUG1RVnh2VDdlb2xUWEZCNDZlZV9rbnVuMmdRa3ljWkQ4cXdBeE5jSnVaSklZNDdLajZKaDRFWWQwaWJLVTJMXzhhUUFEY215TlZmcjhaQ2ZlMnliakE?oc=5,"Por tercer día, Medellín no alcanza la meta de ahorro de agua, ¿qué viene ahora? | El Colombiano El Colombiano"
Colombia,Búsqueda Afinia (Google News),Afinia,N/A,"Municipios, Bolívar, Quedarán, Domingo, Cartagena",Estos son los municipios de Bolívar que se quedarán sin luz este domingo - cartagena.alerta.com.co,2026-09-06 13:40,https://news.google.com/rss/articles/CBMilgFBVV95cUxNN1RCWU1tQWd1ZEtZTk9reEdIelNPR3pOV3ExLU9fcEVMYUJOLU5MSWlkY3dwRWxIbTlUV2h6Q1dqbkdyT05DOUsyVWppQU83SWNCN3pmdEpQOHRkWlkwLUpnallBX3NLU0JIdS1fX1RLY3JWVVZ0NTdlZHdudS0yLXkzbDQ1c0RTYm0tS0o0cGJmd1lYbUHSAZoBQVVfeXFMUElzUm95TEpjdmhkZ0tiX1FsREctTG1YU0VxSlM4cWVTYjVIU0Zqc3hDY0w3TFI4YklsNUx6NmppRGlTcUpsYjZVWEpabHBreFpKZnlVY09RSzhKWmhCcFc4cGxjV05rUW5WYmxaZ1FDcUhZQUw3blBudjNYd2szYmRqUG1sVHR4bThjUmYtWU5PQV9RZXJHV0Zzdw?oc=5,Estos son los municipios de Bolívar que se quedarán sin luz este domingo cartagena.alerta.com.co
Colombia,Búsqueda EPM (Google News),EPM,N/A,"Tendremos, Tomar, Decisiones, Gerente, Sincera",'Tendremos que tomar decisiones': Gerente de EPM se sincera sobre preocupante panorama del servicio de agua en Medellín - redmas.com.co,2026-09-05 23:22,https://news.google.com/rss/articles/CBMi_AFBVV95cUxPcHlhOWZTSkExQ3lkeTkwWWdoLVh2clFKVTJpckoydTNmYTFvUVZzQWtSNkVWdGtOa3liOWtkZEF3MUdaMVdUbVRSU0ZVck5BUnlYekpoVFVJbW5uZzdKYlg0aDFsOGZNTm1VODRVMHktZW41dTNLWC02QVdUMEpGemdtY2RVSlF6UmpkbVQ4Nlg1UFpvZHlGZVZxRm92RG9aSm5WdVRXR1VCc0l2SG1FRV81cEs0dVRhTkM3bFZROUhVcllma3dtMFBMZllKd2dXVTQ2VVVwOV9IdGFGaXMwZFB0VS1jMVJQYVZnVnI3UE5Ga0Z0OHNpd1Z6U1E?oc=5,'Tendremos que tomar decisiones': Gerente de EPM se sincera sobre preocupante panorama del servicio de agua en Medellín redmas.com.co
Colombia,Búsqueda XM (Google News),XM,N/A,"Advierte, Desplome, Lluvias, Cuarto, Consecutivo",XM advierte desplome de lluvias por cuarto mes consecutivo e insiste en máxima encendida de térmicas - elnorte.com.co,2026-09-05 19:49,https://news.google.com/rss/articles/CBMiwgFBVV95cUxNa0hLazVJenAtUHZ0SWtCWFVSYnpVV3FoRmZwZUtnM2dJUGQ3OWNTb3RYM2FVQ1k3akNZbzk5bkF3aWx1X0x6cDdkZ0VLVGQ0WHFla0tLeFZ2cTJUUkhRajlDMUVZVnRlMDZRdDlGWWV4djRqeEdoQlRudTlPdWNZWFRnZnVER2ZUaF9QVWtmOUgwVzVVSTBjZmZQalVxazhLd0tlc3U1QjhrdlZSdDZYbUt3T3JjeWhiMnlUN0pudkNHUQ?oc=5,XM advierte desplome de lluvias por cuarto mes consecutivo e insiste en máxima encendida de térmicas elnorte.com.co
Colombia,Búsqueda XM (Google News),XM,N/A,"Pide, Aumentar, Generación, Térmica, Riesgo",XM pide aumentar generación térmica ante el riesgo de un fenómeno de El Niño muy fuerte - LaRepublica.co,2026-09-05 19:35,https://news.google.com/rss/articles/CBMiywFBVV95cUxONlR2NHBDeHROZHQ1M3k2TW00XzI2cGFxWWpQYS11SnNLd0NWQXFyLTJOUzJFbVVlcFk3bEJ4Q25Sb3pYbjBrQUd6QTducHlET3V1RWFQNmRKSjVYOEFYakFzOVg2WXc2ZnUwMjVnZTZWQ3FwNjk5TkhlM2R2NDFsRExxN2NsWjlkX1JfSHZXc0lmeW1pYXNEbXJjRl9EaXo5VzVCQW1wS3pjVTBGSWVtdWIwSUtDSWpTMVgwZUJROHNBYTFabjdxcXZvQdIBywFBVV95cUxOcEVIR3N2WHB3RF9wWG5xMk1KY21xeWxscURkLUVhcUZUbUhZWVFTYzhIdk16MGNOU19vbnFVNTJjUnJZUmV1YUNNVjk1R3VuY2V0dXZabDZldnZ3dTEyNU96NlF4ZFY1ZjJqT01kdU80b1FKd25vUmRWOWFXb3ljOVJEMEhsN1lpdEtUSFRwRG1SN3Npc0VuZDk5ZTBuODczV2R3aEFEUDRMeW83Rk91c3hjeHFINjFiQmM2VmJuOUVqUDRtbENHWDdwSQ?oc=5,XM pide aumentar generación térmica ante el riesgo de un fenómeno de El Niño muy fuerte LaRepublica.co
Colombia,Búsqueda EPM (Google News),EPM,N/A,"Ahorro, Agua, Mejora, Medellín, Embalse","Ahorro de agua mejora en Medellín, pero en un embalse todavía falta hasta 91 % de la meta de EPM - Blu Radio",2026-09-05 16:59,https://news.google.com/rss/articles/CBMi2gFBVV95cUxNVEg2bGxaZFU4M2s3QTljS0pjc1lDMkNoaGRBVTFZUTVlYUxKREctclZaUXVvajJTcnl1LU1fdzI3UjdGb3NPdktoMTcxWUs1ZzNzeXF4WkJtREhDYTlhNDBTZklMeExlNTVSeDM4OC1fZXExcEtlNnBtaG1ac21jZ2RQWVZDODJ6WGRwRzVrbXN4enNQZTZPbVNvdWFKMzdiY29WajJkQkFrRUMzN05HRl9nVWhSZy1oRFo1TlRTWVBvZzNMTjZFbU9BX1Fpd3o4THdHaDNuaGVJZ9IB5wFBVV95cUxObFZZMmM0QVRubHZ2b1QxbW0yeDRfOXJGN2ZjdG04ZlN2OVNZOUxXdUVlcEttNndjbEhHSnhqSjdpdUNPVEFWQXRyUE1CVzNNcmt6MHJKQ3ZDR3dOeE5kRldkbzhKZEx0MUdTa0w4c1pEOXEzLU1JVDRrbER3dGc1V1JjeEZ5ckI5RU1Ec2RiMGFoNWtaSEN1QmotYTl5Z1YzUHBQY2RvNUFScmZibGpyNW1LS2ZhVWtzS2VuSmNpRElLemV2dGUySk9jRHVmZHUwM19RdmtraG5jYnJXNGNLaEVWLUgwZWs?oc=5,"Ahorro de agua mejora en Medellín, pero en un embalse todavía falta hasta 91 % de la meta de EPM Blu Radio"
Colombia,Búsqueda EPM (Google News),EPM,N/A,"Reporta, Mayor, Ahorro, Agua, Sigue","EPM reporta mayor ahorro de agua, pero sigue lejos de las metas - MiOriente",2026-09-05 16:42,https://news.google.com/rss/articles/CBMiYEFVX3lxTE5KYm8wMVEyalk0bDE3aVB3MkFSVDlDcHo1TF9fc2FCR3FPN3dyVERVWF93QzJGM25zRFJkUGxjcU9ib0NyYndEOU1JZFNtQzN3djZJcVVQUVV4ZHphZ0d2TQ?oc=5,"EPM reporta mayor ahorro de agua, pero sigue lejos de las metas MiOriente"
Colombia,Búsqueda EPM (Google News),EPM,N/A,"Tercer, Ahorro, Agua, Medellín, Alcanza",Tercer día de ahorro de agua en Medellín no alcanza metas de EPM: aumentan posibilidades de racionamiento - La FM,2026-09-05 15:26,https://news.google.com/rss/articles/CBMinwFBVV95cUxQSUN0aXdkQlFMdU4zS2hOZjNITVJsNTZLSE5fRVZJZGRiY05tbWRnbHFHa2JFUG42Tnk1am9NY180ZEZOclExUmxibG14YjlJVURXU1UyUjJacGZwUzNkNHNBaHh6WGJJWlQybkpKSTVsbHVTbEpmX1JieTIxLUdNV2M3WFgxS1BPbTVkVDdTbHY3ZXBYVGFLbFNBMGJPNknSAZ8BQVVfeXFMTlVJaHhidFh3NXFpdjNGc0RWRWNQYno0UnVpU2pWdHJPV2x0akktbFhzUmVBZEpVdDZ3VWpneWRwdjlITm1YVFdVdFpVQzVsZXFqeDQ3ZW1XRmJtNVIzVVpZbFZ0eDhHc0pQeFNiSTNVQmNoRFZ2X2RieW94NVVxOHBsUGtlc3dwSjRCckpBMnV2VkJyajkzTlVId2dsQkhR?oc=5,Tercer día de ahorro de agua en Medellín no alcanza metas de EPM: aumentan posibilidades de racionamiento La FM
Colombia,Búsqueda CREG (Google News),CREG,N/A,"Aumento, Precio, Internacional, Gasolina, Incrementa",Aumento del precio internacional de la gasolina incrementa el déficit del Fepc: Gobierno analiza reajustes sin impactar la inflación - Infobae,2026-09-05 13:02,https://news.google.com/rss/articles/CBMihwJBVV95cUxQU1JIb09hYkIyYUZlemZHNmZVZlF3eDVCaXR4R1d2dmt1MTdsS1F5cTk3OVFnWFZfRlF1MGl4N1RQd0NQazJ4dU9LWTgxV1BlbFQwMTNDYUhCSHljWjdPT0NETWFabzNqczNUa2hBdWdkNUF1RGY0LXhkejZHTG05RTFkbGk4M2lzSVFQT3B1b0VnSlh2VXVVZW5RQlQ4Z2MwQzhfc0ZKenBoX3BZM0JsQk5BcUpyVjZzcjMyRVIzMFprXzJqcTFPTjNnTHR5N0dPQnRCa3BYVVhudXVFMEYwVkV5dkZLNXVTeXU3d0ppRGFvbU9xdGZTTkpQUTRuM1h1cU4yMTVOY9IBogJBVV95cUxPbTVraUk0RHdYamN6YTR6TTJHazdqYVlraEpJRTk2clhqUmxDUTJVSVVuTUVYYmZlckxDYnp1Uk52RjZnLXNNeExHY19XRmxNckxLdGVtdFVPX2t2TEx2dVhiMk5QanM4Q2tmazN6M1N1QXN4Yjh5SmljWl9wZEtyZW9HakIxeWtTYmhoN1hxNDQ4LUd0QkU5dFdBdjVlZXo0QVY2azNYSTF1aUY2a3ZCQkVTMDVpeHpMdy1wRUNKMnFoemhKaGtkaXFBVndaS1hCU1RiUm1XYS1sUW01WDBYUGc5Y0RoSFAzX2Z3dmItb3B4cGN2bUVka1VwajFZREdwR3o1X2FzU21fWWlxNGIxQUNKRmpYMGpyQWRrUkowT2RrUQ?oc=5,Aumento del precio internacional de la gasolina incrementa el déficit del Fepc: Gobierno analiza reajustes sin impactar la inflación Infobae
Colombia,Búsqueda EPM (Google News),EPM,N/A,"Fenómeno, Niño, Feroz, Siglo, Amenaza",El fenómeno de El Niño más feroz del siglo amenaza a Antioquia: estas son las tres alertas críticas que EPM y la UdeA piden no ignorar - El Tiempo,2026-09-05 04:07,https://news.google.com/rss/articles/CBMikgJBVV95cUxOSDRjVmJRUm5yT3h3aVhpM3ZSRi1qTUJuckhzcEhJbGlIUzBLRzl3SloxOUVSVEV5X3BJNGdfMUg4REprb1FMZDUzVjFqcEJtRWJtU3lROFVOR01MYnRFUGpZdUtENzhoUWI1UnBLUUxtX2xrdVMtdVpYYXRUY1dBcjdLci13NVdlV2V4SnhjT1JzRThZdjFSX05FQ2NWRmhJMzZoVHd4NVZRSW9nU2o3bVVjeU5ZaEZZRWltS0FfZGlOUUNib1BwNGp2WVdQVUZLNzZFa3hJWExLYmN4Q2pobUxzWmlTdk91TVZqTzc1dGlPNi1pZ3Vwb2NxLW53RkxoS2xrOEVzRDRNeGlBNkN2Z09B0gGXAkFVX3lxTE5XVTRHLU44VXZDN2NSSE8xVXRfbjlMVy1EV1p0Y0U0SWJVSXVQb1pqcDVjcEhBaGlTdXlqZG1OcDFic1dkcVg2bE0wTW5GZWdmWHJzeG0wN0dXUTJJYWlEVTV6NVNIZ3JlOXVvX3pKNmdRWWFtQWVyLXBTOHhCUzNNd281MnFtUm9IdE10UlhzbFR4SXhxZC1fRVJjNEVJcUlaa24yVmcxUW9iVzNyNnpIR2NMb0xPdDZVWnJheXdwVW5Oa3lxSy1UUTFnM1VwYVZwak16RV9FYUxlSWFNNUFYdi1ZclcwN3ExYnozOGRTUHdXQUpLLVU0Zm5hWk5zZUhqMG50LWlLMHVhdG9wSEFfMDRmNFpGZw?oc=5,El fenómeno de El Niño más feroz del siglo amenaza a Antioquia: estas son las tres alertas críticas que EPM y la UdeA piden no ignorar El Tiempo
Colombia,Búsqueda CREG (Google News),CREG,N/A,"Congresistas, Caribe, Creg, Penalización, Consumo",Congresistas del Caribe se van contra la CREG por penalización al consumo de energía - Minuto60,2026-09-04 22:43,https://news.google.com/rss/articles/CBMioAFBVV95cUxOTm11T3BTQ0VKdjA4Rmo2QnFtVTRlMTg5cDY2TllRVDB6b0Q4a0tQMmtkaktTYUpidnlKYUdCYUJ2SEtsZUFzRW1WWXA5U0staWZPVnZ1aU14Z2JpY0dWZFFoWmV6N3UyaENuRURSSFpVbE9IeUlMODZEWnRPZGRoai1FcDVRVTBaNjdLbDNCckoxS2o5LXdTeG9XSW5YT1JE?oc=5,Congresistas del Caribe se van contra la CREG por penalización al consumo de energía Minuto60
Colombia,Búsqueda EPM (Google News),EPM,N/A,"Pide, Ahorrar, Agua, Semana, Evitar",EPM pide ahorrar agua este fin de semana para evitar nuevas interrupciones en el Valle de Aburrá - MiOriente,2026-09-04 22:13,https://news.google.com/rss/articles/CBMie0FVX3lxTE95a0V0TmxCSnRfdDV6STNYZHBJd0lQRTc5NUpGbzYwWlc2ZVN2ek1WQ2NZYlFVTUVqZ1ItUTgxNGJLWVUzS1dhNUhJVE9ubjRicU9MR044THIwLXE4TG1IdGJVa0NjMGoyUTE1Q1pRb2o1UzFrZmszaUFobw?oc=5,EPM pide ahorrar agua este fin de semana para evitar nuevas interrupciones en el Valle de Aburrá MiOriente
Colombia,Búsqueda EPM (Google News),EPM,N/A,"Colombiano, Medellín, Municipios, Aledaños, Volvieron","Medellín y municipios aledaños se volvieron a rajar en ahorro de agua y la situación es crítica, ¿volverá el racionamiento? | El Colombiano - El Colombiano",2026-09-04 19:05,https://news.google.com/rss/articles/CBMirgFBVV95cUxNZG9vZHJKTVNmaUJ4T2NQQkFweTF3bk13VUtpR3lLakNwZFJxTDFfZ052SGNjb1NSNl84d0FXMnU4SDdaVHBkMFk0OGxRZUtFb09fQjg5S2FoQmZTVkRHZEVfamtDaFBZMDVIUWpPRDNRN3RVUVRVejFPRDZxdVg4Q2M4T2p2YUx4OWM0SGRnSEhYLWVvakRYUzFtSTMzLWtJV0p3TnM1N1BGNXNUY0HSAbMBQVVfeXFMTkNCTFRCMmgyckFsVG1FYmVzdjAxc0FGY2d0cWJ5aXp0UHg5UGNjVVBWTXhhanBieUZLNXNCbi1XTVZQYi1pSnFPOXhIM2hORF9GXzFXXzhDU3hTVDloQ3NVNktLTTdiTl9KelM2VGUxRmdPMEJIVjB4MnJMWlRqWTdINjhNelhaQnFhSVRNbGRoTE40d2JoRmxhZ2VFczhHTUhZTmtoUk92MEhLaWpVQmVnczQ?oc=5,"Medellín y municipios aledaños se volvieron a rajar en ahorro de agua y la situación es crítica, ¿volverá el racionamiento? | El Colombiano El Colombiano"
Costa Rica,Búsqueda ICE (Google News),ICE,N/A,"Costa, Rica, Rechazan, Adjudicación, Transporte",Costa Rica | Rechazan adjudicación de red de transporte para 5G del ICE - DPL News,2026-09-10 22:19,https://news.google.com/rss/articles/CBMilAFBVV95cUxPM1k0dGRZaElBcmFFZUxXdFV6cUc2QWpuaW91Vjh1OWlPdFpPOFNvTnhyRE9pLUttMGx6WWVVMXF3Q3p1N2xOVTM0RmpDRWtNamlwS1pBZUNDWWZ5U2JrdVc2dzd2MFhFdFNGQUdSd3NQQUdjQnQzSFJKeXgwSXZaY1FqZHJhWDlhOEJPVjhuZjNWMkMw?oc=5,Costa Rica | Rechazan adjudicación de red de transporte para 5G del ICE DPL News
Costa Rica,El Financiero,CNFL,N/A,"Cnfl, Revise, Puestos, Requisitos, Ofrece",CNFL ofrece empleo en Costa Rica: revise los puestos y los requisitos,2026-09-10 20:17,https://www.elfinancierocr.com/negocios/empleo-costa-rica/ofertas-de-empleo/cnfl-ofrece-empleo-en-costa-rica-revise-los/2ATQBKJP7JETPG2TQYGOLZY2XI/story/,La CNFL habilitó el concurso mixto 10-2026 para contratar personal profesional. Revise la lista de puestos y requisitos.
Costa Rica,Búsqueda CNFL (Google News),CNFL,N/A,"Cnfl, Ofrece, Empleo, Costa, Rica",CNFL ofrece empleo en Costa Rica: revise los puestos y los requisitos - elfinancierocr.com,2026-09-10 20:17,https://news.google.com/rss/articles/CBMi6AFBVV95cUxNSk04ZS1TM0wwbjQzQkJJdzIwVXYya25OZkRJbnhoUjNxUG1fUWVXWDg4RmxWeFFWdW1XMmNDb2cta0R5NHkzQTYxZk1UaTRlM2NDdjk2M3JTRzAwQzhGamdzMWYtd0RiV05Mb0E1UWRsR0wyaFJmX29NNHVxZzhGb2JmNE9KYzI0LUtfazljRHRqR2lGSEdsVnBKRjMyX25wVmtRV2JmcEE3NlJieW1DWl9XM3VRaDhybWhNWlJMTmNBX1NqRlhrTGs0aFc5NkdxUGRtN3A0U1pnYl9fRndRWW42T1F6UE5P?oc=5,CNFL ofrece empleo en Costa Rica: revise los puestos y los requisitos elfinancierocr.com
Costa Rica,Búsqueda ARESEP (Google News),ARESEP,N/A,"Jueves, Cambian, Precios, Combustibles, Ahora",Este jueves cambian los precios de los combustibles. Ahora esta gasolina será la más barata - nacion.com,2026-09-10 05:07,https://news.google.com/rss/articles/CBMitAFBVV95cUxNV1NZd3JDRDBaVUN4aHN5LXFSY0JNcmRvWTNFTzNGUjNEX2I4dVBXVkhNUnZ4a1BwWDV0MllZZllwMFpSVklmWldCaUhXR2lSOS1tU3dPUDNMZ3hCMndfNVdLT1hYMGpSeXZGd1BNNU05eHNOa3dhS2pGeXFYZHdUU1RNQkdBeWZsWERVQXNSVElyTnNlNDFNaGxSSGU4bS1jNVhLQTV0WDExYXZsdlhmaDVtNm4?oc=5,Este jueves cambian los precios de los combustibles. Ahora esta gasolina será la más barata nacion.com
Costa Rica,Búsqueda CNFL (Google News),CNFL,N/A,"Cnfl, Pone, Nuevo, Centro, Carga",CNFL pone nuevo centro de carga rápida para carros eléctricos - Diario Extra,2026-09-10 01:24,https://news.google.com/rss/articles/CBMinwFBVV95cUxPTDFuaDZmS2JLOUZ2TnRoMnEwSTFPeEctaFRtRUIwV2V0emV4UXRUN0UxcTVURkV3OVBOOEZocXp3Y0FXaW85Wno5RDBoZ3dTUGhhSHNFay1KbmxfSEQ5Q2J1LWhEYlA1MDRHYlFjdWhMbjVjOU9xRWlJNDk5cTRCVkFmNVNpSHgwdm4xRUF3b3lCeEZ2anRKWjFERlJvd3c?oc=5,CNFL pone nuevo centro de carga rápida para carros eléctricos Diario Extra
Costa Rica,Búsqueda ARESEP (Google News),ARESEP,N/A,"Aumento, Gasolina, Súper, Diésel, Baja","Aumento de ¢22 en gasolina súper, ¢82 en diésel y baja de ¢51 en regular regirá desde este jueves - El Observador CR",2026-09-09 23:22,https://news.google.com/rss/articles/CBMitwFBVV95cUxPX05PUjdHbWxTWmRlRHVUTF85eENRZW1XNktTV0dNM0N4NVNPc0pqYzVhYzlzeXFQRWtIVVNNNTNXZC1hLVZPSzRmZXBjLVZjWEVnX1FMTWpLY21IVnhmZ0g4Nl81SVp4dHR6QlFQQ2hValNBeVJZZGNsQWQ1NnppSFpuXzgtTGJVa2JkWk9sUHh4Nko4eWk4ZTVZQzJlMWE4ZGZLeThxMmFnQ00xSEJva1F6R3A4Q3c?oc=5,"Aumento de ¢22 en gasolina súper, ¢82 en diésel y baja de ¢51 en regular regirá desde este jueves El Observador CR"
Costa Rica,Búsqueda ARESEP (Google News),ARESEP,N/A,"Aresep, Aprobó, Cambios, Precios, Combustibles",ARESEP aprobó cambios de precios en combustibles - CRprensa.com,2026-09-09 22:05,https://news.google.com/rss/articles/CBMipgFBVV95cUxNczRkUkUwekt3SmxIY1VYUV9IT2lHM0RFVWxCMTJxT1Exc3UxQTk4VnZGLVkxZE9VZWxGOUFiT1hiVUpQWllhTk1TSzRXcU96Z0lSY0ZyN1dBR3EwLTBHd28zMndId0pwR2w2RWRWdExnaW5qVzNLSzdCamtWeGh1MFJXRFJmcS1nbko5VkdGUUg1bW5kOGpRMVl1WGJVRjlwNGFMVWt3?oc=5,ARESEP aprobó cambios de precios en combustibles CRprensa.com
Costa Rica,Búsqueda ARESEP (Google News),ARESEP,N/A,"Graf, Aresep, Combustibles, Mundo",graf-Aresep-combustibles-0909 - El Mundo CR,2026-09-09 21:54,https://news.google.com/rss/articles/CBMivAFBVV95cUxQZFJ2OEphNTVJZmRvWHRwOUdFSm1XVTNIWnNLSDFQVWhYYlpfRVZwRjR5YUthSXhGamI1eHhjU2ZHV0JwaDFvd2tzMnhyaWpUcy1Ra2pmNkNHUUpQYWpndkF1SXo2aWZRcDQwcDFCV1ExQ25BbE1McGNob21WRW13X0tiM1JyekVKSmpoMjExMmllZGxHVkdPN1pkWFRBZFRUVDlxLUlDUURqMnlmcWlDOHBHeVZDRXhjX3ROSA?oc=5,graf-Aresep-combustibles-0909 El Mundo CR
Costa Rica,Búsqueda ICE (Google News),ICE,N/A,"Rechazan, Adjudicación, Transporte",Rechazan adjudicación de red de transporte para 5G del ICE - CR Hoy,2026-09-09 18:43,https://news.google.com/rss/articles/CBMilwFBVV95cUxPNHEzNndLYTVHYkZWSUtkaDhJWERaQWNoNWdSaFNrZVJpS3lGRlJGNXJOWXoxVHNoclJrNTc3aWVNeWJDUkxSM3UxLTNqdUJ1NENIMGVuNFhsNVVzTTBLWllwTW1INWl4UHNqLTJSeS16TzhKcTFNTDRJcmlObkdiYW9NZ1NrTDd0QjJpR0xTcldEQnlXU01j?oc=5,Rechazan adjudicación de red de transporte para 5G del ICE CR Hoy
Costa Rica,Búsqueda ARESEP (Google News),ARESEP,N/A,"Aresep, Aprueba, Cambios, Combustibles, Regular","Aresep aprueba cambios en combustibles: regular baja ₡51, pero diésel sube ₡82 - CRC 891",2026-09-09 04:09,https://news.google.com/rss/articles/CBMiwAFBVV95cUxON2dnN1ZweTZmdjRsdEludWg1bGp6OU1ZbHpXQ3NkREJxdFNwVVR5ZGZOZDQwU0t4QmFmVkdsRXZfckhNbWZERkNCS1J4ZF8xYWVJZ01VRkdSdk91eGRiZ21xN0RGdF9CdEE2TUduWUtjb1VIMTVXYkZaNEM3a0U0R2RmWWZtSmJHQWpyb1JpM0h5OTVCQms0dWVrYlhueERvRjlibmZHNWRNbmtDLU5xVnhBUVh5eXRZY21vYl9TWGk?oc=5,"Aresep aprueba cambios en combustibles: regular baja ₡51, pero diésel sube ₡82 CRC 891"
Costa Rica,Búsqueda ARESEP (Google News),ARESEP,N/A,"Gasolina, Súper, Aumentará, Diésel, Regular","Gasolina súper aumentará ¢22, el diésel ¢82 y la regular bajará ¢51 - El Observador CR",2026-09-08 22:45,https://news.google.com/rss/articles/CBMijwFBVV95cUxOSDZOZlRtOTQ0N29iUmtoYzBkNldYZlJCMmNnYWxhc3ZWbTNYbGN1LUlkVHJqRVk2T0hJTFNLLUk1TXhQNGFHNS1nMV9BWDNHYzVvN25kZFJTWm5uOTlkMWJIWm9ibVBwZzdiRlBUcUszRWlweHNqTGswaWpGY3NVVDRNaTRxdnRqdTBlWTdlYw?oc=5,"Gasolina súper aumentará ¢22, el diésel ¢82 y la regular bajará ¢51 El Observador CR"
Costa Rica,Búsqueda ARESEP (Google News),ARESEP,N/A,"Aresep, Aprueba, Ajuste, Combustibles, Setiembre",ARESEP aprueba ajuste de combustibles para setiembre: Vea los precios - Diario Extra,2026-09-08 22:34,https://news.google.com/rss/articles/CBMiqAFBVV95cUxPLTJOVGJ2VnR2REQ4Q24wajVXODkwdlltQk9lMEdGUjFuN0VFZ2M2Z2ZtbHBGVnpuMVQ1dE5ESEpJVXdLaUR6dURReHR6ZTY1OE5CMEpFOTB2Y3VrU3pYRUxvdnFOU2ZwMzNMSjVoQTFVZFlSSHJkY0wzcWh5dnJWcWQtZldoc0t6TWg2TGEzNndyLVZqZDlVQzJram9zS2tvUklUUjJWdlQ?oc=5,ARESEP aprueba ajuste de combustibles para setiembre: Vea los precios Diario Extra
Costa Rica,Búsqueda ARESEP (Google News),ARESEP,N/A,"Litro, Diésel, Tendrá, Mayor, Aumento",₡82 más por litro: Diésel tendrá el mayor aumento en setiembre - Teletica,2026-09-08 22:29,https://news.google.com/rss/articles/CBMiowFBVV95cUxPVEVoV3NpZjZJaDMwcWdtUVpnU2E1dmMxVExsdVlwVnpEalh6RlVTaE9tcWtTSHBHWlJpVTFtZmlmd2JCZmV3NFpTY1FNdWl2YTdyR19ORnZhTHMydnFxa1o4RkxNbWpZbnI5Mk9mUjl3bDVpOUoxeWhvNWIyem9JRm1ST0ozOWhVd3NMazZBQjNaX0ktNnNJOFBxdHNZRUdpd3hv?oc=5,₡82 más por litro: Diésel tendrá el mayor aumento en setiembre Teletica
Costa Rica,Búsqueda ARESEP (Google News),ARESEP,N/A,"Aresep, Anuncia, Cambios, Combustibles, Regular","Aresep anuncia cambios en combustibles: regular baja, mientras súper y diésel suben - Delfino.cr",2026-09-08 21:26,https://news.google.com/rss/articles/CBMirAFBVV95cUxPVkExUDZ3VjJYRTBiWHZzckxnc1FXS3ZkdnN2eC1qZFl4X3R1RUsxTy1sZkthdG5uOFczckZCbDZ6R2hETDU3Ym9XbDN6dFY3N2gwM21OcE9wMHNxS1RwT0QyZHVDSjR4MnNoZTVmWDNUdUJhMXUzdmlJZlJtQ2lSRkhfYTI2ZkExWGYxQ1Nlamo2b2hNdDN5ZS1PZXBOalFCQkhCYWktektXSmM4?oc=5,"Aresep anuncia cambios en combustibles: regular baja, mientras súper y diésel suben Delfino.cr"
Costa Rica,Búsqueda ARESEP (Google News),ARESEP,N/A,"Gasolina, Aresep, Aprueba, Aumentos, Precios",ARESEP aprueba aumentos en precios del diésel y gasolina súper: Gasolina regular bajará ¢51 - monumental.co.cr,2026-09-08 16:31,https://news.google.com/rss/articles/CBMi0gFBVV95cUxPYWljd2hRQ1ljY1h3UXZYa3dOVnRaeF92RkxrLWdKSkNuaXJJcTI5UldBb2Q5SkFySFByZWVsazV6Q2cyQnoyZ3hBNzNHZzYtSV9GYkptTjFBZkJoX2NsZmxocF9mZDIzYzVpZF85Z3JNeFpPbThMMGFRcEFnc2dlUHZmNHVHQ21LMWxaa0N6Mk5fdGhmX0RaQ0tKazJBSUtmaDEzdnV2T0c2UHBSUU1XR0R0SWJ4Uk42eEl2c1ByTnV1NU0wVU1TU1pmTk9QUE5iR3c?oc=5,ARESEP aprueba aumentos en precios del diésel y gasolina súper: Gasolina regular bajará ¢51 monumental.co.cr
Costa Rica,Búsqueda ARESEP (Google News),ARESEP,N/A,"Cedet, Cuestiona, Propuesta, Aresep, Servicios",Cedet cuestiona propuesta de Aresep para servicios auxiliares por posibles cobros duplicados - Delfino.cr,2026-09-08 12:24,https://news.google.com/rss/articles/CBMiuwFBVV95cUxPXzhrUk80TWN5T3ZpOGxpZTdwLWRqY1ZWY1BBR0FpNTZ3cXRWeEZfelpDTU9QVXg1LUVKTGtfRktjbHdPRldVZEZpTmJpT3BQUE1IMXd3aHdaU0QxWm9pYml4TE9RaGlvQlAxc2ZvcFFWX1lqTlBhU3VUcWo0ZlhBQWRrcXJ6eG9MY3ZDV1o3anNQbExxdUJ4MGxBdzFmbjFiZkFVdXFveTRlZzBRVUJhcmFNOVBZakd3R2pr?oc=5,Cedet cuestiona propuesta de Aresep para servicios auxiliares por posibles cobros duplicados Delfino.cr
Costa Rica,Búsqueda ARESEP (Google News),ARESEP,N/A,"Advierten, Propuesta, Aresep, Podría, Encarecer",ADVIERTEN QUE PROPUESTA DE ARESEP PODRÍA ENCARECER EL RECIBO DE LUZ - Heredia Hoy,2026-09-07 23:41,https://news.google.com/rss/articles/CBMipAFBVV95cUxNeS1QN0t2a1NDVTFvVmZTN2o3eUVMNXlFazN1MmlWcVgyRDBsc2VlV2F4cDlxSGRSSGdTMW1tdEFOLTdvWF9KLXUxRmtCdHZHaUF4bTlxaHhMQVpVQkdtZDZDUDAwQzRMMDlZT1RZVlRoQm1qNXZySVJFZER4VDd3Y2F3Q2VJQXpaS3VpWXd1d1JUOXN0M2xHTVRCb0VrN1dGS2E1TA?oc=5,ADVIERTEN QUE PROPUESTA DE ARESEP PODRÍA ENCARECER EL RECIBO DE LUZ Heredia Hoy
Costa Rica,Búsqueda ARESEP (Google News),ARESEP,N/A,"Cedet, Advierte, Propuesta, Aresep, Encarecerá",CEDET advierte que propuesta de ARESEP encarecerá el recibo de luz - El Mundo CR,2026-09-07 16:20,https://news.google.com/rss/articles/CBMingFBVV95cUxNY2FsLVVkTFJxb2txb0dnbXh3d3V2SWdWNTZ2YUVja1hNSG9ZdjRQRDVDQmtkazR4YUI5bktXRHlmVWJuTm1jalUzSEtrV3R3bFV0aDRraU1oMjJQUktjazBaeVo1RVpENzZMdlFyS0FlMWxONURmX3h1Mjl3OE96QjB5Q0dheVd4c1JncjBNcjVaSkNSZmZybXdSM1JDdw?oc=5,CEDET advierte que propuesta de ARESEP encarecerá el recibo de luz El Mundo CR
Costa Rica,Búsqueda ICE (Google News),ICE,N/A,"Duda, Plan, Demoler, Edificio, Sabana",UCR duda de plan para demoler edificio del ICE en Sabana Norte - CR Hoy,2026-09-05 22:48,https://news.google.com/rss/articles/CBMilwFBVV95cUxNSXNEeHZKUDcwazhoUGhEQm9QcXJLR0libjRXeXVWaWdFM2tPX2JReUNhZGN2MXluN01yTjNXQWs3Um00cDN5WUJEejFmelZ5TGtKcEwxSkNOUzJZQzdFREk2RE13ZWxFN0lHVUJnZW1qRjIyblNOM0w2ZjVZeWNSOXFzbHJvRjhUXzY4Smsxb3lWQ0IyVGZN?oc=5,UCR duda de plan para demoler edificio del ICE en Sabana Norte CR Hoy
Costa Rica,Búsqueda ICE (Google News),ICE,N/A,"Discusión, Privados, Dogmatismo, Saldrá, Caro",La discusión ya no es ‘ICE contra privados’: el dogmatismo nos saldrá caro - nacion.com,2026-09-05 12:15,https://news.google.com/rss/articles/CBMivAFBVV95cUxPeTZQbmFoNVZnMFZPbUtoNUVUNFFZR21OLXZQUDVnVUkxV3RGU0wwZGVPOGREcElvVjhvTmY3dmhoNzhVV1RQNk1saVgyQVBzZm1wdjJ1Y1ktczJVdkdUUW9SREZISDAzdGtlLWpqLW50aVVwY1VWcjh0M09FY25BQWpvLXdOZkZBbGYzelhKVTZzdEU1RlRLZFhMMEc4WmlOQzNRY01tTk1SbS1JNzM5VllxQ0k5RWhPTVd0ZA?oc=5,La discusión ya no es ‘ICE contra privados’: el dogmatismo nos saldrá caro nacion.com
Costa Rica,Búsqueda Recope (Google News),Recope,N/A,"Denuncias, Robo, Combustible, Llegaron, Sentencia",86 de 959 denuncias por robo de combustible llegaron a sentencia en Costa Rica - Infobae,2026-09-05 04:44,https://news.google.com/rss/articles/CBMiwwFBVV95cUxQb1Fzc1l3aF9IcVowWTRrRGd0Z1A1SjZGcnkxYl9fcGJ6akZIOVBCTWR5NjFKUnJIdmN0bGRONlItT1Q3TFJhNFRoQ0ttaWVhMU0tbG4xSGJTNFU3d1V2QllaUEhJUGxwQnBnSHNLZU5nNVZVVjIxMk9IN3dOYjVLUEh6eXNQUzRkS3VFNUxKLWJWdzBDcWEyTFQ5bElZQkdsVkRqNVNOV3c0MlJpRl84eFJ0VDRhLWdlUDV4NW1wOHdocDjSAd4BQVVfeXFMTmRSQWg4OTlYWGRkYVp6MTZ1T2U2UHNQVkN0XzI1R1lORkJKRU1pckRHRFhNVXpqaE5vTDNXNEU1VDFZdU9lemltSTY1MWV4aFF0OF9TTDlJRVZUYlV2UXE4M18zbVhZa3FNR0wtaHdNakt3eWFfc05RLVFrc011LXNCX3pRVDFPU0pZdGJQVFpuNi1jZVdnTGxJRUo4cFNTX0lJT1BQdEZXU1oyNmNRVjNhVXUwX1lzS0RvMG9MWG96cGw2Yld3TlV6NGQwQlVJN2l5NHI3TW96bUFuQkl3?oc=5,86 de 959 denuncias por robo de combustible llegaron a sentencia en Costa Rica Infobae
Costa Rica,Búsqueda ICE (Google News),ICE,N/A,"Cuestiona, Plan, Demoler, Histórico, Edificio",UCR cuestiona plan del ICE para demoler histórico edificio Jorge Manuel Dengo - Teletica,2026-09-04 23:53,https://news.google.com/rss/articles/CBMiugFBVV95cUxPM0hXLW9ZMDF0NXlyWGZjcHV6TGU1b21SUmhCU2g3S0JGbnRKcEJMYk1DT21fR0NfRDA0TC10U2xqS0ozTXEzM1VzWHF2enJLUmozQ2pieUQydUMydVBDS3VrT1VrbVhQc09YTGUwZzItei1kUDVJemViTVgwTnNBSERfS2tXZktmSDcyQlFRMzlRQUR4d1hzVTdYZlJvZjVOMGhOaDhuZExEV2NxeVo5UGVZZEQtbm9lb2c?oc=5,UCR cuestiona plan del ICE para demoler histórico edificio Jorge Manuel Dengo Teletica
Costa Rica,Búsqueda ARESEP (Google News),ARESEP,N/A,"Aresep, Aprobó, Aumento, Pasaje, Lumaca",ARESEP aprobó aumento de ¢80 en pasaje de Lumaca: Servicio entre San José y Cartago costará ¢780 - monumental.co.cr,2026-09-04 21:14,https://news.google.com/rss/articles/CBMi3wFBVV95cUxNUlRESmh4SlN2cEwwd0lpeGtycGwxZjVDTWxOZVpURmR1djlROGVaYTEyYzBxeEdPcS12Y0FyS1c2anhKNm9IdVVoWW5QR3BvUTU3akEyUmtBeUx4bDUwYzk5eEw1ZGhKN2xZZXd6akwzd3V3RjdXOTYxOEx3MHVZR0JPSXJidmNJUEMtUldyVnFzeDFxODQxSk5ObXBuLWxZYzU5MzZFakR0Nk5maVpBMXZPMGVtbFg3Q2NBVG14STBGMlJBdFYtRHQzNVZmQmpqOF9mamNsYXZqVGc3T3JF?oc=5,ARESEP aprobó aumento de ¢80 en pasaje de Lumaca: Servicio entre San José y Cartago costará ¢780 monumental.co.cr
Costa Rica,Búsqueda ICE (Google News),ICE,N/A,"Costa, Rica, Grupo, Invierte, Millones",Costa Rica | Grupo ICE invierte más de ₡16.000 millones en conectividad y servicio eléctrico de Zona Atlántica - DPL News,2026-09-04 11:10,https://news.google.com/rss/articles/CBMipwFBVV95cUxPb0tvY2dVRWtLYk5wOXJzTXVMYTJIT29lNHFmeFQtN1BMd2xsMUF3VDB1cUlJUzA2NXJwQ2YtSVQybzNDVThXazVkMXloV0wwVHJLbXE0RTdaMGhLY0NIOF9GQkZsNHJtUEN1b2ZHX3JSdWEzSGloS3c2V3Y3RXBZa1poMi1rRzBSM09obFpQUXVkTGV6aDVSRzhxV0ZwcWp5dlQ1QjlIVQ?oc=5,Costa Rica | Grupo ICE invierte más de ₡16.000 millones en conectividad y servicio eléctrico de Zona Atlántica DPL News
Guatemala,La Hora,N/A,Generación,"Griselda, Fraude, Operaba, Contadora, Margarita",Así operaba la contadora Griselda Margarita en la red de fraude y abogados falsos,2026-09-11 01:00,https://lahora.gt/internacionales/ypena/2026/09/10/asi-operaba-la-contadora-griselda-margarita-en-la-red-de-fraude-y-abogados-falsos-now/,Una red de fraude que durante más de una década tuvo como objetivo a miles de propietarios estadounidenses de tiempos compartidos (personas que adquieren el derecho de usar un alojamiento vacacional) en México habría funcionado bajo la estructura del Cártel de Jalisco Nueva Generación (CJNG). Entre los señalados por las autoridades estadounidenses se encuentra Griselda […] The post Así operaba la contadora Griselda Margarita en la red de fraude y abogados falsos appeared first on La Hora.
Guatemala,Búsqueda CIE (Google News),CIE,N/A,"Cienciano, Montevideo, City, Resultados, Fútbol",Cienciano - Montevideo City - Resultados de fútbol en vivo,2026-09-11 00:46,https://news.google.com/rss/articles/CBMirAFBVV95cUxOWlNHNHRvSTM5MmtFRzRiZFhrSFE1Q1o4bHhnQ1V5YWlNUDdYQ2l0M19ON1pCdnhFYWVMcGRramZpWGhRU0dGZFRpVE1kbG9DeG9yc2RCc080SVdjaU5ldHRaRUw1LWNOUzE1OF9TQ3BaVWFfMkIxNkNreVRJb3RUS2FGalFaSTU4b3BpM3ljNEZqdGlRZURJSk9RSXFoOW5yZWVGclpyVExNZjB2?oc=5,Cienciano - Montevideo City Resultados de fútbol en vivo
Guatemala,Búsqueda AMM (Google News),AMM,Energía,"Causó, Apagón, Dejó, Energía, Varias",¿Qué causó el apagón que dejó sin energía a varias zonas de Honduras? - Diario La Tribuna,2026-09-10 23:45,https://news.google.com/rss/articles/CBMipwFBVV95cUxNMUZVN0JUYUw4VzhpYzJZVzk3NGkwZEpSZm1WX2hGUndkSVktZ0lDZ2FRRWVPNF8tQl9KTmp5UDgxcE1md1MxRHBBTER0Z3ltSzdhZFlWZ0xWSklFUHFlbVRiOUppRVNaRlpROFpuem5TbjAxTkxvWjlvODNQaEd3QjRQckctUTdianh0TzdtSC1OZ3I5alBDaW1xOXBEWWdTWVZobjBjVQ?oc=5,¿Qué causó el apagón que dejó sin energía a varias zonas de Honduras? Diario La Tribuna
Guatemala,Prensa Libre,N/A,Transmisión,"Bloqueos, Inicio, Retrasan, Malacateco, Antigua",Bloqueos retrasan el inicio de Malacateco vs. Antigua GFC: este es el nuevo horario,2026-09-10 23:38,https://www.prensalibre.com/deportes/futbol-nacional/bloqueos-retrasan-el-inicio-de-malacateco-vs-antigua-gfc-este-es-el-nuevo-horario-breaking/,Los bloqueos registrados en distintos puntos del país complicaron el traslado del equipo de transmisión hacia Malacatán y obligaron a modificar la hora de inicio del encuentro por la octava jornada.
Guatemala,Búsqueda AMM (Google News),AMM,N/A,"Apagón, Afecta, Guatemala, Honduras, Falla",Apagón afecta a Guatemala y Honduras por una falla en el sistema eléctrico de Centroamérica - La Silla Rota,2026-09-10 23:10,https://news.google.com/rss/articles/CBMiqAFBVV95cUxPUU9kSmx5Z0FkRFJBRWFOeV9Mb0VxYko3NDJ4YWsxS3UwNkU5clNLaXY4emx1MzFXRDI5MXZMZjhEbUZuMXdTd3RTSHhyaGF6YkxKSDR1ZGZMLUdORG82aFVGWWFMeWdrNTB1cVVMMUF4RHYyWXJDTzJUMVJjczViME1qcWtLYUNReVVNc1JqVEF5VUZCSzlTSl9ZRnVsa0xKdlA5X01PU1E?oc=5,Apagón afecta a Guatemala y Honduras por una falla en el sistema eléctrico de Centroamérica La Silla Rota
Guatemala,Búsqueda AMM (Google News),AMM,N/A,"Falla, Eléctrica, Golpea, Honduras, Guatemala",Falla eléctrica golpea a Honduras y Guatemala y activa emergencia regional - quepolitica.com,2026-09-10 22:55,https://news.google.com/rss/articles/CBMiigFBVV95cUxPcTB0YjRXMTFoWnRTcTd2M2hWTnYtdzFzWFNjSWdDT0U3b1AtOHlmOXJVaEdKY0tuSDVmb2dzbnlwNUtGNUJzZzJrSllBU2hWQnVQaGZjb1Q4ZG80SlVWUUs0dVIyRDhrUUJMTldiZm9OdExoTG9ocEVGcDZRXzRWdHl1bXJnV3p2WkE?oc=5,Falla eléctrica golpea a Honduras y Guatemala y activa emergencia regional quepolitica.com
Guatemala,Búsqueda AMM (Google News),AMM,Energía,"Energía, Eléctrica, Vuelve, Normalidad, Tras",Energía eléctrica vuelve a la normalidad tras falla en el sistema interconectado - - Diario El País Honduras,2026-09-10 22:34,https://news.google.com/rss/articles/CBMipgFBVV95cUxNNVd3QjVjRzBNdFFBYnloSnE0TTRHdGc2NXl0cm54WUNrQTNQZnVIeDhtVngyTmhFS3R2azNobGtla25HdUFZT0Z1MnUzMG8zVDREX204WHEwbXpac2ZEckpOaW1DVi1hb3BmVFZlM0VyZTh0TWZyZ3UtNUlmNkd1S2FCZkx4T2NXY0dNY3pHMWFfVGlMaU84cUF5RkxTMkFUeFg0ZS13?oc=5,Energía eléctrica vuelve a la normalidad tras falla en el sistema interconectado - Diario El País Honduras
Guatemala,Prensa Libre,N/A,Solar,"Será, Eclipse, Solar, Histórico, Dónde","Eclipse solar 2027: por qué será histórico, dónde será visible y cuánto durará",2026-09-10 22:32,https://www.prensalibre.com/vida/ciencia/eclipse-solar-2027-por-que-sera-historico-donde-sera-visible-y-cuanto-durara/,Un eclipse solar total marcará el 2027 por su duración histórica. Conozca por qué será uno de los fenómenos astronómicos más importantes del siglo XXI.
Guatemala,Búsqueda MEM (Google News),MEM,N/A,"Gasolineras, Precios, Bajos, Según, Azteca","Estas son las gasolineras con los precios más bajos, según el MEM - Tv Azteca Guatemala",2026-09-10 21:46,https://news.google.com/rss/articles/CBMiwgFBVV95cUxPWG0wZmFGaUpDbk5XbXZGSEZOanJMOTh4QVFXMkpiUVJaWVl0bU9VX0otXzBOTnFtb3ROdDhfVDJnazZlZE1QQ2dsRnZwUEV1NFp0d2F0OFNyWG0yZDhXZUMyU1AzdngzN0tfNTNOSXRwWFVoUXJVaGQzX3NVNE56N2FlT1AxQm1IU3NqQV8zZ3BkeWtMTktoNkZaVnJvM3owZ0VpTmRQMmE5YWtGeHJvY21Oay1TUGx2UERYcHF5MGhHUQ?oc=5,"Estas son las gasolineras con los precios más bajos, según el MEM Tv Azteca Guatemala"
Guatemala,Búsqueda AMM (Google News),AMM,N/A,"Apagón, Afecta, Países, Centroamérica, Eegsa",Apagón afecta a países de Centroamérica y EEGSA reporta problemas en municipios de Guatemala - Prensa Libre,2026-09-10 21:39,https://news.google.com/rss/articles/CBMiygFBVV95cUxPc08yRFRWRVluS0loSXA2cnhnbE9XX0M4M2h3Q0poSTJTMVZoNllXMlQ2MzJIWXVfTFdYcEFFc1hZeERhc3ZPQU1PaFpTVVhidDByaXl2ZWNDTFk3MUVXeWhwSlJnYWRYRFN3ZmtnRFppQmtVUFI0RE11SmoyRTQxd29tam5ROWZyeG45OVAzZC1KclBuaURZeFY0V05BdUdmeHRUQ1p0eFkwdHE4WFBfWDR0ZGpyM0RsSUdjbTFoUlV4UFAtbnppa1JR?oc=5,Apagón afecta a países de Centroamérica y EEGSA reporta problemas en municipios de Guatemala Prensa Libre
Guatemala,Búsqueda AMM (Google News),AMM,N/A,"Verificamos, Usted, Hubo, Fallas, Sistema",Verificamos por usted: ¿Hubo fallas en un sistema eléctrico que afectó a países de Centroamérica? - Prensa Libre,2026-09-10 21:27,https://news.google.com/rss/articles/CBMi0wFBVV95cUxPakJ0cGRlSmc3bVNxR3RqdDJXeXRJTXVRZnB0VHQzVF9KNWF6N0NVN21WckwzZ1RLTm1IYk40ak9GY0xEQmI5UGsxOHhvVnRVWlN4bFI2LWpYSXhyaENva1YxdGIyZEV5c2RKbl9jQjJxUFNfcjVpNmYyQVdTQXhJdWpzU2RsdUprQlZTVkJmcnhmZU9nRV91NklPeURLNk4xX1VYVmx0OXlvcnVoTmtOUDZSejIwdWpVSGNycnZ0T29RRUVGSnJQZ0FHdFZhVzdTOVBv?oc=5,Verificamos por usted: ¿Hubo fallas en un sistema eléctrico que afectó a países de Centroamérica? Prensa Libre
Guatemala,Búsqueda AMM (Google News),AMM,N/A,"Apagón, Eléctrico, Centroamérica, Jueves, Cuál",Apagón eléctrico en Centroamérica este jueves: ¿cuál fue la causa? - LaPrensa.hn,2026-09-10 21:17,https://news.google.com/rss/articles/CBMiygFBVV95cUxORDBqYnE1MWExakExZmh1ZldnSE5kOGJFYkRqOVFQR09JUGJvV1B3dUVBakREN3NEc0d0ZW1JSVVTVnFKWUJRbUFlSFJ2aGh6M1ZxeUQ1eENQR2cyQXRkYkV3RDFUbEI0a3Y1ay01Q3hjWVZEeTdaMkNSb2RfVURoMDY3TUg1VjNrUWNMS09JLTh1YTZZSzlrN0lEc015WnhfWXRvMm5uMFdiX3RjWllHZUJSLWxQYU5kbllOT25TZURKWW1QM2FwTEpR?oc=5,Apagón eléctrico en Centroamérica este jueves: ¿cuál fue la causa? LaPrensa.hn
Guatemala,Búsqueda AMM (Google News),AMM,N/A,"Apagón, Afecta, Guatemala, Honduras, Falla",Apagón afecta Guatemala y Honduras por falla en el sistema eléctrico regional - diario.elmundo.sv,2026-09-10 21:03,https://news.google.com/rss/articles/CBMivAFBVV95cUxPcjR5dE1jVW9jZlFRT2ZWRU9xaWhWSE90R3lMNjMxdUdHNEtZdkU0OEpyT01EbWtIWVRPUVQtNDAzcWQ1czFQN0JVNXNRM01qTHIzNklxQ05QMkNHYldOaXotSnRudzBxampCMjloQjNrUHoxWGlrRnlxMjM1Si16VE41em1rY1JKT2IxSGxBc09vVXNBMUc2Z1lmRDdrVkJtQTEzSTM4VWZmYkZrVGhUazQyM1lHaDA0bU81U9IBvAFBVV95cUxPcjR5dE1jVW9jZlFRT2ZWRU9xaWhWSE90R3lMNjMxdUdHNEtZdkU0OEpyT01EbWtIWVRPUVQtNDAzcWQ1czFQN0JVNXNRM01qTHIzNklxQ05QMkNHYldOaXotSnRudzBxampCMjloQjNrUHoxWGlrRnlxMjM1Si16VE41em1rY1JKT2IxSGxBc09vVXNBMUc2Z1lmRDdrVkJtQTEzSTM4VWZmYkZrVGhUazQyM1lHaDA0bU81Uw?oc=5,Apagón afecta Guatemala y Honduras por falla en el sistema eléctrico regional diario.elmundo.sv
Guatemala,Prensa Libre,N/A,Generación,"Iphone, Cuándo, Saldrán, Venta, Apple","¿Cuándo saldrán a la venta el iPhone 18 Pro, el iPhone 18 Pro Max y el iPhone Duo?",2026-09-10 19:32,https://www.prensalibre.com/vida/tecnologia/cuando-saldran-a-la-venta-el-iphone-18-pro-el-iphone-18-pro-max-y-el-iphone-duo/,"Apple presentó una nueva generación de dispositivos móviles, entre ellos el iPhone 18 Pro, el iPhone 18 Pro Max y su primer teléfono plegable, el iPhone Duo. Estas son las fechas anunciadas para su preventa y disponibilidad."
Guatemala,Búsqueda MEM (Google News),MEM,Energía,"Ministerio, Energía, Minas, Desmiente, Escasez",Ministerio de Energía y Minas desmiente escasez de combustible en Guatemala - Publinews,2026-09-10 15:10,https://news.google.com/rss/articles/CBMivgFBVV95cUxOb2FhWVJ3Z1Rpb2FMeDhtdW9oZ0NYNzVHN1JTbUFyeUljaEU2bWVoWGM4aXVDRUJ6bG81MWRTckkxb2FpSkRZdkViem02SkN6UGhkYUFfQnFHVjZiVWMyN1hZazNmZlh0RV9ESXBBU2x1STdQRnRiamRRQk9iQzRoY1drWlJlVW9NQzRncTYtVmZIVlZLbW1zM1dTZWMxYUVGV2Z0Mk5SaVRPdXJkX0NXT284TTRxOXVPVDI5cGJR?oc=5,Ministerio de Energía y Minas desmiente escasez de combustible en Guatemala Publinews
Guatemala,Búsqueda MEM (Google News),MEM,N/A,"Promete, Estricta, Auditoría, Importadoras, Combustibles",MEM promete estricta auditoría a importadoras de combustibles - Diario de Centro América,2026-09-10 06:51,https://news.google.com/rss/articles/CBMilgFBVV95cUxOSG1GYnFBSUxMbWFuODQwaGZmY1NYM3p5X0o4QlRzN0xhYzM1UEE5THJSMHd2eWhnZVptNnBqVDIzcU9RRXNpNXZza3ZiYUJLWG9DU0hrVEU0RXgxRjBsdGV5VFpidzJ5bGpNYVMyVmF4ZDAyMFpYOVRXVGxRTnpxU1JvSmxhOWdJU1J3TWEyQzJ3cTJTNVE?oc=5,MEM promete estricta auditoría a importadoras de combustibles Diario de Centro América
Guatemala,Prensa Libre,MEM,Energía,"Subsidio, Combustibles, Genera, Galón, Gasolina","Subsidio a combustibles: genera críticas por su estructura, y cuánto podrían durar los recursos",2026-09-10 06:10,https://www.prensalibre.com/economia/subsidio-a-combustibles-genera-criticas-por-su-estructura-y-cuanto-podrian-durar-los-recursos/,"Para el lunes 21, el Ministerio de Energía y Minas (MEM) tiene prevista la entrada en vigor del subsidio a los combustibles, que establece un precio de referencia al público de Q41 por galón de gasolina superior y Q39 por galón de gasolina regular y diésel. La medida aprobada genera fuertes cuestionamientos por su estructuración."
Guatemala,Prensa Libre,MEM,N/A,"Millones, Combustibles, Agotarse, Subsidio, Podría",Subsidio de Q2 mil 500 millones para combustibles podría agotarse antes de finalizar el año,2026-09-10 05:04,https://www.prensalibre.com/economia/subsidio-de-q2-mil-500-millones-para-combustibles-podria-agotarse-antes-de-finalizar-el-ano/,El MEM advierte que los Q2 mil 500 millones para subsidiar combustibles podrían agotarse antes de fin de año por el alza de los precios internacionales.
Guatemala,Búsqueda MEM (Google News),MEM,N/A,"Bloqueos, Continúan, Guatemala, Alza, Precio",Los bloqueos continúan en Guatemala por el alza del precio de los combustibles - HolaNews,2026-09-09 23:31,https://news.google.com/rss/articles/CBMiogFBVV95cUxOdUd1NlJrd2Exem0teEdpdGhtWERSQVVXTW9sRUJJcFBETXlJU1JXc0drNjQ1SmlGUHlQbFpUSHlFMm12QTZyY29sX19oMWk0Q1Q2NDlHRlpRczRfV0NJYkZkT1NOZFhTMm1tbGRwMTBCNmZjSXY1dDNTd2VRc0EyM3ZQeUhJcnJ5SlViaWRFTTFISjRjeGlxbVVjX2J3c2pDSGc?oc=5,Los bloqueos continúan en Guatemala por el alza del precio de los combustibles HolaNews
Guatemala,Búsqueda MEM (Google News),MEM,Energía,"Ministerio, Energía, Minas, Guatemala, Prepara",El Ministerio de Energía y Minas de Guatemala prepara el reglamento del nuevo subsidio a las gasolinas - Infobae,2026-09-09 23:13,https://news.google.com/rss/articles/CBMi4gFBVV95cUxPak1DdlRnSzlVc0lscDBPYXhrM2J2Y0tQU0EzOE9BRlE3S3dJR3U0NEhFc2JsMWlIc0MzZGw3cWRjZGpNMnh5MFk3SGRiOGZTYldEc1FRcWM2SjFLc18tWEZZellPWUN0TEg2b2NVakNfOVdTbkRzVG5pd1ZSMWZmb1Q5Z0xDbDc4Z044QWJkUTlpRzU1aTZNdmRHTWVCVlFRVXdZUEZSeVh1Q0xfdF9fVjF1c0xXRVJldTViVUJZMkN4cEw5S2ZNcThFUWRzVmF6Q1RpWUdPaUFiUTZ5RlFpdlZ30gH8AUFVX3lxTE1weDM5ZWlfNE10VTBqazZMbmNpNERXdnA2NHFNMHpyVDEwVXRya2t6NUxRblctTVJNdVBGSjdrdXRLSkRZNUxlOGVtdjJtblRkeXZFVjJOZGNaRF9fMk12Wk05R3pUYjB5cTBVMlR2S2RWdWRiQnBWREY0LWVZRjROVmxUUjZJTzNJOHdUa2c4SGE5RzF2VVpQQnNRQkdNSWtCWFpUd05HSmstamhlRUxhd2RsdkFPcGlDcVk5WGI4ellzcHVMeHdfaTVsMEMwRGdOTEN0MHdvekhYVVNPcVJDaW9aS1RHTThNNEJWWUhpRkxnYkJYb0lvZXdGUQ?oc=5,El Ministerio de Energía y Minas de Guatemala prepara el reglamento del nuevo subsidio a las gasolinas Infobae
Guatemala,Búsqueda MEM (Google News),MEM,N/A,"Advierte, Millones, Subsidio, Combustibles, Podrían","MEM advierte que Q2,500 millones para subsidio a los combustibles podrían agotarse antes de fin de año - Prensa Libre",2026-09-09 19:15,https://news.google.com/rss/articles/CBMi3gFBVV95cUxObS1VUHdIYjRRdFkzWmdRR21oU191YXFvRExiVE5zMU1odVk5d2M3YmRGd3B4N2dlS29ObE83Q0pqT0RkVFBDOFhDaFRaT1ViYm1Ga1I4SS1WODB0MjFRaVE4bjRpZmNEVXUtbmNlMk9USjRuVzRvTjkxbmViQ1pUVkZ1RU9wV2ZqMkgyOG16ZlR1cFFMOHNVUnZ6dzRiVVlaNGExMTVIanBxZTFJSmNobU9rLTRfb0ZrODljcnFtOGo1d0xCdmF0RmFFX2dCdDladTg5YWZKWlVPdk5lSXc?oc=5,"MEM advierte que Q2,500 millones para subsidio a los combustibles podrían agotarse antes de fin de año Prensa Libre"
Guatemala,Búsqueda MEM (Google News),MEM,Energía,"Energía, Minas, Prepara, Reglamento, Activar",Energía y Minas prepara reglamento para activar subsidio a los combustibles - Soy502,2026-09-09 17:33,https://news.google.com/rss/articles/CBMilgFBVV95cUxNc2psUEs5T0xDbFZJUXlsQXdzdmJ4UTRHY2UwU09DOUJSTFdMMVBCUUN1bmpxa1VmdmNLb1JzTElxWW1ZUFd6eUVHZEVHZUhBM2psQ0UtV1U5UUZQQWctdE0tbHNnM1Nxc0dZMlZLNFBlM3kzWTBrM21jV1ZBRGNwZ0hENGZrX3dacWVvOU9DU2ZORlJiZEE?oc=5,Energía y Minas prepara reglamento para activar subsidio a los combustibles Soy502
Guatemala,Búsqueda MEM (Google News),MEM,N/A,"Resistencia, Etanol, Dispara, Demanda, Gasolina",Resistencia al etanol dispara demanda de gasolina superior y obliga a limitar su venta - Con Criterio,2026-09-09 12:00,https://news.google.com/rss/articles/CBMirwFBVV95cUxPN1BWV2l1eDdFRTBfSjdDemIwc0FZeDZhN3l4YThENVl6ZTZyUGZaNDlmX1pCRGpSMVdhbGpxdWFRYkR5a3cwU3pZeFpRWkJYWE9uYlRjaENMSnRHSVBXUHg4RFJSZUd1MkZXN2tyT3BJYzhjaWZtREhTU2lOcjBCcnhlbHdGeWxBUmZDRFBPcHZGSnVsTzhiQml2cktsT25ZMEs4ZnFKTlo2Ul9QNTFj?oc=5,Resistencia al etanol dispara demanda de gasolina superior y obliga a limitar su venta Con Criterio
Guatemala,Emisoras Unidas,N/A,Generación,"Panamá, Christiansen, Thomas, Selección, Historia",Thomas Christiansen seguirá siendo técnico de Panamá,2026-09-09 09:13,https://emisorasunidas.com/deportes/2026/09/09/thomas-christiansen-seguira-siendo-tecnico-de-panama/,"La Federación Panameña de Fútbol (FEPAFUT) confirmó este martes la renovación del entrenador Thomas Christiansen, quien continuará al frente de la Selección Mayor Masculina de Panamá hasta 2030. El organismo hizo oficial la continuidad del hispano-danés mediante sus redes sociales con el mensaje: ""¡La historia continúa! Thomas Christiansen sigue al mando de la Selección Mayor Masculina de Panamá por los próximos cuatro años. El 2030 nos espera"". De esta manera, la federación apuesta por la continuidad de un proyecto que ha colocado al combinado canalero entre los protagonistas de la Concacaf.La renovación representa también el punto de partida de un nuevo proceso con miras a las eliminatorias rumbo al Mundial de 2030. Christiansen, quien asumió el cargo en 2020, fue el encargado de conducir a Panamá hacia su segunda participación mundialista, consolidando además una nueva generación de futbolistas que tomó el relevo de varios de los referentes que hicieron historia con la clasificación a Rusia 2018. En 92 partidos dirigidos, el técnico acumula 44 victorias, 21 empates y 27 derrotas.Panamá apuesta por seguir el proceso de ChristiansenDurante su gestión, Panamá alcanzó en tres ocasiones consecutivas el Final Four de la Liga de Naciones de la Concacaf y consiguió el subcampeonato en el torneo. También llevó al equipo a la final de la Copa Oro de 2023, alcanzó los cuartos de final de la Copa América 2024 —por primera vez en la historia panameña— y logró convertirse en el entrenador con más partidos dirigidos en la historia de la selección absoluta en junio de 2025. Su ciclo también estuvo marcado por el crecimiento del combinado en el ranking FIFA, al pasar del puesto 81 en septiembre de 2020 al 29 en 2025, antes de caer al 44 tras su participación en el Mundial de 2026.Christiansen comparecerá este miércoles ante los medios de comunicación para presentar los detalles del nuevo ciclo y explicar la estructura que tendrá el fútbol de selecciones masculinas de Panamá. Con la mirada puesta en 2030, la FEPAFUT vuelve a depositar su confianza en un entrenador que ha construido un proceso sostenido, promovido nuevos talentos y elevado las expectativas de una selección que busca seguir creciendo en el escenario internacional. Thomas Christiansen, técnico de Panamá - FEPAFUT"
Guatemala,Búsqueda MEM (Google News),MEM,N/A,"Urgencia, Nacional, Gasolinas, Regular, Diésel",Urgencia Nacional: Gasolinas regular y diésel quedarán a Q39 por galón - Soy502,2026-09-09 03:41,https://news.google.com/rss/articles/CBMilwFBVV95cUxOYXhaUlVjb09IMDI5OEhZYVJHMmxNTzI4Zm9Qa0NvVXQtUXNrbnFOZ1ZzUWRLck5tYlhMQXpsaDhpeGVoSkNkS3oyRlZDTnY5WnJkc0dGZFZBRkZVbWdvc1ItZ1JjQWkyazU0Q2djemdISGd0N01aaHVQcjk0cDRLTHJpZXRMYnp2Z1hXSmxwVENIVVl5Ny04?oc=5,Urgencia Nacional: Gasolinas regular y diésel quedarán a Q39 por galón Soy502
Guatemala,Búsqueda MEM (Google News),MEM,N/A,"Fondos, Vehículos, Personal, Combustibles, Centran",Fondos Para Vehículos Y Personal En Ley De Combustibles Centran El Debate - La Red 106.1 FM,2026-09-09 01:27,https://news.google.com/rss/articles/CBMiqAFBVV95cUxOZ3JWWWNvVFNCbHJIZy1YYi1jTktFS3FoZnQzMlZfS0hBdklCU25YaEYtRHk3QU10NmFtVlB6bFdRbFJaYTdNVmZ5bzJZRjF0d1dIdW9XQTVKR05KWlp2M09JLUo4Vk4waTFoMmdMMGJReGxCWVdiaUc3UnlmWmNaUlZSaFNicHFtNklWejVLX2NSUVJzRkNmSGppLXp3NnF0VkNRbDZ3YVg?oc=5,Fondos Para Vehículos Y Personal En Ley De Combustibles Centran El Debate La Red 106.1 FM
Guatemala,Búsqueda MEM (Google News),MEM,N/A,"Guatemala, Escasez, Gasolina, Aclaran, Autoridades",¿Hay escasez de gasolina en Guatemala? Esto aclaran las autoridades - Tv Azteca Guatemala,2026-09-08 04:15,https://news.google.com/rss/articles/CBMijgFBVV95cUxOd0NxcGRWQTdqaU9MYmZsZ0JQMWpTQmYwd29iai14ZWlKS2lQX3VPczJTVHV5THVxQVE0bXFreFlvNFJnYXo2eWJYb3hXdlJ3Qmt1aDhrbkVESHZnTlYwVE9TMkNaSER6T2JUWTU5cEQwYm5WS2lENnd3bTZhdDRmcFJCWExNTTJuR3dXRHJn?oc=5,¿Hay escasez de gasolina en Guatemala? Esto aclaran las autoridades Tv Azteca Guatemala
Guatemala,Búsqueda MEM (Google News),MEM,N/A,"Arévalo, Confirma, Continuidad, Gasolina, Descarta",Arévalo confirma continuidad de gasolina E10 y descarta problemas en implementación - Soy502,2026-09-07 22:42,https://news.google.com/rss/articles/CBMihwFBVV95cUxNaXhzekYzZUs3RVhoMTNyN3JNR0JjNE5OX3dKdDFGZE1kYlh2cUc3VDNneEFrenh5WVFoQTVHSU1pT2FFaVc3WEI3SVdIZ2x3NkowRHFBZFlkcl9IcmNQcGFabWVSUHJjbWNabGZicUZXcC1qRzNlUFQ0RV9oWmNtckFpb3lEQlE?oc=5,Arévalo confirma continuidad de gasolina E10 y descarta problemas en implementación Soy502
Guatemala,Búsqueda MEM (Google News),MEM,N/A,"Titular, Guatemala, Detalla, Nuevo, Subsidio",Titular del MEM en Guatemala detalla nuevo subsidio - Infobae,2026-09-07 21:08,https://news.google.com/rss/articles/CBMiowFBVV95cUxNbTZQZEluc1hPSjVJcjBnNEtCZkJjMW8yRVBmbDZPYWxDMXpFQ2UzSjk0c2FtNnpqNTV0cGdfdWdnZTc5S1lMX2EwLU0yblBYbnJfVHZLX0o1ODhKMDE3X3BLVWEwZkI4NDdYa0RzRXAtaHp1RG1weGFNbnRQenBJZ2drdWJJN016NTZzcXB0RDhNaHN3QllVLUNJMEpfRXlnd3Bj?oc=5,Titular del MEM en Guatemala detalla nuevo subsidio Infobae
Guatemala,Búsqueda MEM (Google News),MEM,N/A,"Verificamos, Usted, Habrá, Menos, Gasolina",Verificamos por usted: ¿habrá menos gasolina superior disponible en Guatemala? - Prensa Libre,2026-09-06 23:35,https://news.google.com/rss/articles/CBMiswFBVV95cUxOVVR0dlVySGk5djdOUWpxNWowUFFnVjYxQjBaZENSc0s2dXVHY2NuT0tKU2NsSnBjSUVaSC1MZnA1d21uXzQ1VWhGOTRCTGFBRzdxWUdoQVUxdVM4VEhWd3N4bWtTOXFONWcyemIzSm9YT0JsR0hvbGYzMTNKLVU0ZElGUUZuZTM5dkpVNmJORE15aE03N25QNTNUM1pGUmloSHFOWlA5YlQ1WEM4OXpBOVI1TQ?oc=5,Verificamos por usted: ¿habrá menos gasolina superior disponible en Guatemala? Prensa Libre
Guatemala,Búsqueda MEM (Google News),MEM,N/A,"Asegura, Existe, Suficiente, Abastecimiento, Combustible",MEM asegura que existe suficiente abastecimiento de combustible en el país - Soy502,2026-09-06 21:41,https://news.google.com/rss/articles/CBMimwFBVV95cUxPaFp6ZExLUVlJSUdqc2xKYkhIMUtXTGhuaFI2RmhvWEVjbUltVHZqS3hlRFRpQ3lZem94b1ZNSUFwcU1HbkRXRVlDbFhaQkZTLW5mcDFqSUtSdTJkWGFxNnViNWJiVGV4M0d6S0tHN2xUUXBwZTk2R2tXTm91Q016dDVFVWt5ZDJid2lxdDd0cms4X1Zvb0VsNGZZWQ?oc=5,MEM asegura que existe suficiente abastecimiento de combustible en el país Soy502
Guatemala,Búsqueda MEM (Google News),MEM,N/A,"Gasolinas, Registran, Aumento, Atribuye, Conflicto",Gasolinas registran otro aumento y el MEM lo atribuye al conflicto en Medio Oriente - Prensa Libre,2026-09-06 18:30,https://news.google.com/rss/articles/CBMivgFBVV95cUxONENFQldZZVRyVmRLRjlVaElqakxiM0J5QXV6QjdLRFg5ZGl4bXhpRU16a1hQVEs0cnJOTHcyWUJEZTRVUDBsNVBnak5BLThvemktQ2V6eWtXcUEtcFZCUy1IUkhWdDZUUW5yTkRacnhZQkJqQnVYNlh6UzVTVEZOWktNRk10S2oxZkRNbERqWVRoUHc2S0xNbHZXMHlfV2ZCaE0xalJfZmswa3V1dHMzUHZSaW5EV3pzdTFnbnpn?oc=5,Gasolinas registran otro aumento y el MEM lo atribuye al conflicto en Medio Oriente Prensa Libre
Guatemala,Búsqueda CIE (Google News),CIE,N/A,"Cierra, Éxito, Motofest, Asistentes, Congregaron",Cierra con éxito el MotoFest 2026; 47 mil asistentes se congregaron para el concierto de El Gran Silencio - horacero.mx,2026-09-06 16:22,https://news.google.com/rss/articles/CBMi0gFBVV95cUxPamxDenh3LVZxR2E4UHc5bDlaNTZaT3Y2WEZ0aHAxR2pVNTNwd2FpTTJxbVF4VmZxMjhBdkdCdm5zMEFIYzBzZ095Y0VnQ2pWc0pCZmdyaFRCbkdURmlqMUxnQTdYSnd2WGRBYkIwYk1qSnFvdXVNSnNURW05dzFzbWhfY1EtUVBZYWl4dENDSGZiX1pyVEJPb05mWmRSS2xFdjBIeDY4aERnTDdlNUxQN001UzRQVUtibGVfZVpUT0VzeHVMZElwUVhXemFvbk9QU1E?oc=5,Cierra con éxito el MotoFest 2026; 47 mil asistentes se congregaron para el concierto de El Gran Silencio horacero.mx
Guatemala,Búsqueda MEM (Google News),MEM,N/A,"Garantiza, Abastecimiento, Combustibles, País, Emisoras",MEM garantiza el abastecimiento de combustibles en el país - Emisoras Unidas,2026-09-06 13:23,https://news.google.com/rss/articles/CBMiqgFBVV95cUxQS1pSbWo2d19MNjkweWtWR0h5TmJIOUhXa3hDejBOSUUwNDdPekZsY0h4WlNOY3g4SktKUFFYQVNQc3F5QTd1cE9PMkJkajZnek5mY2trd2ExOXZwU1N3TjYtZmI3NW9CZWhEUGhlQkxqUUhDeWN0dzMzMnpaTHdqcURPdkVJTTRZdDNfaUVFV3dvMGlTYllsNFp6OERMeDU0R29YTkFkTkVKQQ?oc=5,MEM garantiza el abastecimiento de combustibles en el país Emisoras Unidas
Guatemala,Búsqueda MEM (Google News),MEM,N/A,"Asegura, Guatemala, Tiene, Suficiente, Combustible",MEM asegura que Guatemala tiene suficiente combustible y que el suministro está garantizado - Prensa Libre,2026-09-05 22:32,https://news.google.com/rss/articles/CBMi6gFBVV95cUxPX2VkX2RoMG1EOUlmYXg3eVY3R0xWSWJCYkdDUV95Vzg5SDVhNXFiZHFYVklCM05kWEJrazM1blRnR09VNXVpQ3paLUc4TnFhaC1Ba0xPdFVybkxKS3pMdFlrSm90U2lWUm1RRTNYQ3gyLTNKVmNkOHg3Z3lCMEdoTEN3SWdaakwwUkdmUzI2RjZxelhybUdTbkVieGpzSjNCcmF0dzRtZ0tWZm5VaDZOclVBUW1WRFo2Vlh4QUtpNlFLMHlGVnd6aUZkSTBvQXR2MDJhLXFmUlFXWHF1M252NXIzY05RNm5uaVE?oc=5,MEM asegura que Guatemala tiene suficiente combustible y que el suministro está garantizado Prensa Libre
Guatemala,Búsqueda MEM (Google News),MEM,N/A,"Implementación, Gasolina, Etanol, Está, Disponible",Implementación E10: gasolina con 10% de etanol ya está disponible en todo el país - Soy502,2026-09-05 15:22,https://news.google.com/rss/articles/CBMilwFBVV95cUxQNEFGR3RLOG1zRlF6Y3NSbTQ4UXpvUndsSnVFd3pNWlFJTTlLWnlTclVVTUdQMU1vNnBNOHh3cXVmTjM1YW91SG90VTVUQlFYbGx6MmJoLVpSZ3EtQVRreEdhSHJNbURMUXd0NUdDazRXejZoWGMtZG5EYmROZEF5T3I3ZkRkQk9BX24zRUFDZ1NqSmd1d2RN?oc=5,Implementación E10: gasolina con 10% de etanol ya está disponible en todo el país Soy502
Guatemala,Búsqueda MEM (Google News),MEM,N/A,"Precios, Récord, Gasolinas, Alimentos, Medicinas","Precios récord en gasolinas, alimentos, medicinas y caos vial agotan a guatemaltecos - Prensa Comunitaria",2026-09-05 01:10,https://news.google.com/rss/articles/CBMivgFBVV95cUxNVTdGSXZZNkxQRFdkcTloRU91OTlFQWE3M3ljR0tWeGJEdTIta3BGeEJLRlZVVlBhT1pqa2lEMWl6MkY1blF2Y0NNYlU3bFlWTFpZOHNwcjZaUk5ONzRSUzdwNkhaVEhKMnU1bTMzb29rYUxlR1RTUVRYNlJ0UkNoUFIxYUFDR1F3eGxmMm9CVU5GcGFOYVo1Yk9lbVIwZFBpVXVZeEN4NWZIYkV5azcza0NxU3phd1VKUnZLc3J3?oc=5,"Precios récord en gasolinas, alimentos, medicinas y caos vial agotan a guatemaltecos Prensa Comunitaria"
Guatemala,Búsqueda MEM (Google News),MEM,N/A,"Jefes, Bloque, Revisarán, Subsidio, Combustibles","MEM, SAT y Jefes de Bloque revisarán subsidio a combustibles - Diario de Centro América",2026-09-04 17:42,https://news.google.com/rss/articles/CBMivAFBVV95cUxORzl5Umg5SUUyY3pONkR3SEpuSzVDVnBlcWwxSW5IVDhaTjd0WHFscndOUmVMUHRicER3UWpYS2VySzIxaHg2YWwtTTUxemllVUhnaFYteHBMUHg0UUNySExlN2hwVUQyRk5VWUFaMTJUcU56UDd2YmRqTXNULUt2Y3hDQ3Z0OVk4c3JXSDd5SmlUQTdsWlFIREV3b2J6Tzl3WlppN1pJajVkeEtYUG9fRUE2WkhtT0hQVWktRg?oc=5,"MEM, SAT y Jefes de Bloque revisarán subsidio a combustibles Diario de Centro América"
Internacional,Búsqueda BID (Google News),BID,N/A,"Kast, Reúne, Presidente, Vivienda, Seguridad","Kast se reúne con presidente del BID: vivienda, seguridad y reconstrucción marcan agenda de cooperación - elmorrocotudo.cl",2026-09-10 22:53,https://news.google.com/rss/articles/CBMiyAFBVV95cUxQQ2dDejBJZlJWbl8zNVdmZ2dtYUxreGNQSXpIVnFHRDdSVDh3d25udzItUkRvV1oxS3pZRC1BczAxWDk4VU5YWktCSGZtOUtoaXJ3RUx6ZnBCNngyaEZBcDUyelZBbzQ4M1B0bmgzYjgybTZLNVNDdUVGSFIxYlNzNy1XOFNOSFVoU2FDdldjZmF4UHhRdkZtRThPeU5VRm9TVWJLbFA0X3o1Q1A0MlhydXpvT2hqUWQ1cmluYmdpa2dHOUtxMjZQOQ?oc=5,"Kast se reúne con presidente del BID: vivienda, seguridad y reconstrucción marcan agenda de cooperación elmorrocotudo.cl"
Internacional,Búsqueda OLADE (Google News),OLADE,Energía,"Inflación, Energética, Tiene, Fuerte, Impacto",La inflación energética tiene fuerte impacto regional y llega al 8% mensual impulsada por los combustibles - Mejor Energía,2026-09-10 19:20,https://news.google.com/rss/articles/CBMihwJBVV95cUxPNDBFLWJxaWZCdm1RZWdqRk1hWHFCdUk2NTFrY09ndGFYaDVRR0ZZaXVEcVFSNC14WUFxeUZDbTNQZXRXNXpVNjF3OGxRY3U4aVhBem5Uemh0Tmw3VlhFd2tUczIxTHVTR2J0SFY1Y0hKQVMtaDZLMGlxem52UkEyZjEtUG4xZjlmSWpwRWV3RnJPTy12RnlLX3d6OG9RdnRiRERNQnlueDJydTRfQXVoa3NJRW5BbUxUVHM3UVVXS2daOTFSVHFtTm9RN0pabVJkTlo4Qi05TktsZXhFazU3VEFJR0c5VEo1azhObEhULWxEWmM1R0RiTjlYTjdBdTJjc0ZkWlFRc9IBhwJBVV95cUxPNDBFLWJxaWZCdm1RZWdqRk1hWHFCdUk2NTFrY09ndGFYaDVRR0ZZaXVEcVFSNC14WUFxeUZDbTNQZXRXNXpVNjF3OGxRY3U4aVhBem5Uemh0Tmw3VlhFd2tUczIxTHVTR2J0SFY1Y0hKQVMtaDZLMGlxem52UkEyZjEtUG4xZjlmSWpwRWV3RnJPTy12RnlLX3d6OG9RdnRiRERNQnlueDJydTRfQXVoa3NJRW5BbUxUVHM3UVVXS2daOTFSVHFtTm9RN0pabVJkTlo4Qi05TktsZXhFazU3VEFJR0c5VEo1azhObEhULWxEWmM1R0RiTjlYTjdBdTJjc0ZkWlFRcw?oc=5,La inflación energética tiene fuerte impacto regional y llega al 8% mensual impulsada por los combustibles Mejor Energía
Internacional,Búsqueda Banco Mundial (Google News),Banco Mundial,N/A,"Banco, Mundial, Aprueba, Millones, Modernizar",Banco Mundial aprueba US$250 millones para modernizar cinco aeropuertos y aeródromos de Guatemala - Prensa Libre,2026-09-10 16:43,https://news.google.com/rss/articles/CBMizwFBVV95cUxQNTF1em90cTJwVTRVWkpmVzNxb0ZRei0xR3kzY3dnU2NPZW1nOUF4OXYwWUw5VHYwYlhMX3RZQ3lfem1Fc0sxXzFyNzlkRTgxMnZFR0FNV19LekdkTmRMVXl3b0NKOVl2VHR3WHYwd3VlU1lrRC1LVC1HQ1Nfb01UQ2dmallkdG45UDhpdlU0MUpnczIxaEVKY3hGN0RrQnluOGNoRV9KS0xTX0pTdHc1RDhvZHhMRFdJbWZobThaUFFMVXY4bzM1STNyZ2RaWms?oc=5,Banco Mundial aprueba US$250 millones para modernizar cinco aeropuertos y aeródromos de Guatemala Prensa Libre
Internacional,Búsqueda Banco Mundial (Google News),Banco Mundial,N/A,"Bretton, Woods, Orden, Washington, Pone",De Bretton Woods al orden que Washington pone en duda - El Montonero,2026-09-10 07:59,https://news.google.com/rss/articles/CBMijgFBVV95cUxQWFJQLXBuSGY0Ykw3b0JPcEhLd3hNSWxUNC04emtWZDBScUpfYnZ6TFNlbU1XUElWenpVdDBXc2QyZkh4VXkwY0RteGkwbDI1dWdFUk5DRl9seFNFVlVHMHB2NkY1cWdfcC1sZVU1Wm55U2dvM1hZUDU5WXV2SldFRXdFdDlxb3FYc3l1QkZB?oc=5,De Bretton Woods al orden que Washington pone en duda El Montonero
Internacional,Búsqueda Reuters (Google News),Reuters,N/A,"Reuters, Eeuu, Busca, Mayor, Acceso",Reuters: EEUU busca un mayor acceso a la riqueza mineral de Venezuela más allá del crudo - El Carabobeño,2026-09-10 03:19,https://news.google.com/rss/articles/CBMiugFBVV95cUxNaUVYcDhLcTFyLVN1S2RYWEtyOFoxSHVZQVJJbTJRZERtMXpTVnV4RkRmcGdWdzk4OXU0MFpwYl92Zy1uUzdUQnFETWlNcndLSEYwQndsb1hlSXpNTER6d1lsSVY5NDFWempVUzlYc0o3VTh0MkRjYl9jaTZhWXpmeEhVM2VzbVc2aHI2QjVxVVZkUjdybTVCUGsyNU5IUGVYeWZYeE5KWTZiSWVLOEctRzh5YjVUdGstSUE?oc=5,Reuters: EEUU busca un mayor acceso a la riqueza mineral de Venezuela más allá del crudo El Carabobeño
Internacional,Búsqueda Reuters (Google News),Reuters,N/A,"Reuters, Oposición, Venezolana, Pronto, Perderá",Reuters: Oposición venezolana pronto perderá el control sobre Citgo - El Carabobeño,2026-09-09 22:29,https://news.google.com/rss/articles/CBMingFBVV95cUxNQkxEbGRVUFhXNThYbEFLd1FjZURmZnJBd2NjUFVKNS1yX0FIQWNYYmRqU1lHNi1vTUZtcE93c2Zxd2FRMEFxempmcDZScHhpZ1RXT2p4cTJHMHlWcWZLWW5YSWpYX2JkbUEtRjhzTi1tMG9iaWJGM1JNcWhFNnRNcDVLRU1BSXBaRUdVNjVIaUlhU3B3RUVzTnpBN09oUQ?oc=5,Reuters: Oposición venezolana pronto perderá el control sobre Citgo El Carabobeño
Internacional,Búsqueda Bloomberg (Google News),Bloomberg,N/A,"México, Infringió, Tlcan, Litigio, Vulcan","México infringió el TLCAN en litigio con Vulcan Materials, según arbitraje internacional - Bloomberg Línea",2026-09-09 19:40,https://news.google.com/rss/articles/CBMi1wFBVV95cUxNNjB0WU1QejZRbEJWRkl3eGFKTEUzaG1NYVpENUJSbWVsRVZ6d3B5c0UwOHFwR0cyZlVmNEVTMGo0elFKcHJpZjcwa09oTk0yNEVnUHNPSU1ieGhqalhvZXgzY0F3RTJSOUV2ZlFfc1R5NGptS0xxSDZXUXdqeG9wbWI2a0p0UlRPckdnam5Wd3BFUU1fUF92NER5VmU4aVNxcURsVktJcktDNXlLQXkzV3QyTHJWcU01em13WUJ3SWd0M1R4LVM3NjR3YVhTc3VNcjNRTWIyWdIB6wFBVV95cUxNV1RlUlFZc1k5b3A4S3I3cVpqNWlmSlN3NGFIU0VrZ1hERjM3S1plXy0yYTRWUEdaTzVrZTZhQ0V3aDlUNEJhdHJTZl8yQldSdDN4eVVCMTB1YThVWEJzalVSVXlzR0N6WmxiY3UtLWc5RXVaRUpRZ0N3Ny1ULWNaX1F6RVlOdWtWNWF4TlhhMnpKN0tTRzhCaV9rdjBnUWhBbndaMDdkVDU5eG1Eek9mZDUxOFJEdGh2Vlg1T3BRTFZENkNXOWV4aHVzMTlWMVJKejdUTUg4R01FVG5Rd081Q3hWRUVJYnZZLVlB?oc=5,"México infringió el TLCAN en litigio con Vulcan Materials, según arbitraje internacional Bloomberg Línea"
Internacional,Búsqueda Banco Mundial (Google News),Banco Mundial,N/A,"Guatemala, Asegura, Financiamiento, Millones, Banco",Guatemala asegura financiamiento de USD 250 millones del Banco Mundial para modernizar su aviación civil - La Hora,2026-09-09 19:10,https://news.google.com/rss/articles/CBMi6wFBVV95cUxNdzI3empNaGs5RVo4QzEtRk9jM2ticDdtZzBhQW1ZaGdISmtCcXVRRDNIbktlN0VCeGxjSENydURxRFNNQ1dpTEFKVi1HT1NYM2p2dG9HblhySUpKTG1mMF9NQndGTVExVkhnekVuT05VYkVlRFRDaDU1NXNLQnBBYXN2NDdsdnBzcjNFZE9JTG82TmpRNzFTbjJ6UmxQZmZONU5SdGFBZmVXWmhBb2wtNENTYV9pZmJsNklHbXVJckl4WjV0aWR6SDBNbzFaTmsycno4R1BneE1MdUdRdkp2Tk5ySDJjZERBamxB?oc=5,Guatemala asegura financiamiento de USD 250 millones del Banco Mundial para modernizar su aviación civil La Hora
Internacional,Búsqueda Banco Mundial (Google News),Banco Mundial,N/A,"Financiera, Visa, Corporación, Internacional, Banco",Visa y la Corporación Financiera Internacional del Banco Mundial se alían para impulsar la inclusión financiera - MarketScreener España,2026-09-09 09:36,https://news.google.com/rss/articles/CBMi7AFBVV95cUxQT2xvV3BQMndXV3JqX3lZQzZKWlhxSkY1RzE1aktsbzEyTWdqNGNaYlV1ZGd0bE1tZDFSMGN0LW9Wb2xXMUJDNVFWR1pwZ2s5ay1QZXd3RnpCUllZU0tSRi0yT0FTMFBYQmlCXzAwNlZGVnVTN3dQbzlVdWtnRGtfWldJaHZYQTdueW1JWlFJSkZkS21yQnNuLU45SEFjSDdIODQ2dG1YRnRBbDVGS1hobkdNdTNjOFVHTnBwbGlrN05tQ2hfRFFlNlpWbG5LMVVzNmdvTEJSMkpudzhobUFSUHpHU3hPdk9lSWhmNw?oc=5,Visa y la Corporación Financiera Internacional del Banco Mundial se alían para impulsar la inclusión financiera MarketScreener España
Internacional,Búsqueda Reuters (Google News),Reuters,N/A,"Agentes, Secuestraron, Sitio, Alemania, Capaces",Agentes de IA secuestraron sitio web en Alemania; son capaces de eludir la supervisión humana - La Jornada Maya,2026-09-08 20:14,https://news.google.com/rss/articles/CBMi4wFBVV95cUxPQWlJWXRRVFlpRi1GOVZYQVRQb0thck1TUkRsUElSMHhlb21PYkxpMzZyVGJXM3hNeGFjb3hpUjJpd1dnY2UyeVptM21yUWVwM0tLRDEwWTllSVlqc3NVLTRubm1kSk9lcHl5WlN6MEM2LTBhekdrWmxyOVdsRFAtSlJ3Y0VZeDQ5MDVEcFhfM3BJTzdVa0hVT09mOHJuQVA2UHJCVTZKbENVeTdrZlZDa3drWGV4a1Nlc1o5bjZaRFc0dkVwclR2TkZpai02UnBaRHo5bTE0ZXdlRnVkcll5NTFnRQ?oc=5,Agentes de IA secuestraron sitio web en Alemania; son capaces de eludir la supervisión humana La Jornada Maya
Internacional,Búsqueda Reuters (Google News),Reuters,N/A,"Retiro, Escombros, Gaza, Parte, Israel",Retiro de escombros en Gaza por parte de Israel podría destruir pruebas de ''crímenes atroces'': ONU - La Jornada Maya,2026-09-08 16:40,https://news.google.com/rss/articles/CBMi3gFBVV95cUxQTGVkUWk3STN5bHFUYndJNFM0U3Q4ZUpKRG1keEEtMklzNVJsWHViZHpPcUZpbkRodUdfQnNTWUxmdlZwR21ZdWljWjc5OWE3RjZUcGlCdlYxZjQ0Y3JkcThRX1ZNOGlmSUVCYnZ5amRNQWVCckltQkcyR1hiTzBFd3RZZ2RBZHdnbDNEY2ptYjBtOGN1QWs2ell4WUJtUE1TN0NNVEx4TUN0a3JzdGVqbUJqWUcyanpWMEx0N1NyZWtGdUxUNWFGanJlM2JLVGFQMURrNlN3SFRmY0o1OFE?oc=5,Retiro de escombros en Gaza por parte de Israel podría destruir pruebas de ''crímenes atroces'': ONU La Jornada Maya
Internacional,Búsqueda BID (Google News),BID,N/A,"Internacional, Gobierno, Salvadoreño, Lanza, Licitación",Gobierno salvadoreño lanza licitación internacional para construir un estacionamiento de cuatro niveles en el aeropuerto internacional - Infobae,2026-09-08 05:11,https://news.google.com/rss/articles/CBMijwJBVV95cUxNNkliNUxTeEtRVC1GYVJfQTl1ZTdEdkxseUIzbkJfNUtqMXlVX0xfbWFpNGlQYjZ1OFlzUC1nNzVrTWtfSUJScFJTQjBoMDNIYjRKTlBHOW10emZNVU9PenpkWnFFbzAwd2twMmZtYTROMUN5eC1uMkZCREx4Q2JtVVI5NFp6dW9VdXVLSlo1Ukx3V0hCWGVhTm0tSEtUSWpVUjJ1b2s3emNtdnhjcEpBeDJxOWdPMUEtTmk2d1FuZHlhYlY1WmJBSS1UaU9GVllzUUJzR1hIT2JrQXpsaVljQ1hQckdwRk5LcnNKNTBHRFlha2M3WHlLcWNYdTVqSHpUQWdFMy04X3ZQTkp1QjJN0gGqAkFVX3lxTE5hdXFQX1JaeUo3Z3R1Ml9sM2F4ajlWbnRBS3N5NWN2c21zSS02d3hkRDZYck1yUzI4aE1GbXhOdnpORzY5dlBFa2cxR044SC01YmtaNmxjN2lxeGtKSWJHcjBobDVMWWpYTDR6dThPVmpHSThOWXJ2YlNPU2kzaHFGT3A2d2NCZl93Sng0UTRmSGwzNkF1d1VMMGV6c0ZHSEU2R2dCRXduWDgtSjZNNkxkSWdHbEppcHhxNGg5T0U1VXdJenpvS3NJYnl6eTdLbHVZYjAxSk9Id1U1Rjlxa2VVby1kOHJSTmFMU0k5ZXQtQlVFT2UtWng2NXM3djVWNjNKcW5HQWhfOEpFUFJVcks4TW9idGVrX1RaVjF0d0ozdzMwd0xBcjJjTGc?oc=5,Gobierno salvadoreño lanza licitación internacional para construir un estacionamiento de cuatro niveles en el aeropuerto internacional Infobae
Internacional,Búsqueda Reuters (Google News),Reuters,N/A,"Quedó, Boeing, Amazon, Tras, Impactante",Así quedó el Boeing 767 de Amazon tras el impactante accidente en el Aeropuerto Internacional de Miami - Infobae,2026-09-07 00:10,https://news.google.com/rss/articles/CBMi3AFBVV95cUxPNFkyY3Jad3c5aU54bDBwME5xN3JzY2kxWDlTREdOSG1WVkstekh3cm1vYlBtQnUyV09Fa2tnSGRrNFJ0cFpCNU9aOTBocml4TG9aWkRnV1VEWEZScnRPUF9jWnU1V185MkVqV1RRUFZFM2k1TXljbGluQXdQR0ZYX19WekZqc09iSTRkREVaQm5BOFRGV24tSXlxN2l4QjBiVWNteGtVaFM3M3R3ZW53bTRmZ1B1TG1sMEhEdXY3OEhTM0pHdUxYME12RFltdURHTWh4bnh3T2FXYUtU0gH3AUFVX3lxTFBMM0dUdHpkVHVWRU9YcFAtYkpEQ3NOUWxldllqOUpOblVjb0dDLUF2Tk5WN0Y0TWZhYW9BcEJJTm5aUlRMR1k1Tm4wMTJOR04zM0gyS3VwazFqaUVUTEdYUkx5U3BlYm1FaHhnbDVvVVJyaWlHLUZ5R0hUR0FJMUlrNV96RzB2aGJ6QVQ1di1FdWRPcVFnUlRRVDJPanE5OTRQQ3g0SDdDck1IMXhTZG5GSm1kS3l4aC1TaUFjNmQzdEZnUlZqLTJwUnI5NHZyaHNlRDIyREV1TFczU2RGZHNmQ1daampBaHpPckpnbEJrc29JZi0yMjA?oc=5,Así quedó el Boeing 767 de Amazon tras el impactante accidente en el Aeropuerto Internacional de Miami Infobae
Internacional,Búsqueda Reuters (Google News),Reuters,N/A,"Rescatan, Vida, Personas, Túnel, Nepal","Rescatan con vida a dos personas de túnel en Nepal, a 9 días de la riada; sobreviviente estuvo recitando mantras - La Jornada Maya",2026-09-04 18:53,https://news.google.com/rss/articles/CBMi-AFBVV95cUxOdVczeENGaVQwS1UwUHE1Z3NpWjY5ZGFRUGJBb2ZaWlN0ZHRGTk5jcXZLWXg5akNMVjNpVllhaEotYlU4TVRFcGNUYTlST0xyaWRsX1k5QXRFLTNRSVVwRU85ZC1tUHhPVmVsb0liV3AzM0tSTDdxQTN6UlpQSUtzUl8ycDk1d09iU2d5clFTR2pvcjQzc0RWSUY4MlZ6MFdaM3JXRHdSOHNLeGNPeURyZEg3MWVJamRvVmtvWS1UT3VUaFhpLXhiRTJwV2N2cDdqNUpOQk1ydlVCUW5EUXh5RGtXVGwyMzBocUlwWXNwZHgtM0ZmZWZEWg?oc=5,"Rescatan con vida a dos personas de túnel en Nepal, a 9 días de la riada; sobreviviente estuvo recitando mantras La Jornada Maya"
Internacional,Búsqueda BID (Google News),BID,N/A,"Inicio, Presentación, Internacional, Libro, Expresidente",En la OEA y en el BID: el inicio de la presentación internacional del libro del expresidente Sebastián Piñera - latercera.com,2026-09-04 18:11,https://news.google.com/rss/articles/CBMi5wFBVV95cUxQTHB6cHRJVmFNOTVFcjlwR3A2UUhEbHpmRWQ5NkJzaW1BdEc5QWlMak5tcUg5UUdGLXUzNDVwcDFWMlVEZHloYXV3UzczZHBCMFU4NkZmOXVaVFpNX05EVkNYazBwbERoanpGNlhIRWM4N1prazNpTTlBSXZmdlV1OGdHVUQ2OE15Tk9xOVdwV2lvTnBZbmw3Z2w4VDlWMDFVOWlGQWlDX2dDRkF3THhPUHpJTHUwMGVDS210dmJHVmJNbWZ1UjVpSHRvRlR6YlhzVTJDQ05FaFNXaFVhTnlMT0Q2ODN5eHPSAYgCQVVfeXFMTW1fRzlZTTNhdEhnQmZCcFJxekRlcjRhcnBJX3hnTGlOMWd6VnpScEk3ckFiRUxTbVNoWXB2WV9Pa2xHYW44aVZ4RmV0WGhYLVdPQjhyVW1LamNnc2JnbkZ2TU1XTGl2WWV3MlJrTlduNThWYjhpUXljMnRjdkpEN0NZbkNhODhkUU1FQUNNWmgtNGV0SDY5NnlqR3lMSlhlSnhjMUFRTGNWeTdSV2lISTRaZWZkYkkwU1JiQXFJTkNabGsyQkt3YTJtVVhLZWcwck9RS0E5LS1kckdUZ2N0cFFKM0NKUFRRajI1MklsNUxqd1dFcjk3QzBXZHFJNDYzUmI1SnVaMFR1?oc=5,En la OEA y en el BID: el inicio de la presentación internacional del libro del expresidente Sebastián Piñera latercera.com
Internacional,Búsqueda BID (Google News),BID,N/A,"Aprueba, Nuevo, Crédito, Ecuador, Millones",BID aprueba nuevo crédito a Ecuador por USD 500 millones - La República EC,2026-09-04 18:05,https://news.google.com/rss/articles/CBMiogFBVV95cUxNdE1tekhFUWNsTzNCVkhrRWdLakRoUlNUdUVrS2FTbkZGRWJHTjRzal9fRkwxT0hQWWxZQ1RUR1NaTXJoNEt2Mm1ZS3MxdF9tX2J0bW9sX0lQOVlDX0lhLTRpLVc2RzJTaEtjSmxzdEdZY2V4Qm4zVkppM21TR0k5NWdjeVpBelVzdllGaFc3c3RnTEp6aHFWRXV1eDFFTWxFM1E?oc=5,BID aprueba nuevo crédito a Ecuador por USD 500 millones La República EC
Internacional,Búsqueda Banco Mundial (Google News),Banco Mundial,N/A,"Grupo, Banco, Mundial, Nombra, Diletta",Grupo Banco Mundial nombra a Diletta Doretti como gerente de país para El Salvador - www.revistaeyn.com,2026-09-04 07:00,https://news.google.com/rss/articles/CBMiyAFBVV95cUxPYi1wNlFzWkJHbVFVZnhtSExudUVscGFac1FjY3dDUl9UZFlHV3FLemNsWmxBZFdobEFPWnFQcURwQ0ZvQXdHSkJJZEdpeW4wZnhFcEVXVzZISnB3V041eFNabzl0LTRRdUU5Q1g5bFFISUVQaWc3dk9nNnd3eXg1bHNfR1ZDRGxOeUZGY3dEWUg1TncxYW9ibUlVeUhvQXoyRnZUdHNVbDBqWjZsdTZwSnZ6X1lHVllYd1BianhzeW5qVXpvTE8zUg?oc=5,Grupo Banco Mundial nombra a Diletta Doretti como gerente de país para El Salvador www.revistaeyn.com
Panamá,Búsqueda Canal de Panamá (Google News),Canal de Panamá,N/A,"Junta, Directiva, Canal, Panamá, Designa",Junta Directiva del Canal de Panamá designa a Miguel Lorenzo como subadministrador - pancanal.com,2026-09-11 01:15,https://news.google.com/rss/articles/CBMipwFBVV95cUxPZGhERU1qcmFWa1R6aWYxZzN2TGM3RlNDa1I4NElId0xVSDdtNWctNGJVQXV0VmExdW9EaEd6bFYzWElTN3owbFhSZExhUVFfXzlCU2k1cWxwMFlvdEstX3U1Rm1MWEpOMlFYblVvUk5hdklnamdHcGR4cU4wVGhSTDhTR3ZRbVdRQ2VoOXoxeEJpc0phZUx3S0ZxeG5GR0Z5MjJ2cjJVQQ?oc=5,Junta Directiva del Canal de Panamá designa a Miguel Lorenzo como subadministrador pancanal.com
Panamá,Búsqueda Canal de Panamá (Google News),Canal de Panamá,N/A,"Panamá, Miguel, Antonio, Lorenzo, Fábrega",Miguel Antonio Lorenzo Fábrega es designado como nuevo subadministrador del Canal de Panamá - Panamá América,2026-09-10 23:55,https://news.google.com/rss/articles/CBMizgFBVV95cUxOWHh4cUJiemxrWTNrSGI2V29wMWRlaVN1eld3a0dVMGp2TVp4ak5rTEZIMXBULUlLS2hyVkQtSEwxcENibmlOZFFFVEN0OTYxWEVYSWJ2Yzd6V2VuLV9XQTNZcFE2X0h4dUJDVEhSZ1l4LWUxOW1LUlV5aWZHbUxreGlnd04yREp3ZXlKXzBWbEpTUTcwLWNvYlI3bFNSTjFZRVNJcjZfWmhjYVJubmlkNkxqQWNGUVNVemRtQVhyQkd0bXpOUjdCd0hlSW5GQQ?oc=5,Miguel Antonio Lorenzo Fábrega es designado como nuevo subadministrador del Canal de Panamá Panamá América
Panamá,Búsqueda Canal de Panamá (Google News),Canal de Panamá,N/A,"Panamá, Miguel, Lorenzo, Nuevo, Subadministrador",Miguel Lorenzo es el nuevo subadministrador del Canal de Panamá - Destino Panamá,2026-09-10 23:27,https://news.google.com/rss/articles/CBMiowFBVV95cUxNdkl0SnVra0Vzc25CbzZSMnByVW5pOTQyR05ZeWpmWlJXSGZnVVZJOVZlakNHNUZDdmJpeWNDNlpwNmJ2RDZBcEN5cW4wSFNuUWU2bFA0R0h4cHNtRzB5RDJ3R0Zod2c2Ry1HbE9CR09tRWNpb3ByYU5uMF83OEFSRGdpRF9EcFZEY09nd19rbDA4dlVoRlJoNHZWeUctd18wVFBJ?oc=5,Miguel Lorenzo es el nuevo subadministrador del Canal de Panamá Destino Panamá
Panamá,Búsqueda Canal de Panamá (Google News),Canal de Panamá,N/A,"Miguel, Antonio, Lorenzo, Fábrega, Designado",Miguel Antonio Lorenzo Fábrega es designado subadministrador del Canal de Panamá - www.metrolibre.com,2026-09-10 23:14,https://news.google.com/rss/articles/CBMixgFBVV95cUxNMjM3RzBleXJBQzRUWVlXMGFnVWdBS25CbC1ieHZxRC15TUh2T0w3TTJzUVhZWlF2cXFCbkVqemlrWlZDQmF3M3lRT0g3aXM3ZFBrYXBRVjl0dVdlR2llOG5WMXBNSzh1cDRqWXJBQVpIUk53Y2x1cWlGMVpUNHpoVkxUUS1HYTBCRUdkelZIR1M5MWZfQmJxYkFqb0RoX1BURFVIdUxSajlrUkdPRzdXTFVxbi00WGJVNjNybjhaeEM3OFk3Y0E?oc=5,Miguel Antonio Lorenzo Fábrega es designado subadministrador del Canal de Panamá www.metrolibre.com
Panamá,Búsqueda Canal de Panamá (Google News),Canal de Panamá,N/A,"Junta, Directiva, Canal, Panamá, Designa",Junta Directiva del Canal de Panamá designa a Miguel Lorenzo como subadministrador - Telemetro,2026-09-10 23:04,https://news.google.com/rss/articles/CBMiwAFBVV95cUxOSW42VlV0LVRWcDROUEd5WEZkQms1eEFqdEVMZE9NZXR5RGxXTTlrQzFPSUk1ZW9tX1FvWFZTTE10MjFDYTJ1ejNMbW9TVnhVb0xTaFQxSkl6bjAyRXh2TkpLSlVRdXlQdzJGejM0RklacndKd1ItTHBFbkNiOTBSSGFyNHZSSHlWUEZ5V1NRSHBia2FnY0ozNVVVaUdTUFI1VS0tbUpRei10cEJGaXZpc0ltS3BZeWNUUHF3Q3h1SnPSAcYBQVVfeXFMTmg4MGxwSUd2QUpycGN4Y2FMUXQ1T0NNS3czMENzbFRiWjJIODQ1WGtDYlhpdjlYM1ZsMXpaUHZGcUwwcUtVUndqaU9mRUVFTjlRT0RTM0J4M3lkcUVfZlItZDVXaThsQnQyZkhqLUJBRnh3OVMtcFRmVmN3ZGRxeHEwVmh3REtnUWlSZXA1OTAwV3N2THBXT21CQWRzZTNrNmRlRWl0QzYybkFMS3pxS3VEY3BjOUNiMzBtRUxDbVNjcFgzWmlB?oc=5,Junta Directiva del Canal de Panamá designa a Miguel Lorenzo como subadministrador Telemetro
Panamá,Búsqueda Canal de Panamá (Google News),Canal de Panamá,N/A,"Canal, Panamá, Designa, Miguel, Lorenzo",Canal de Panamá designa a Miguel Lorenzo como nuevo subadministrador - Telemetro,2026-09-10 22:47,https://news.google.com/rss/articles/CBMirgFBVV95cUxNZFlZZXVUeEJDUGMyWm82WHl1WnZUX2xDXzRidkpXdnpBa3JHbms5ZnRpb01iWlA0ZUJxTDBPbmF3M3dSSFRpekhlMHZSWk82V09WczFEVVJCNG1JN0IzNXptOTA0bEJYR21JMjZ5aU9DR2lyTXlwQ0tDazA5eWV1d2o3dHhzZkhFVFRmdEVZTUF3Z2xTOFR0OVFXZDljWmNTYWVPTTlsaUVULVdKWHfSAbMBQVVfeXFMUEdyb0JKOXBRa1dDUjdrR241T2VIakdfLV9jbExaenJ0Y29aSEFvMF8zMVlTX2ZPYUowN2ZwMmFpLXNIUTllb0J4WFNXZXVNLWtGX3Rjc3RQYmtHdm1PQkFtWmRabzctU3hGVmU3RjFUOUE5ZHBpZU1xUmRQLURJQUVSLUVOVjRBVFJLd1NhMS1DeFppZVQ2cHozaDBSVEdsa1F6UmIxRW9BTXpiSndYcTNnQWc?oc=5,Canal de Panamá designa a Miguel Lorenzo como nuevo subadministrador Telemetro
Panamá,Tvn Panamá - Portada,CANAL DE PANAMÁ,N/A,"Canal, Panamá, Subadministrador, Junta, Directiva",Canal de Panamá: Junta Directiva designa a Miguel Lorenzo como subadministrador de la vía interoceánica,2026-09-10 22:20,https://www.tvn-2.com/nacionales/canal-panama-directiva-junta-designa-como-subadministrador_1_2260356.html,El subadministrador designado cuenta con 28 años de trayectoria en el Canal de Panamá.
Panamá,Búsqueda Canal de Panamá (Google News),Canal de Panamá,N/A,"Panamá, Canal, Designa, Miguel, Antonio",Canal de Panamá designa a Miguel Antonio Lorenzo Fábrega como subadministrador - La Estrella de Panamá,2026-09-10 22:20,https://news.google.com/rss/articles/CBMixwFBVV95cUxPNUY2R3NpdGZucW1jbGt5TnRBdzRKSm12djNfYzFMcUZZRVJzaVNsT1pTdk1VLTUxN25TUm5Yc2FNTVdDSXNFVmRodWotaFlieGt5cC00X2t6c3dyNmREN2tRMzRwcnFEbFNXMm96Ukg5cjhsR002bTJuT0F5ZnRBblZFMWFRNjVOUXlHb1lIVHBPMTU1bEM4azF6SE1qZGp6dzdpS1dEc3g2eXI2YVRuXzJaZlFfLTRQR19FLVJ6WGIxSGVGbG0w0gHMAUFVX3lxTE80SHZkOUdkcm1MRWVvbUUxMlhZNG9FWGx3aWtiYk1ZTWJ3YkZCeVJzS0RUZ2pKcXNCc1lnVVMzSHoybnk2VmJPYnF6UGNDeFJfd3BZRHVVMHZSVDZtUUtJOHliOXBZQTR4ZkNYemRCazFnS0ZaamNWWkdZYXVEY05jVkNmYzJBdlpuOU94VHFYTl92eGxJYTlSa2tzMExWZGg5dXNIU3k1SXNfSnRQSElqTzQ2VFRCaUVYQV9kWVlsVE43dHZMN0VPZ3NZWg?oc=5,Canal de Panamá designa a Miguel Antonio Lorenzo Fábrega como subadministrador La Estrella de Panamá
Panamá,Tvn Panamá - Portada,N/A,"Solar, Energía, Eólica","Irán, Afirma, Atacó, Dron, Marítimo",Irán afirma que atacó un dron marítimo de EEUU en Ormuz,2026-09-10 22:08,https://www.tvn-2.com/mundo/iran-afirma-ataco-dron-maritimo_1_2260351.html,Estos drones marítimos funcionan con energía solar y eólica y pueden permanecer desplegados en misiones en el océano hasta por un año.
Panamá,Tvn Panamá - Portada,N/A,Energía,"Guerra, Oriente, Medio, Mantiene, Precio",La guerra en Oriente Medio mantiene el precio del petróleo sobre los USD 100,2026-09-10 21:00,https://www.tvn-2.com/mundo/guerra-oriente-medio-mantiene-precio_1_2260333.html,Los flujos de salida de Ormuz fueron estimados el miércoles por el secretario de Energía estadounidense en cerca de 11 millones de barriles al día (mb/d).
Panamá,Búsqueda Canal de Panamá (Google News),Canal de Panamá,N/A,"Cómo, Funciona, Canal, Panamá, Potente",Cómo funciona el Canal de Panamá y por qué el potente fenómeno de El Niño afecta tanto su operación - La Nación,2026-09-10 20:00,https://news.google.com/rss/articles/CBMi4wFBVV95cUxNU25TNEpXMlZPR0lpRmw0ck1zUDJPdGZqWkhlX1FVMzVHOXJpSmdYQjJrd25JU2xRbjJuSlYtRE1fV3hEZ2pJX3dfZWs4UVpfNWNzMTc1bEtjVzY3eUdySGJJWXc4YXdwTk1YbVc0b05KelZCOUJCUGpydExibUFEa3R1dF93SGdyU19rX0YtOEJhdncyMnkzY3hvNXZOdzM4LXJHdkxWald5TVd3NHlUYm8zdDFidnlFdGNDMTRSb2QtZ0lxeG0zRnlHVy0zbDQ2UXpGRS1uMUpkaHhxYkhiZ2RFaw?oc=5,Cómo funciona el Canal de Panamá y por qué el potente fenómeno de El Niño afecta tanto su operación La Nación
Panamá,Búsqueda ASEP (Google News),ASEP,Energía,"Reunirá, Canal, Asep, Idaan, Debatir","SIP reunirá al Canal, BID, ASEP e IDAAN para debatir los retos de energía y agua - SNIP Noticias",2026-09-10 17:24,https://news.google.com/rss/articles/CBMiuAFBVV95cUxQcnQ4V054enMtcU13dnE4VWJlXzEwUm1pWThGeTZDZmdhWGIyd25pbGtLUmpiNmNRa0NyTTBIN0NFbTJVdXJKTDBUdzAtNDMxTTNDczdkR0xBUV9sYS1leVotR0JsdDRLOXhTaU9nLXFrYmhoZ0YteFBUUEpjSHZkYnl4d2YwSmFhUE1wYTRUVC13NXR6d2NweTNSR3JJMTZsWXB0SU9QQ0daSFhoaF8xbnQwSkRVakN2?oc=5,"SIP reunirá al Canal, BID, ASEP e IDAAN para debatir los retos de energía y agua SNIP Noticias"
Panamá,Búsqueda Canal de Panamá (Google News),Canal de Panamá,N/A,"Campesinos, Cuestionan, Espino, Advierten, Resistencia",Campesinos cuestionan a Ila Espino y advierten resistencia contra Río Indio - En Segundos Panama,2026-09-10 11:00,https://news.google.com/rss/articles/CBMiswFBVV95cUxPTkExYko2R1p0Wm5WV1NuOWVQTmZZRU5pWWNaX0E4SFE3WHlua3hya2oyNG0wSlg1TDUtTVh0akZiSmNKNi1pWWVpWE9yczhMN0dLUTJUQlRfUWtBNjUtLUE0VjFBdmxINTIxY0ZuUUtCdXBEMldscXpQenV2dDlyOUlBeHdQZ2dqZ21hdzhIRkNyNzhLbGUtX2o2MHFwWUlTN01idEEtYzREWExLNHBjZ3hnTQ?oc=5,Campesinos cuestionan a Ila Espino y advierten resistencia contra Río Indio En Segundos Panama
Panamá,Búsqueda ASEP (Google News),ASEP,N/A,"Apede, Pide, Reforma, Eléctrica, Proteja",Apede pide una reforma eléctrica que proteja al usuario y atraiga inversión - La Estrella de Panamá,2026-09-10 09:31,https://news.google.com/rss/articles/CBMizAFBVV95cUxQQm53T3E1QjhEbEotTHNoN0JUR3VQSXJ3OUk1NUhjX2pGWmo3eXN4NWZUdGlQZWtEbTJKWW9xTF9NUHpCNUdhTWp4Ymd0YjRQWTdDaXZIR0hHVkI1WWpwNXFIZU5OQ1BEbk9BaGN4SHN3UVo3eW5waWZxWmxvRnB4TF9qSlZfVlN3eG9RV2ZHc0xhaVM1MzNoY0VTZ0ZLa0lhTnk0RlF5Q1ZXbmVsVEZncF9QVHR4SVhfRzJyOE96NDB5RV9Hck9ZSGFYMWLSAdIBQVVfeXFMUGNGemJWaE03NGFFRjI4RkhJY1ByUEtnYWF3TnBGOC1iRTMxWmxhRWExMjMwbkhoelN5RnRqcmdiMHRxejRNVTRuaURrTkl5bzJyUmo4S2VnTENVQjNNeVd0eVp2a19WRUtSdkI1TWoxMjVoZDBPalA1X2t3RnJiVk04THhtci1PcTE0cEZDcUVBMzhXcFZ6MFJyLXJQUWtxMEVUMHFrdVhmM0ctNG56WDhIaVdSZ2R6c3UtcGY5N09SLUpsaEdqM1FtLVVZZUZFaDZ3?oc=5,Apede pide una reforma eléctrica que proteja al usuario y atraiga inversión La Estrella de Panamá
Panamá,Búsqueda Canal de Panamá (Google News),Canal de Panamá,N/A,"Panamá, Canal, Reto, Histórico, Siglo","Canal de Panamá, un reto histórico - El Siglo Panamá",2026-09-10 05:00,https://news.google.com/rss/articles/CBMijAFBVV95cUxOSUNSYUxoSXh1WXpMVFFsZjhJQWJZRHA3YS1aQ19Qa2FrR1Jyby1BSU9NVTNJbk43cHQyMV9ITlFWVExEdXVQWWVFSkJGbHNoczROYS1uSlhjcWxzWFhTZG1MZ25JUElud19vMkxOc3dCYkwyTVhyaFpWNGJZY0xTN1BJS0RwQXl1M01xc9IBkgFBVV95cUxOd0dKdEtrNkQzWmE1UnNhaURRYkxwS0NsZjZaVnpJbVh4dmdYaWlaWlVMaXdoa2xDQmpDNUVlVmtjaFIyWlA2RkJxbnBid1k2TjdSOVg2VjJKVkxpQ2VwdXR3RGdaNU84ZnA3SXEzX2FhaDduSU83Rlctclhfc1A4U0VKRU9CalUxNXh6TDlyc0YzZw?oc=5,"Canal de Panamá, un reto histórico El Siglo Panamá"
Panamá,Búsqueda CNO (Google News),CNO,N/A,"Thomas, Christiansen, Renueva, Panamá, Apunta",Thomas Christiansen renueva con Panamá y apunta al Mundial de 2030 - futbolmundial.com,2026-09-10 03:47,https://news.google.com/rss/articles/CBMingFBVV95cUxQa1ZHeE50V04zdzNIM3JIbjZVcGtleS1ocjdmYkJubmVkXzZLU3NsS29qTHk5REZjYWxNdkZ5QlpEeUdXY1VKdGJfWmlrSDQ5UU5WMEpLUXk4a2hMMkF6aXAwbWUxSUxOUHllRHhteDV0bGt0U29TMFhUek5PU0RTdngwNnl6Uzl5c3NSYXAzQTVEdV84bmNmcE9aUlhQdw?oc=5,Thomas Christiansen renueva con Panamá y apunta al Mundial de 2030 futbolmundial.com
Panamá,Búsqueda Canal de Panamá (Google News),Canal de Panamá,N/A,"Agua, Sostenibilidad, Competitividad, Desafíos, Nueva","Agua, sostenibilidad y competitividad: los desafíos de la nueva administradora del Canal de Panamá - MasContainer",2026-09-09 23:02,https://news.google.com/rss/articles/CBMijgFBVV95cUxPMmRmZEVCXy15RmhsZ29iem1qUllpdWlwLWhjSWpfSUIzN0daVXFwaWc3WmhHSGd4b3JPOFRHRHM1NW5WeXA5cEpJOFRRMk9mVmpRa2lrLWNIZFFWT3hZbnpNOWtSQ09UTXNZUjE1eDFOMWtiVWpjR3RXTlRnUW92SGZ2V2VFQUcxRk5DTGRB?oc=5,"Agua, sostenibilidad y competitividad: los desafíos de la nueva administradora del Canal de Panamá MasContainer"
Panamá,Búsqueda CNO (Google News),CNO,N/A,"Panamá, Thomas, Christiansen, Confirma, Continuidad","Thomas Christiansen confirma su continuidad con Panamá hasta 2030: ""Tengo a Panamá en el corazón"" - Telemetro",2026-09-09 19:44,https://news.google.com/rss/articles/CBMixgFBVV95cUxNclV2bW9OOERtVmozTGtDQXBjMGdUbUpNYmhqMHpVQjQ1MDM5QWI1cy1tT2RUWUJnTnJZR0FFNWRNRFhudVktR2Z3Q2swSzRsOWpmMEVMaHN4Wmg0Z3ZKSkhBRGN4TnpNZHRSdzl2SDlEWHhST3hoaUs2eWRVWHNSdERoQm9UQjlpS3RuTDBJN3dNM3N2YVp3ZUNmOExzSzdMalpZY044VGtiMUNpdVBRTW9LUzEzemplX3F1VnEwUUplM0Nxb2fSAcYBQVVfeXFMTXJVdm1vTjhEbVZqM0xrQ0FwYzBnVG1KTWJoajB6VUI0NTAzOUFiNXMtbU9kVFlCZ05yWUdBRTVkTURYbnVZLUdmd0NrMEs0bDlqZjBFTGhzeFpoNGd2SkpIQURjeE56TWR0Unc5dkg5RFh4Uk94aGlLNnlkVVhzUnREaEJvVEI5aUt0bkwwSTd3TTNzdmFad2VDZjhMc0s3TGpaWWNOOFRrYjFDaXVQUU1vS1MxM3pqZV9xdVZxMFFKZTNDcW9n?oc=5,"Thomas Christiansen confirma su continuidad con Panamá hasta 2030: ""Tengo a Panamá en el corazón"" Telemetro"
Panamá,Búsqueda Canal de Panamá (Google News),Canal de Panamá,N/A,"Canal, Panamá, Reduce, Tránsitos, Sequía",Canal de Panamá reduce tránsitos por sequía: Guatemala monitorea posibles efectos - La Hora,2026-09-09 17:41,https://news.google.com/rss/articles/CBMiyAFBVV95cUxQN3pTZnhwU1Nta1B2SU9aQTRjSWtVSnZHbjBpQ3hpN0R2amdHcC12dGZ4dXlwaEVDd0x1N2RyaTg5RW8wOXh2UWV3eHZTV2JQQjBNNXF4bHMtNTdOY055TXd5U0hmMHlRTFIzTjJCM2U3RzliWWhac2FxY1JMWGRNbERKeFhEd1Y5QWtteW1UQkV0SHFPTGpVN2dkd2NmTUpsX2FRZm5idVgxdGdIWTVyRkNLYVBIdW1mOHlFVTFHYUo2SF9XZ1NIOQ?oc=5,Canal de Panamá reduce tránsitos por sequía: Guatemala monitorea posibles efectos La Hora
Panamá,Búsqueda ASEP (Google News),ASEP,N/A,"Gobierno, Destina, Millones, Frenar, Aumento",Gobierno destina $32 millones para frenar aumento de la luz al 76% de los consumidores - Mi Diario,2026-09-09 16:58,https://news.google.com/rss/articles/CBMivgFBVV95cUxNaWl1RjlxdC0teXMySExzZVlmRVNkWmxSWlJsanh6SnE3bEFiVmJ0amtvbzc5Q19PNlp1cFdjWnk0YTBqN3dVUngyejFPazU5V0w5UnRnRVlQbXJzaWkzcEFHeHBUWURTdjlycndHV0RsMWdGTEcxLUdNZkRIWU1yTUR4RTJWczNvbGI2ald4ZUlpRnM5WVBESG1uNjRmZVVQOXJkRnVmbGVMcWE5TjZabktkdFY5VHYxU2hkTWNB?oc=5,Gobierno destina $32 millones para frenar aumento de la luz al 76% de los consumidores Mi Diario
Panamá,Búsqueda ASEP (Google News),ASEP,N/A,"Gobierno, Toma, Medida, Urgente, Consumidores",Gobierno toma una medida urgente para la luz del 76% de los consumidores - El Siglo Panamá,2026-09-09 15:43,https://news.google.com/rss/articles/CBMixgFBVV95cUxNYXgzY29KSHRDR2N4cTNHaHdHaTBrcW40Mjh3MEdlWGMzWUgzdmdCLUtWZlp0LTQ4cGlCWjQ3RGlHUVVldEo3eG9IdkpuYVJiUHJBdklNZGZZODBuZlNfajVKOVNKdEJqMDdMSkdBWnZSTkJwVkhubGp1OHVJQ1dlRlJxSHFGN0RyV1NReS1RWlNYZlZqNFJpNzAzMjR2Q1p1MnNBODNFUW1lLUR6QzFWNlA0TDhrX2RVM0dZWEVWNWxsTV94bmfSAcYBQVVfeXFMTWF4M2NvSkh0Q0djeHEzR2h3R2kwa3FuNDI4dzBHZVhjM1lIM3ZnQi1LVmZadC00OHBpQlo0N0RpR1FVZXRKN3hvSHZKbmFSYlByQXZJTWRmWTgwbmZTX2o1SjlTSnRCajA3TEpHQVp2Uk5CcFZIbmxqdTh1SUNXZUZScUhxRjdEcldTUXktUVpTWGZWajRSaTcwMzI0dkNadTJzQTgzRVFtZS1EekMxVjZQNEw4a19kVTNHWVhFVjVsbE1feG5n?oc=5,Gobierno toma una medida urgente para la luz del 76% de los consumidores El Siglo Panamá
Panamá,Búsqueda CNO (Google News),CNO,N/A,"Panamá, Irak, Denuncia, Daños, Buque",Irak denuncia daños en un buque con bandera de Panamá por un impacto de origen desconocido - Panamá América,2026-09-09 15:23,https://news.google.com/rss/articles/CBMiyAFBVV95cUxQaVpJTDQzaXBHbzQ5UXpISW9INjQya25iam1IckhmSHNZZ09aem9HenhmY2kyelMzbm55WXNlX3RlUVlGM2l3UzZDbGprR3V1LWlHeHFDWmhRVTA4Tm4wY0hGRFhFcjlwVWM3MXM3OVdxS2tOZWJhamtzOVVjRHlyUF9FZG8ySEdDWk1DNmR6eEx1RnJJcnZIVGczQTg2UlpnYzhBRVBHXzY5ODlFSld4NW5hRndYWDNjbVVIU0JjNEtIcXdiSUFJTw?oc=5,Irak denuncia daños en un buque con bandera de Panamá por un impacto de origen desconocido Panamá América
Panamá,Búsqueda ASEP (Google News),ASEP,N/A,"Factura, Eléctrica, Funcionará, Subsidio, Evitará",Factura eléctrica: así funcionará el subsidio que evitará un aumento para la mayoría de los panameños - Telemetro,2026-09-09 14:34,https://news.google.com/rss/articles/CBMi1AFBVV95cUxOT19QNHhkd2kxY3RLOEZ4c01JSGRSeC1VTHNYUnlLaUNKbHFsLV85S1c2T3RSbERXREJDV09zbUVXbTl2ZDNHLUhxSHRFWDVfSXNYNnZkVHp5RHJEQ3VjWFRnZi1oalZVdXJDY0NmTWNDZ043WEdpNURoWUVZc1I1d0JOb09tQTBWdkpFdnE2R0VTUUV3bmxNTS1QS2pHYzI0VFQ3Vzl2aE5OM1RGWFJtU1VON1M5NkhJb3YyZUMwM19qem1Ic0RPcHpYMlJMX2hSSzFjcNIB2gFBVV95cUxPUWdVQXNfdjV4NGVHVmdpQzZOUkIzMWpqc3VBRktIRmhzRkQ0Q0k3VkRkX2JHYjBBNjl1bXI2TldrcEp4T090UUI4T3JSY3R5eUEzX1lvTE5aQ01CcVJFTFhidjBqSmJnd0pTek55ZE5LamlRYTRzVTFWLV9STmNxdkhjZlhDODhWc3BsYW5fbS1BTmtpWmY0QTg1c2hYMjFVcXpQNDJBUlRrQms5U2k5MjNqTW5PNUk0bnJocWFMUExOTlVRcllPY2JZLV8wM3EtanF4UWc3OVM0Zw?oc=5,Factura eléctrica: así funcionará el subsidio que evitará un aumento para la mayoría de los panameños Telemetro
Panamá,Búsqueda CNO (Google News),CNO,N/A,"Ponen, Lupa, Narcofiestas, Investigan, Nexos",Ponen la lupa sobre las ‘narcofiestas’: investigan nexos con ‘La Cordillera’ y posibles conexiones con Panamá - El Tiempo,2026-09-09 14:13,https://news.google.com/rss/articles/CBMigAJBVV95cUxOWm5lTUZZeThWQzM1SjdNN25BYXZkcjdzVnJnZlp2S0JEUUJlNUdDakh1LVk4dFJsX2ZDaEFhZU9WOG83WGlOT09NMmZPTTYyQTY4M1ZockpKa3ByZ0VsNWdYaTdUU1ljOHF3azRwV0NFdVR4aGctSGxENHpEYWpzOVRpMExBU1lHQkRWUkFZbzFrSW9KcnVNTTFaM0dIN2pHWko0dUthX2VaZFE0Z19IMDBRVlNDcDBQTE5McVViVjAyczQyeWg4UFkzSDFJdWhwMWJYbTVEaGZ3RjQ0SE16OVl3dURxdTltLXNmUUZ6OVRHeEJ0ellxSkhvN3NxWUsw0gGGAkFVX3lxTE9xV0RZMjhRdi1PNGR4UkE2ZzNpblBPdFV2eVlwcV8zQzVLZEJ2ekdKTTBza0txaXhXRWlEWXk2RlpVbUNlNmNJMUdpb2NWbmVYUkhGYlZrSkpUVDhSeUozQi12NjZIRE1VVnNoaE0wSjlGb3RuR1Y2NW1DYW54U3NzalRmRDgweVluQ1dlcTV6TDRtWjQ4ZkkzSlBBQnp4c2xsWGpkVm94WTBWUEFBbUZYbjlCTTR0UXhYOGNnMEh3bjhRcFJVNGQwb1ExZ0l3Z2pBaDlYM01iSjhfbXZ3RnhOWEhseHRCV1Y2UmpaTko0Q1VLdDRUbHJyT0hQZnVXLXN2YS1nRHc?oc=5,Ponen la lupa sobre las ‘narcofiestas’: investigan nexos con ‘La Cordillera’ y posibles conexiones con Panamá El Tiempo
Panamá,Búsqueda ASEP (Google News),ASEP,Tarifa Eléctrica,"Gabinete, Autoriza, Mayores, Aportes, Evitar",Gabinete autoriza mayores aportes para evitar incremento de la tarifa eléctrica - En Segundos Panama,2026-09-09 13:53,https://news.google.com/rss/articles/CBMiuAFBVV95cUxPTHdGZzRxLUlvRnIxa0RuRXlPbVQyZVlZYVp0b0Z4Q25GQmRLakR2Tl9FRHhKYWRWdjZ5Y1dqQ0dRS3NLRF9sUDZQQUJyZ3IxQy1HaUNLRC1zQWthaTZBSlRYcWx6SzBqLXJpLTdDakRFcFVhUDFCT2ZTWlhlYW5mcWp6TTBFWDhUd0JCeS1rSXF5cnFUWHp3YnBVdzdqbW4zaUlUdFAtdmVzcC1aR2lNTnpqLUlvbjRf?oc=5,Gabinete autoriza mayores aportes para evitar incremento de la tarifa eléctrica En Segundos Panama
Panamá,Búsqueda ASEP (Google News),ASEP,Transmisión,"Reforma, Eléctrica, Exministro, Aramburú, Porras",Reforma eléctrica: Exministro Aramburú Porras advierte que mejorar el servicio exige invertir en transmisión - tvn-2.com,2026-09-09 13:25,https://news.google.com/rss/articles/CBMizAFBVV95cUxPMjVKVGFZcTJnZUVqVEZmX1BpT2hKaWxlM1VhTk1WRVYzaE9TVm13RWY3V25CQnlTUllubzMyS0NjVkk5Sm9LX3VMejlOdEVZX2V1SjZYQnBrNkdpVGlwd0tyZlc2S1dkZlF5Nk11R2NjMlNrQ21rWGJtdjVxM0c4NEhzUE9aRWVqZHkxVWwzYWR2MXNRQUlxQmFIbjhxaENTZjlyUlMzZFhkWlRZUjV6b0xwOUw5V1Y4bGV5VEhXVklmRFkwUFp6bVMwRm4?oc=5,Reforma eléctrica: Exministro Aramburú Porras advierte que mejorar el servicio exige invertir en transmisión tvn-2.com
Panamá,Búsqueda Canal de Panamá (Google News),Canal de Panamá,N/A,"Cambio, Liderazgo, Canal, Panamá, Ilya","Cambio de liderazgo en el Canal de Panamá: Ilya Espino, primera mujer que asume la administración - Yahoo",2026-09-09 13:16,https://news.google.com/rss/articles/CBMikAFBVV95cUxQNXR3dkYtV2FDWmhwOE1QTzFRdTgyTWFBOHNIZERCNHItSE5DVnR0MjBOV0ZXN1VIVDR5UzBLOEpaUE14XzVwRW1DSC1qTERLMnVmWC1ybFYxWmtIS3o2N0dnVmhZQU1JRXVGQjVPaE83bDhXTWV3UEV6VnR5NjZsSzIyRThMeXdJM3libXdPMjA?oc=5,"Cambio de liderazgo en el Canal de Panamá: Ilya Espino, primera mujer que asume la administración Yahoo"
Panamá,Búsqueda CNO (Google News),CNO,N/A,"Alerta, Narcofiestas, Pereira, Policía, Investiga",Alerta por ‘narcofiestas’ en Pereira: Policía investiga posibles nexos con La Cordillera y conexiones con Panamá; cuatro capturados - Revista Semana,2026-09-09 13:13,https://news.google.com/rss/articles/CBMihAJBVV95cUxNVDc5WFdlcV9YVmNrX2JHMzZWUURuNGw4alJXdVB6ZE15RjgwT1NGT0ctVTBvdXV1RTltaW9zb3J6ZWJ5U3pFTFEwYkxaaVdWYTRub1kxLWhLMWgxaTJSZ2dzSllBd0N3b005blVpdTdwQ2ROclF4bmRTX1NGUEN6U01zYTVVdDM2SjBLMlBnSkJJTHRvc2lRNVdhbVMyd2t3aTdaUXhBVEd5RUdzT1N0SzNaRXNSUlp0T25nVnJpZjh2Y3dOeVE1MEdET0NhY0JXS1ZtVnY5cVh0NE5LSlVBd0NRM09zMnJEZEE2a0E3ZGlpMmcyZFFBaU0wR1NkTFFrdVFXZtIBigJBVV95cUxQTTFQSFpRTzZfdnZrQlAtMEUyVm93aHBRaWdjUEZjV3hwOU1ZTHlJakFEbUZlVTdhMFFhSVVFUGhMNi1Odm56NlRZcEdZdlJ1ZlN0VEc2bzVBQ1lTeE9DVmZ3Mm9xbW1JWGtCeUp2RnVjZnZMRDhzblowSHBMTGNCdlBFVUg2TVFyaS1PbUlkS1pqVnE0amxLX0UwR01wMFRCRHE4SjVDMzhmdS1zTXpXVWdWSmNyMkdNWjd0eUhKdFhOMGxvUmc2QVhxaFA3dm5iV2hiUzA3dk5vN2tuQldwV0p5QU5RZzd2VHZmWVlibjQxdWNCVWJJRF9WckI3dEttX2ZVQWc1NHU2Zw?oc=5,Alerta por ‘narcofiestas’ en Pereira: Policía investiga posibles nexos con La Cordillera y conexiones con Panamá; cuatro capturados Revista Semana
Panamá,Búsqueda ASEP (Google News),ASEP,N/A,"Gobierno, Destina, Millones, Adicionales, Evitar",Gobierno destina US$32 millones adicionales para evitar alza eléctrica al 76% de los consumidores - SNIP Noticias,2026-09-09 13:01,https://news.google.com/rss/articles/CBMizwFBVV95cUxNanFTOWk2NUl5bVkyRjI1bG9ieTdpdGVQZFV0YWQwTVRBaUFwMGpBUDl2dlY3ckNuNnhnNS1vTjJxSWxHVWpOU1JjYUU5V1hVcVhlbmVBeERMcUxRS0pIbGtmLUxWc0FIZGJWSHdqb1YxZFdGdlU2YXVtN3AwRzRKMjVRUzVzV2NNNEZUcFJIblVyV0xnbFltU2lORWhXWXpUNXpBM0ZEdkNxcG5ZWURNSldvR0d6ajl0V0psMm9JSjQyTkFtcl91eUk5U1RBT3c?oc=5,Gobierno destina US$32 millones adicionales para evitar alza eléctrica al 76% de los consumidores SNIP Noticias
Panamá,Búsqueda ASEP (Google News),ASEP,N/A,"Reformas, Eléctricas, Clientes, Podrán, Abstener",Reformas eléctricas: Clientes se podrán abstener de pago ante un reclamo de aumento de factura - La Estrella de Panamá,2026-09-09 12:33,https://news.google.com/rss/articles/CBMi5AFBVV95cUxNN3lBaU9vUDFxMlZLZXM5ZmZvdGVlcWpDT0tzc0VBMHNDb1lXMm52dHRyb2FTOVVKbEF3TEpOU0FXZTBPVnlvN1pYQjJoY1ZwX2FpQTVyMWdzTmo1NE5tLU1TeHJJXzBwYlRfUlBpUG50aHd1QnhmNkdwV1VGbTd2UF9leVBvZnVVRnk1RElHV3gzUV9RSnhLMDA3bXF1czFCRmpZYnpqZ3cwdDVwNVhQYnpCUXVBVXVLUHlqN1N3RXBXNFlEWHVXZGZLSEVnaFJGbllhZEU0dldzZ0pIUUdiWkNZZ2HSAeoBQVVfeXFMTUNWUTMzbnpLNnpndmdWM2dxOFNBcGp0UXdpTlNvM3ljUURnNVJ2TEpVZXZPMExsbjNJUjdMbjJaMmhoeEFoOEdiQkNRai1lMnFmX2VCU3pITHdhMjM0RnItc1E4c1VGOUF0a1JDM0E0OWl4aUJTeTcxWmtKR3pJcEh0WlN2Tm5JQ282NGxsVjRXMG9JaEUwQXlKQ1pNczFuT3ZMdlUwMkZTNXRpZUQyZjJLVV9zN1pveVRwbkdva1AyZ3NzODV0ZThNSHFpTXV3aXFyaUJGOWFDeGVIeWFQanRucEdZN1dJRUpR?oc=5,Reformas eléctricas: Clientes se podrán abstener de pago ante un reclamo de aumento de factura La Estrella de Panamá
Panamá,Búsqueda Canal de Panamá (Google News),Canal de Panamá,N/A,"Escasez, Agua, Desafía, Ventaja, Canal",La escasez de agua desafía la ventaja del canal de Panamá - El Nuevo Siglo,2026-09-09 06:40,https://news.google.com/rss/articles/CBMiyAFBVV95cUxOWFNSd1E1OHpVSlRLbkNfX2JqdmlUdE9VSHBPVnZtUzhQcGJ1V2ppTFF6dnIxaFVoX0loZ2loWk9LLUk2ZnU1TzlpV3lrdzh4NzdfbTcxWC16Vkh4M3hzaW5kSDl3MGxlajBfaVNtNm9xNW5nN1VYZHBtTUlLRVJuTkhlUGxSZHhNREp1My1SZVFfX0V1eTZZQk1tRWdycnEzdUIxS3ozSVhGTmF3eExEU0lRdlJfV3V3V2tPeWdUQnBsV21SRDJlVA?oc=5,La escasez de agua desafía la ventaja del canal de Panamá El Nuevo Siglo
Panamá,Búsqueda ASEP (Google News),ASEP,Tarifa Eléctrica,"Gobierno, Panameño, Autoriza, Subsidio, Temporal",Gobierno panameño autoriza subsidio temporal para evitar incremento de la tarifa eléctrica - Infobae,2026-09-09 05:12,https://news.google.com/rss/articles/CBMiywFBVV95cUxPSGJFWnoyZ3B0MjNBdW1JNEIxb2Vxd21OMXVtc1lIVVN2aFQ2ZG5xMThjZU95U2RwNHRiU0RfQkh3VEJldm5ENmY3RkxfZlBjZjJMSlAwNkRXVmNIUkNmY283bE0tQVBRTHBTUnA0WDdhSzA5eTIwNGtPVmZGX3YwTXVIUDBQQ1k1Z0RTN3FlLXRaUjBfY3FoR3JvcFFfRFkyclF5SlN1dXh0VmJCQU0wVGY2Y2xVcTdmbVlXblBCRmM1aE14alVfeURqNNIB5gFBVV95cUxOSGs1cElXUXRlVmlLalRLRHZHUGtaejh6a1FyNHdYT0NMZEpsd3ZabG1Pa0IwUHpxb0ZzekVGV0l5ajN2QXhxRDU4ZFY1SW9vbnozcXRsa3Y0WDJaR3ctVk5VOTZXTUVjWkxVazhrbzZpY3AyWW1PTkYwUV9oVEEydFRNUjZFcTdsNTh2YmdMYnpOZEJ4RjF1TWJBb2JtQnpLNVlMTEZuVEExVmRtOHJXNXhhVnFDbWVCOVBoYXVhQTNwZkxISFBraERaNnh1R1pWWWk0UTJnSEQ5eVpLR1RFdkpxWk9Idw?oc=5,Gobierno panameño autoriza subsidio temporal para evitar incremento de la tarifa eléctrica Infobae
Panamá,Búsqueda ASEP (Google News),ASEP,N/A,"Gobierno, Destina, Millones, Subsidiar, Estrella",Gobierno destina $122 millones para subsidiar la luz - La Estrella de Panamá,2026-09-09 05:00,https://news.google.com/rss/articles/CBMisgFBVV95cUxPY0dTVFNKMnNDRkI5MDZzRURfZjhYY0UxZEFkUnJNc2xfdkFhX3pDMlhQUC1kNFhfZTI4SUxNODI4elpHellXVUlkTm5falo2QjF6bVkxNkd2NXg4Z21LRURZTXF2UDNmYmVVTUVlMVRxYjc0WWFtNVo5R0NuaXI0SEtjUmg3NHdqQXExUkxvcTlabFVnUmo4YXJyekVfdnhKbHFpM00zb05jMzUzb2NTazNn0gGyAUFVX3lxTE9jR1NUU0oyc0NGQjkwNnNFRF9mOFhjRTFkQWRSck1zbF92QWFfekMyWFBQLWQ0WF9lMjhJTE04Mjh6Wkd6WVdVSWRObl9qWjZCMXptWTE2R3Y1eDhnbUtFRFlNcXZQM2ZiZVVNRWUxVHFiNzRZYW01WjlHQ25pcjRIS2NSaDc0d2pBcTFSTG9xOVpsVWdSajhhcnJ6RV92eEpscWkzTTNvTmMzNTNvY1NrM2c?oc=5,Gobierno destina $122 millones para subsidiar la luz La Estrella de Panamá
Panamá,Búsqueda CNO (Google News),CNO,N/A,"Christiansen, Renueva, Oficialmente, Panamá, Crítica",Christiansen renueva oficialmente con Panamá - CRÍTICA,2026-09-09 05:00,https://news.google.com/rss/articles/CBMikAFBVV95cUxNSTNCc25RTDQ1SlppQ1Nsdk1hVTFPbUJJYzN1bXhLUmpXRkNCLS13LTFQT2E1aVoxZjlYMnZfdmZvLXNfMFRhSVAzc3dTRHFsclY4Vkthcm82MXBCUHZkV3BlMzZzSmRRSFdDNlRuMDNKTWtVOWJIOFdxWHFIaTU2Umx3c1o5QlFWMkhDMndtWC3SAZYBQVVfeXFMUEpkMV9rNzRKMUVQVENlck02TU10WmFMWV9QZDQtWnZnMTNHMDdxWG5Ncm9PM1JCZWRMMldrX0V3STJ2YXhIRlh4NUdjVHdTMkdvbnhvZHZKMWdDdXlGbEFsX182SVczSFlVRGV2Vml5RjhweU4xYzRFUzNROEZCcGcwLW40TXRySzYyZGNJb1JYQzhDV21B?oc=5,Christiansen renueva oficialmente con Panamá CRÍTICA
Panamá,Búsqueda Canal de Panamá (Google News),Canal de Panamá,N/A,"Ilya, Espino, Marotta, Toma, Posesión",Ilya Espino de Marotta toma posesión como primera mujer administradora del Canal de Panamá - Infopuertos,2026-09-09 05:00,https://news.google.com/rss/articles/CBMitgFBVV95cUxNd082TDhWV1dLMTVfamQxUnlyQ0FpbDRYbWNnYjF6TXVFV1RaRVRYamJ0ejdCeDBWMDU4b0JiWUc1S0xYby1NcF9zdmVkOHNXRWo5TkJVUGxMODFIT3hjcUV0QWVIZzhISk5CY09oNTRtTV9vNXdyUzRsSXZUVlAzYnFBdGJQZHhmNVdjNTVkTkFfWjBWdkZwUHRtV0dOSy12SENVT2VfZmF0eGxSWmM1TlIxZGVZZw?oc=5,Ilya Espino de Marotta toma posesión como primera mujer administradora del Canal de Panamá Infopuertos
Panamá,Búsqueda ASEP (Google News),ASEP,N/A,"Gobierno, Aprueba, Medida, Adicional, Evitar",Gobierno aprueba medida adicional para evitar alza de la luz - Panamá América,2026-09-09 03:18,https://news.google.com/rss/articles/CBMirwFBVV95cUxOd2MxS0VzbUo4cnpDLXlvT2M2VWF3QVJwa2xxTkNqTlV2a3BYWXd1ajItdk83Y1QycHpSVjhzRmRERFFSMG1HM0ZycHJhVEVkdU0wYThzSGdhcWxVaWw3MkUxVzRyWHJlbjJkc2p1LU00V1Y2NFBDeEJFVGF4MnJmT1F0ZXlsYW0wUHBLM2JaWndBT3pxZXZfeUdBZ0dsOU5RZlhqZ3dSRDJ6NHFFV0ow?oc=5,Gobierno aprueba medida adicional para evitar alza de la luz Panamá América
Panamá,Búsqueda Canal de Panamá (Google News),Canal de Panamá,N/A,"Mujer, Lidera, Primera, Canal, Panamá",Una mujer lidera por primera vez el Canal de Panamá: Ilya Espino - portafolio.co,2026-09-09 02:43,https://news.google.com/rss/articles/CBMinwFBVV95cUxQTkNMUTg5SWQ1RVZjT3ZjV1JObERlaEFQWTVnZkdaR29Rc3RoU1RGM3NueGUxdTVDLS1YZF9LQTZlMDJ4dlI1ekNZZXR3cEVxTFRua1JEdS1PWG4wTEcwMG9tYlBfbDBIbHA3VkZGR1pjaGdpbkFrU0FXNXF2WXdYenp0cXhrY0l2ZW1ySU5WSElKb2NESmVWeklHU083eVU?oc=5,Una mujer lidera por primera vez el Canal de Panamá: Ilya Espino portafolio.co
Panamá,Búsqueda CNO (Google News),CNO,N/A,"China, Reacciona, Acercamiento, Diputados, Asamblea",China reacciona al acercamiento de diputados de la Asamblea Nacional con Taiwán - La Estrella de Panamá,2026-09-09 01:26,https://news.google.com/rss/articles/CBMixAFBVV95cUxPUFVLc1lHbG90dE4wbGFTV1JwbnZXelBIejN3MDRUOVdZc1N6NlZSZEttVHlyU2Y5UDQxaElRb2RXLWlqTnF3RXU1M1BjdGRKd18tUEVFY0FpXzNLN2lFZE1RYnc2ZFlWS0MybC0tWjV3eGpsQjFNQ0lSaGJpY3Z2TWJ2bGlrR0w0bTlLWlV5ay1Xb0NpSXgxR0ZoNnQ4OFdxLUlkXzBjcVU3MEJ4UEVMTVhRU1F2WTQ4SDhHZFptNU9ZWkNN0gHKAUFVX3lxTFBGQ1VsbjExc3VVWWRhdnBvNGJjNDB3Rk50VWJXRk13UUhyUm9EdURleldfMVdnVk5JaHY4S1FhbHNmbVVuZElEd2RGaHpfaXBiekttdnBtaGtSbWx6SU9XWkthYmYxZE95SGtnTzdfWWpfZ3J6RkRfcG1NNUk0OXZCZ2J6QTVhUkR0ZXlCZWRQa0tqQ2dnNFJMTUVXbmV6eVVjQmM4Zm9MbHFPM0NhcWFIY3JkNmczTEliX0NUSElkSzc1NjVNYWRtc0E?oc=5,China reacciona al acercamiento de diputados de la Asamblea Nacional con Taiwán La Estrella de Panamá
Panamá,Búsqueda ASEP (Google News),ASEP,Tarifa Eléctrica,"Gobierno, Aportará, Millones, Evitar, Alza",Gobierno aportará $32 millones para evitar alza de la tarifa eléctrica al 76% de los consumidores - tvn-2.com,2026-09-09 00:24,https://news.google.com/rss/articles/CBMiswFBVV95cUxQMWtZVmk1UkFqMG45azlHZ2VtaTQ2SXpzZ1c4d0IzdWliVnczeUxwQkxGcGplUkFJak1nREpnUV83MmxhVWcwYWhVM2RaYlByQngtY1JrVm9Kd09ScElsSUVYNV9JcGRFQXhfejNReGZjdjBpd3FfdGRpRHNiWlZVS3lvN3FDNkYtcU9Jd0NSa3hhWWtCQVJ2Tk9xbjlNMW1ndWpFZTFYajF6Rm81b0dfend0cw?oc=5,Gobierno aportará $32 millones para evitar alza de la tarifa eléctrica al 76% de los consumidores tvn-2.com
Panamá,Búsqueda ASEP (Google News),ASEP,Energía,"Vídeo, Aprueban, Subsidio, Energía, Eléctrica",Vídeo | Aprueban subsidio a la energía eléctrica para el Fondo de Estabilización Tarifaria - tvn-2.com,2026-09-09 00:03,https://news.google.com/rss/articles/CBMilgFBVV95cUxPam4ySURBX1FNUDVVUTNoaDNSMHNRM2hlSUIwM0tMcG5VejNVTFpLWUhtcktDd25iUW5HVW1leXFpUVI4S2NXS2hZeXlDdVN4Q2RwN1hWR0M2Y1ladHpRSWprNmxPVThGR0JySWZ1YlliMHlVU3FEcTRlRHBCUHliaVAzRFdNZmRkTGc2RHFlak5LN1hVeGc?oc=5,Vídeo | Aprueban subsidio a la energía eléctrica para el Fondo de Estabilización Tarifaria tvn-2.com
Panamá,Búsqueda ASEP (Google News),ASEP,N/A,"Asep, Anuncia, Ajuste, Eléctrico, Subsidio",ASEP anuncia ajuste eléctrico y un subsidio de $122 millones - Panamá América,2026-09-08 23:24,https://news.google.com/rss/articles/CBMirgFBVV95cUxOREtNQ1dKcDRJSHp6bmRJOVdtX01MdU1jSl9wa29IN2tJd1FsRFlGc3JhdFUxd25qdzM3UXJFYmtKUXBJY28zTmRHQlR0Rjh1V0dDOERNV2piTHFGcVdvVllNWjZxVC1ObkNwRThKQXV2TVhUZGJEMlRLSEl1R3VtQ1RWbmE3ZjlPTVhLVjhCbWh1ZFJtd01qZTFJYVljd2dxMi1tWEtGYnI5SWFJY2c?oc=5,ASEP anuncia ajuste eléctrico y un subsidio de $122 millones Panamá América
Panamá,Búsqueda Canal de Panamá (Google News),Canal de Panamá,N/A,"Rubén, Gustavo, Pérez, Pinzón, Asume",Rubén Gustavo Pérez Pinzón asume como subadministrador del Canal de Panamá - Data Portuaria,2026-09-08 22:43,https://news.google.com/rss/articles/CBMipwFBVV95cUxOdk1kOU5yMTdoUUgzOHhaeUl1NDYtN04ycVpQM3NkTERTaDNURVhuRFNLUmlmVF9kNjBvaUpPZG9GR3B1TjJieldYNjQ0ekN3NlY1cDZ3eDhja3dMNDZEdUducXFrbU9Vcm9KaWpkdHpZQmlLd0t2WXFKUGJKMTA4eDhKQkxnRk5oSUlGMm42c3hpa2NpNkdOczlOT09OcEwxYkd2YmszTQ?oc=5,Rubén Gustavo Pérez Pinzón asume como subadministrador del Canal de Panamá Data Portuaria
Panamá,Búsqueda Canal de Panamá (Google News),Canal de Panamá,N/A,"Video, Panamá, Conmemora, Años, Tratados","(Video) Panamá conmemora 49 años de los Tratados Torrijos-Carter, que abrieron paso al control nacional del Canal - 新华网",2026-09-08 22:38,https://news.google.com/rss/articles/CBMifEFVX3lxTE1vdVJFQmFjRzNRN29lNEMtUmMtaVdYd2hWQ1RobzhuWENTN0VBY21TY0NFT3k5Ql9lUzVDekNaeGZlVjlvMC1xMGZnSTFqQWVSYzhVdmJZNjVjZTJLYzZRVENBSV9keU0yeE1EcE45T19XVmN5MUtLMkZfTlo?oc=5,"(Video) Panamá conmemora 49 años de los Tratados Torrijos-Carter, que abrieron paso al control nacional del Canal 新华网"
Panamá,Búsqueda Canal de Panamá (Google News),Canal de Panamá,N/A,"Niño, Obliga, Canal, Panamá, Restringir",El Niño obliga al Canal de Panamá a restringir el tráfico - MarketScreener España,2026-09-08 21:50,https://news.google.com/rss/articles/CBMisgFBVV95cUxOMmVocjRyMXZUZURQN1Q1M3RaRG5pZlFhSVM4dnFudXJCY2wyelFvcnNHcXhHRGV1anBrajFVUGNKTDlwMHB6MjFZcnpxZ2RqdXNBQ3Rud1F4TEYyWVdjVjYwUEszWDE1WXlySUI0QUVhWVNRQzAxWXgtS1B4dllBTGI1TEVMU1NaakQ3MnpibzVNX0Z3UHN3VFBGNjQ3TWFCU05sLUo3WDJDLU9Odi1vSlVR?oc=5,El Niño obliga al Canal de Panamá a restringir el tráfico MarketScreener España
Panamá,Búsqueda CNO (Google News),CNO,N/A,"Panamá, Thomas, Christiansen, Seguirá, Selección",Thomas Christiansen seguirá con la selección de Panamá hasta el 2030 - La Estrella de Panamá,2026-09-08 21:26,https://news.google.com/rss/articles/CBMiwwFBVV95cUxNTmo4SGxHTTRTWUhpZzYwNEhWcWxQbXNUY1FHOXl5c01JenFzOXl0aXdGbnh5YUZ1elpRYVVJblBDRzhRaVA5cWExVFNJaHEzMEs0azlWZXd1YXlwN3FlallBQkN2TWRnT1ZKcDc0dVBySzdLekxYLU5nVmFqVmVTYXBJbUZSZXBJYU91a09BR3ZQc3g0TXJfMGVqUkhPU3pLRDhYQXJTSEZtd1hpMlhNaXY1N1ZCNGFqS0tESmt0b2duSmvSAcgBQVVfeXFMT3V2UWhiUng4N2hxSnU2Wjl3UlZCQXJYbS11T2dNcFZWWndDZjRYT1J5NndFeENnWnBVbVlBZzhPZDRCbmV6c0lybkROcVVNQndiWGJYRkFyWWJLdGhrUFlBY09kaXotLTR2eWU1VEVfWEZKTi1lNUh3bnhDWlp2aU81Zi1PdGQweGNmWk9pUHVTZmJuOEUtZGVRQS1Vb2hHeUphZW55SGhXdzd6elNvRnl2cjRuQl9DYnd0UHZBNjI3U0J1c0FQUjE?oc=5,Thomas Christiansen seguirá con la selección de Panamá hasta el 2030 La Estrella de Panamá
Panamá,Búsqueda ASEP (Google News),ASEP,N/A,"Panamá, Subsidio, Eléctrico, Gobierno, Aprueba",Subsidio eléctrico en Panamá: Gobierno aprueba $122 millones para evitar alza en facturas - La Estrella de Panamá,2026-09-08 21:08,https://news.google.com/rss/articles/CBMi3AFBVV95cUxNckZ0azFpYUJyYUVpbERlbG5jMmZqWWhwTEZkU0pqQ3VNdDFZVzAxaEJwUFNrdTQtTkNEMElZRHRaRC12TTkyc3VacGRJaUFoZmN0ZXlYaEtnX0R5MGJlTDNWZlRwdThNbXlJSGo5dU5KT3pQQzVUeFlvWWt0OFBqbXJjZlc4OG5XUUw0dm5qeEhoaEJnMWJ1NGx6eVN5cDgzTEFwaUlIeTVCcHRWa2dvTTNGNHJxMjdlSkYwd1dKM1lJMzBhcF84MTFwN0FtVG5mdXdLRE1GYTJKX21Q0gHiAUFVX3lxTE4zeDFoYk5KVXRzdXBFMGV0N0k3Tll0WU1xRGk4ZzRvX3V0R2J2NXhKaFhvbVBCQ3JYT1NKYk5yRjhpcDVYcW1ONHBCTEtoSFhlYzFicUJtTTN6LWcxZVRoSmh2STc1LXRSTWJ2SnU0Y3BkczZ6T0dDdTQ1ZU9JZ3Q3bG5kbUNYdUpRX3BvUVJwc0V1OXJDSjh2T0R3cXZkdEZmRXlKM2JSclQtYWxVYUxMM1diOHEtZ2NWZS1uN1pVYWJicTA2bWFTc3lJb0haVzlUeFlYYnBIVVpmcDlZRktRRXc?oc=5,Subsidio eléctrico en Panamá: Gobierno aprueba $122 millones para evitar alza en facturas La Estrella de Panamá
Panamá,Búsqueda Canal de Panamá (Google News),Canal de Panamá,N/A,"Video, Asume, Funciones, Nueva, Administradora",(Video) Asume funciones nueva administradora del Canal de Panamá con prioridad en seguridad hídrica - 新华网,2026-09-08 21:01,https://news.google.com/rss/articles/CBMifEFVX3lxTE5DcXd6UkhQMVZ4WGJndkRBeXpFQlpKbl9LQVlSdG5JMlpGQk5QZThId0hPcGJtNUtvQ3lnTzV6YWt0djludGlpMFM5RHVKZVlNYnBpMTd6aS1kQkhLS09aaHh5dkdhdkVDNTR1anRfUlg2LVJ3MXIxN0VpSkQ?oc=5,(Video) Asume funciones nueva administradora del Canal de Panamá con prioridad en seguridad hídrica 新华网
Panamá,Búsqueda Canal de Panamá (Google News),Canal de Panamá,N/A,"Cambio, Liderazgo, Canal, Panamá, Ilya",¡CAMBIO DE LIDERAZGO EN EL CANAL DE PANAMÁ: ILYA ESPINO! - NOTIVER,2026-09-08 18:04,https://news.google.com/rss/articles/CBMikgFBVV95cUxQdnlLRTF1WGpJdk5fOXg0dTZmMGNucnA1VW84OTNZRjZTUTdWZ2pnb1F6aGVPSG5hSmxndnNadWsyeWJLUmJNaEZmVXdqUV9WOWs4c21YLVFwNEdUeUo3N3N5V3NZNmVxTGFRSVdzUTk0ZXlkVnF1MDNNUkVQWW54RWdxNDVMX2x0RHVIeno4VjZLUQ?oc=5,¡CAMBIO DE LIDERAZGO EN EL CANAL DE PANAMÁ: ILYA ESPINO! NOTIVER
Panamá,Búsqueda Canal de Panamá (Google News),Canal de Panamá,N/A,"Canal, Panamá, Necesitará, Nuevos, Trabajadores","Canal de Panamá necesitará hasta 3,000 nuevos trabajadores en los próximos 10 años - Telemetro",2026-09-08 16:55,https://news.google.com/rss/articles/CBMitgFBVV95cUxPcWl6NDRlemFpSERhN2NicWVBTHhGR3AweGZmZWpSQzA1QnF5NXpUSk5NQUU1UnBoMnBTdFJ4bExkSzhrQnRqUlRkQWpfRG0xQzRNSG42Zk9nNFFaaThvMTlucXk5NXEtWGhFcl9ZSUl1UC1pQ0ItN2xwYkctS3JlM3dYMm9UZWdZMHRJQ3hkSEVORGN5M191aEcyU00yLWZiSm5za0NTbDN6Q0d1V29ZalVKbXViZ9IBuwFBVV95cUxPNmFmREZyOTZGMnh6ZkpTdF8xMUNnZmFTbXJBaVJzaklHUC00OEV6V1JmUTFZeTFna2lia2RNeVdUZzZpTTd0clVnOTlUV29kN1V0Zi1ER25VYmg3c2hRZmRPNWtvTzI4N0ozclZaNGFfYU5yN3FQdFRSd2wxa0JxcVRKQUQyRm1OWkFFNlRrRWVNMDJtQWpXS2tvaDN2dmFUTVF1VWpPMWJWOW9sTGZSYnA3R1h6OHlvZl9J?oc=5,"Canal de Panamá necesitará hasta 3,000 nuevos trabajadores en los próximos 10 años Telemetro"
Panamá,Búsqueda Canal de Panamá (Google News),Canal de Panamá,N/A,"Canal, Panamá, Abre, Nueva, Etapa","El Canal de Panamá abre una nueva etapa con Ilya Espino, la primera mujer al frente - El Canal Marítimo y Logístico",2026-09-08 14:58,https://news.google.com/rss/articles/CBMiswFBVV95cUxNSkoxYkxRUUEweFBPWjJIOFlaNVAzRG5oZENXdk9mQ1o3TDJTUFNHYkJJdTFUV0RxUVYwQ3UyaEJJekVDWTdISmdPbFcwMUpldnAzTl84ZWxzb3Jfcy1UeXFWSEMySDMtSmpSS2pmbHJhcGxlUXBIRk9LTjdSbnVzdzVQcEUxMm5mRWRlRDNiR3hyQVJTLTNQb21MV05lZlMta2xRV1JxRGU3OTNqdlFtd0ZtVQ?oc=5,"El Canal de Panamá abre una nueva etapa con Ilya Espino, la primera mujer al frente El Canal Marítimo y Logístico"
Panamá,Búsqueda ASEP (Google News),ASEP,Mercado Eléctrico,"Podría, Subir, Bajar, Propone, Nuevo",¿Podría subir o bajar la luz? Esto propone el nuevo proyecto sobre el mercado eléctrico - Telemetro,2026-09-08 14:28,https://news.google.com/rss/articles/CBMiwwFBVV95cUxQQ0xEaXp4a1RhUDg0dElSNWlPbUxDbkhnaE1IYUNrNTJ5ZnFaWUpUdVVxRkdjakdkZXdtY0tjUS1UTHRFeHRTQ3RqeVM5ejBPMFJRT2w0SDFJQUI4bUtHV2ZxdkdsaUozSmNfQ3VKNWtzNWFkU25EaFdUUEpLWHZrTmp5YWU4WjNCd3dFY1JzWFlOZWFwd1BCNGJYT3NGV1ByRXpqQVpmdVB6NWlJazF0Nm1WV1dQR1NrN2FtWTdCYXB4QWfSAcgBQVVfeXFMUFF2VWFsYjNmNENCWkgzTmZaLXdqbFd1U0R4cEdWbmlOZHVhZzJxMUh4YmRjSVV3MGh4dXhKQ2c3WnlmR1NVNDBKTVd6SENtMXpyRHdqeVZaMVROR2prWVVEUW16TExxSTBZd1h0QzVWbkREOERJcVdjc1NHdzdMSEFJQ215VF9ob25Ua2NZWS1lc29feVl1TV85MThQNU1NaDBsV0hINEFKajNsVGwxWm5qa2F5aTM2Q2QxN3hJdzZxdDI5QS1uaTY?oc=5,¿Podría subir o bajar la luz? Esto propone el nuevo proyecto sobre el mercado eléctrico Telemetro
Panamá,Búsqueda Canal de Panamá (Google News),Canal de Panamá,N/A,"Canal, Panamá, Evalúa, Restricciones, Operativas",Canal de Panamá evalúa restricciones operativas ante fenómeno de El Niño - teleSUR,2026-09-08 13:01,https://news.google.com/rss/articles/CBMiekFVX3lxTE4wb3JuYjM4bXplR1BNQ2ZqRHR6MWdPU0dpS2JhNE1hVkFtbVRmSWhGWEs2NXJvTkJVTWxYRDhkT1BacUVOQ2V1dHliZ0hpOFVPclVxNmhwYWVoMjFFelRaU2h3WVE1dHJneGFHQW94SGdUVTI1NWRCdTZn?oc=5,Canal de Panamá evalúa restricciones operativas ante fenómeno de El Niño teleSUR
Panamá,Búsqueda Canal de Panamá (Google News),Canal de Panamá,N/A,"Canal, Panamá, Mantiene, Ventajas, Frente","Canal de Panamá mantiene ventajas frente a otras rutas, pero sigue de cerca el avance del Ártico y nuevas iniciativas interoceánicas - SNIP Noticias",2026-09-08 12:42,https://news.google.com/rss/articles/CBMihgJBVV95cUxQVmo2WFVFQjZyelpWaTk4T0RxTTYzd01sOE9tRmJEeUc1X0lsSkZ4d2FRVFBUOUJtSENRN0FVdFZTYmR2aGRheWpjZl9PUk9aZ0czbW5uT1lEX3VwSDVXSWJaam1ENGw1eXBpeURpUTRiLWN3ckc0TnE0THZmaVI3N2FienJkbHJvZkZhb19DQ0hfQmFyYmJiaUFsRDRrWjV5bjJrbHEzRkpKQ1NyS1ZMcmRtNlFYOFV3cWNsdl9WeVB0XzVTU3I0ZExIMHoyWnVTZmtqalR6SW5faTJxXzdFX1piR1MxTU9uR3o5cEdPNWZkcXFSbmhnVW53NnpVMEphYzZac0Fn?oc=5,"Canal de Panamá mantiene ventajas frente a otras rutas, pero sigue de cerca el avance del Ártico y nuevas iniciativas interoceánicas SNIP Noticias"
Panamá,Búsqueda Canal de Panamá (Google News),Canal de Panamá,N/A,"Ilya, Espino, Marotta, Asume, Administración",Ilya Espino de Marotta asume la Administración del Canal de Panamá - iAgua,2026-09-08 12:04,https://news.google.com/rss/articles/CBMiqgFBVV95cUxNTHpwNzM3QlVkZkdzN3AtSGNFamhPWVpUTzkxOHhhTGtLUy1Jcy1xY3U0bUJYQkJfMVl4eTFTeGNSRklsVUZ6QlpORUZWbTNXcElpb0tXREV3ZnczaTlKYnlUeTVWaWV5R1Z3dmNvYXFKelRKd1M1S0tfZTl1ZUJVY2NZLXZZZXFQYXdYNjc0dWlHME96ZGxkNGJQRmJYRGZlUnJrbHowa1dyQQ?oc=5,Ilya Espino de Marotta asume la Administración del Canal de Panamá iAgua
Panamá,Búsqueda Canal de Panamá (Google News),Canal de Panamá,N/A,"Sequía, Canal, Panamá, Recorta, Tránsitos",La sequía del Canal de Panamá recorta a 32 los tránsitos diarios desde el 15 de septiembre - moncloa.com,2026-09-08 11:58,https://news.google.com/rss/articles/CBMiiAFBVV95cUxNalNPVDVFNXNCa3VUaE1lUHE0Mkg0ejV0clh1bUJ0Y1IyREtDY2ZGdVFrRTVLUGpEcC12MFhqV3dBdWxSelBRa1ExV3hUQ2pBeVRjclRTOWFYVk41SklIdHBtUFkzQjZGeGJybzRXek94MEM0U2ZLZlRXckU2V3p2T3dReW5Vemlk?oc=5,La sequía del Canal de Panamá recorta a 32 los tránsitos diarios desde el 15 de septiembre moncloa.com
Panamá,Búsqueda Canal de Panamá (Google News),Canal de Panamá,N/A,"Ilya, Espino, Marotta, Nueva, Administradora","Ilya Espino de Marotta, nueva administradora del Canal de Panamá - cadenadesuministro.es",2026-09-08 07:10,https://news.google.com/rss/articles/CBMiugFBVV95cUxPTG9ac1hBUlJvaGxVUmdrUlBnV2hkQ1BZLVVpYUZQbU5ENEhfeUY1MFpTeVNud0lhdGt3dGZRMnlpbEJRVDNBYnNPNjI0dXY1MHhVOEFRVmxCSG11ZTh1bDRCY1Y1RWtZd0dMUlpMNGxrUnFBMWFyYUxDLV9ncXBkWGpDbzZDcnJjcDFKVFlQZVJvbWpkbnZyTFJBenhzOTE1VHRBYk9HaThPc0oyQzg3M3JBOEw4MlhBTnc?oc=5,"Ilya Espino de Marotta, nueva administradora del Canal de Panamá cadenadesuministro.es"
Panamá,Búsqueda Canal de Panamá (Google News),Canal de Panamá,N/A,"Escasez, Agua, Recorta, Transporte, Canal",Escasez de agua recorta el transporte por el canal de Panamá: Ilya Espino de Marotta - MILENIO,2026-09-08 06:45,https://news.google.com/rss/articles/CBMimAFBVV95cUxQVlJObnpLdWZ5a3ZGa2ticHRQWmtQTzlmYXAwTVZTM3VYZ01LNndEdzdMbnFPaEVLS1pRQ3FIZHFabzRsLTZocGs2c0FhTVBWcEEwWEtqbU1pMENQZElZTGlOVWR5WVc2WEw1eXJzb093N3VodXFEYk9QRTRpVEdmRS04WXJMTU0xUVJ0RDQ3MVpSOUg3U3FfQtIBmAFBVV95cUxQVm84ZU02SGdESHl4LVJnTmhfRzRSQmQ2UUZ5Nkx4akQtM1cxYThzYnRfWDhoam15YXpLMGVmdXN4WWpxeUw2emNjMWMyWTRLazN2WjNodjhnS2t5OWFORkVHczA2dnJaeXk3LWU3bEpvejBKek53NzNmWWk0S2tOank4ejNRYnduNENWNzJCOHlaZXozaU52Tg?oc=5,Escasez de agua recorta el transporte por el canal de Panamá: Ilya Espino de Marotta MILENIO
Panamá,Búsqueda ENSA (Google News),ENSA,N/A,"Ensa, Posiciona, Mejores, Lugares, Trabajar",Ensa se posiciona entre los Mejores Lugares para Trabajar en América Latina 2026 - La Estrella de Panamá,2026-09-08 05:00,https://news.google.com/rss/articles/CBMi2wFBVV95cUxOak5MeGdXWXZKNWltbXBaYW1aR2szdHMwQ0dMUXRhcDdIMm43MmYxQ0xfWVAtSklGODRqSURsOHVhY1FRbHZ6N21FWHhJVXRHa2hXWUo1a19FbHJjZElGcUUyNC1YeXhla2s2ckxtMmpoWi0zTmphbThsNXUzcnYyM0k3RDNXanNzY3ZnM1BpQlZPdGNBOGt2MDRvdkJ3VGt3cWdyMERER3ZuNS1KLTN6cTR1dmNEV3Z3SWdtQlNfenZiVzhtVE1JeEgzVVhSWkg3TmR4d0ZKU0JvbnfSAeABQVVfeXFMTVRTVjFOUTF5Z1EteGdQMTYzVXFlTkhlQkpwazc1U0RFUDRkME01VlRiRC02Tzd4OEhsX2ItZDVxVmtqeS1lT1dZWmRWNXY4SmV5TlVqTVFFNmtiVVhBTzR1Q3dFcTM4MTVuVXl1eEFGU1FyQUNtOG9NTkFWclJnZ1NqakNWeVRKZjNJblJzMHFLdnhLck51TWFWYmhmRmgzTUFYVC1ERzctTnBHZzY0VUxlZ0dSVTJGVHNIcjc2eElnNnVpX2d0djRDN19fLVJ4UkppVklvdlNpZGhXYjBXMzg?oc=5,Ensa se posiciona entre los Mejores Lugares para Trabajar en América Latina 2026 La Estrella de Panamá
Panamá,Búsqueda Canal de Panamá (Google News),Canal de Panamá,N/A,"Ilya, Espino, Toma, Timón, Canal",Ilya Espino toma el timón del Canal ante el desafío del agua - El Siglo Panamá,2026-09-08 05:00,https://news.google.com/rss/articles/CBMisgFBVV95cUxPTzNWLTlHMURHdkpsM3hBMHpNSzNsMGJMT3JCcVBham5vMTVNV3FTa0RncnY2UkQwLUxYR0ctUTIta0Fhd1o5SnJOcVNRU092R0llcVQ1YVR4MGRmcHNFdTFrN3VmaXJ1ZlFYeUVtbjd3N2w3ZDc3ckRwWE1hZlZadjFGR1A4MEctZnhYSDROazNmWk1lSXFJWjJ2QXZQeDlMWmVnNHh5WEl1SjFOZ0o4TTd30gG3AUFVX3lxTE1IYnc2T2tvVG5KbkpScGI5MF91VVNyNTR6aC1BTEFqR3hEaHBjRTFUWVczX1B3ZWtIaFo0YmhreGdtVzhUQlByT2JEU2w0cm1mT2wxM3JFcDFiU2VmUzlqSlptT1p2TTd0SE9uNC1zYnpVcXhIN2c2UlBkSERIZklhajNpQTZLMXdaM2owWUdZbTZNa1ZBMWZXdGU3bE9WMFphSnRkN3c5eFRZbjFQNDA0Y2VkUTU0SQ?oc=5,Ilya Espino toma el timón del Canal ante el desafío del agua El Siglo Panamá
Panamá,Búsqueda Canal de Panamá (Google News),Canal de Panamá,N/A,"Ingeniera, Asume, Dirección, Canal, Panamá",Ingeniera asume la dirección del Canal de Panamá - Listín Diario,2026-09-08 04:00,https://news.google.com/rss/articles/CBMinwFBVV95cUxONXhTQ250WmFYakNuaDJ0ZlpuTUhOQjVHZE5wejFUUUxueTlRTUpGZDlHeldnT0k5ZWExQUVrYUFiOEU0SEYtdzVONE9WaUNITjFtakZxNy0tcERpVjFQLVpfUldYSlhlT2ptQlZyOTFQdTJNNHNJMEE0MXgyaUszOHQwRFNlekZTeHFwdENJVVdFbTFnbGo0a0lJa0VHeVHSAaQBQVVfeXFMT25VY0lHcXpESU03OFFDVnBOU25iTWZXX3JQZFktY002aXBYeWJ3dkJQWFRZei0wdHhRdllGeHQ1ZUJBZ1ZGZlVWNDZRWEl5ZEtMSkJJUXVidGliaVJ2dU9aLUdSUXNiRjZySWQtcUFkS0JKS1ByU0VhVFZjOF9MRGlsYmxBZE9EWG1HT3I3YUl5UzFJenRRRlR0OEJhWm02akwyaE8?oc=5,Ingeniera asume la dirección del Canal de Panamá Listín Diario
Panamá,Búsqueda Canal de Panamá (Google News),Canal de Panamá,N/A,"Preparé, Años, Responsabilidad, Ilya, Toma",‘Me preparé por 41 años para esta responsabilidad’: Ilya toma el mando del Canal - La Estrella de Panamá,2026-09-08 03:00,https://news.google.com/rss/articles/CBMizwFBVV95cUxPNmNOM1hMNnpsZDRhZ2N2REFPNC01QlBrLXZVZU9RTlRKb1NsbTRLZV9lWV9kQzB3S05TVmtRX3MzU0VMeXBCZk1TczE4bHFEbFBCekkzLXJkZVd5WDlMZHB4Rkc4MTlXMnRuQ1VwdjRPZ0ZkMFpRaWRxVnJ5ZnREWmpPbmZxMm1IZ0Z2cmtJZl9hWDN6bG50Zk1GTTc4MXFSMTBVMzVZczZaM2d0SG53cmplamRVNEp1X0ZfUlhpWERBZ1VyNnlFdXZadlZCa3PSAdQBQVVfeXFMT0FOZGJSZmpEa0drUW1manQzWUhST1NkZ3NWUl9UMEY5WDNObGNNbWVKZTRfenFpWFdBbHpMM0doY0R3TUJSMC1YVlQxblJ6dFFHX2FYTVhwTjlzSHdscHdhT0N2aVAtTXY0R1A2NG14c1NvYVktWjZKX0h5Q0FwWjNVaklMMHp3aHBXWE5JNDhSdWppOXF0WlR6RDV5RFVjeFRFYzNidE9GN0hDNEJYZkp4cWVORWhmU1dIbEVHUHY5enUxNHFDNHdrbkpONXFxZW9GV0o?oc=5,‘Me preparé por 41 años para esta responsabilidad’: Ilya toma el mando del Canal La Estrella de Panamá
Panamá,Búsqueda CNO (Google News),CNO,N/A,"Panamá, Acude, Santa, Atletas, Mira",Panamá acude a Santa Fe 2026 con 90 atletas y la mira puesta en superar Asunción - Panamá América,2026-09-08 02:33,https://news.google.com/rss/articles/CBMixwFBVV95cUxOMGxVYjJocVNUZG1xUmNmWEpCNTNtLW1MMlY2S21uMTVBNWUzT3Nqb0U3TW54d2VMZFlQUU1rbVFsbTQ3cXBMeTlrcklZdW9CY1UySFMtZVhtNk9zc053cUE3enk0bXNHYXZTTkJuYmhaY0M5SFlMaVVyQXVrbmYtaW9PWVZza19YR1ZBbXVpdWwzbDV0SVliN3JxVXV3ajJjOVY3WEZmTXNuVEZLdURwdmgzQWU3U0dJMkNYcG9xcFpwRXJjdnd3?oc=5,Panamá acude a Santa Fe 2026 con 90 atletas y la mira puesta en superar Asunción Panamá América
Panamá,Búsqueda Canal de Panamá (Google News),Canal de Panamá,N/A,"Canal, Panamá, Busca, Soluciones, Frente",El Canal de Panamá busca soluciones frente a la sequía y el fenómeno de El Niño - Yahoo,2026-09-08 01:53,https://news.google.com/rss/articles/CBMikwFBVV95cUxNcnpoSS1qU2M2d0MxZy14dkpXejVnRGR4b2tNRzZJS2pFcUFSNVo0SlZzOVZRTWZuYnFabmNrdlR2MFBMN1RKZEpXUTlMd0dtZ0xHNzVUZVpXOXRISVZtNS1tME1wc2JvU0lkdGl0a3BqcWZOb0pJbHlZRmZ3STROSU8waUpYTVdCbmVsdkNLY2JDSHc?oc=5,El Canal de Panamá busca soluciones frente a la sequía y el fenómeno de El Niño Yahoo
Panamá,Búsqueda Canal de Panamá (Google News),Canal de Panamá,N/A,"Ilya, Espino, Marotta, Asume, Liderazgo",Ilya Espino de Marotta asume el liderazgo del Canal de Panamá en medio de desafíos hídricos y de expansión - Data Portuaria,2026-09-07 23:42,https://news.google.com/rss/articles/CBMipwFBVV95cUxPZWZqbHI4cXNXU01ZenVsc0NFSWEyemVfSVVKbmk0NEJRUXlsUWVpUUYtUGs3SlFuNGJINnN3aUhNZDZqVFl1MVlhWkpVOG9Tcmo4X296Q3pld3ZHTUZwa21sMXVBUmJNNnhldmJtbjBIRmp0cUJCMENZeVZqcnhQZ2N3cEczY2RBQkRVNGdNZzVQX1l2bnRjcDkxekRIdUFPTDVKa1BpOA?oc=5,Ilya Espino de Marotta asume el liderazgo del Canal de Panamá en medio de desafíos hídricos y de expansión Data Portuaria
Panamá,Búsqueda ASEP (Google News),ASEP,Electricidad,"Gobierno, Presenta, Proyecto, Proteger, Consumidores",Gobierno presenta proyecto de ley para proteger a los consumidores de electricidad - El Digital Panamá,2026-09-07 23:29,https://news.google.com/rss/articles/CBMisAFBVV95cUxQU094eUgxUGY5dU02M0p5bVY2SEg4QVVkRHJiVDIzZzJGRWVYalRnUm1Ua255cG5mRWZ1bXZXV3Z4bWJxMVR1LUVzY2g1Qjk3SGhmY1hLYkNyNndGR25fRHd2d1FRb2psbWZfREh1QWtGR1hINnBHWEhoV3RBOHFMSWJDRmptdEJqa2NyZnhWOUI0ajZtcHh3LWhXRXUzVUM0X2VwaVhfdEhsVnNnWUpjeg?oc=5,Gobierno presenta proyecto de ley para proteger a los consumidores de electricidad El Digital Panamá
Panamá,Búsqueda Canal de Panamá (Google News),Canal de Panamá,N/A,"Ilya, Espino, Marotta, Horas, Convertirse","Ilya Espino de Marotta, horas antes de convertirse en la primera mujer administradora del Canal de Panamá - Ellas.pa",2026-09-07 22:54,https://news.google.com/rss/articles/CBMi1AFBVV95cUxQR21fZ28yYW1UWnVzWnRab0MyMmp5QWNJZXNqWVhaZld6YWxScklVUlhkdU00SXpaRlR2OGdYRWNoTDZDVVBnbkh6RWJOTU05RnpWNENzSVhvbWtGUVVkLVprSTRGeVN4SndMdEdxX2tNbEcyR2kwTW15NTk3MENaT1hqSm03V0xUNEhvVi1odDJJcjNjYnZlVFZhMUk0WmZTVUpUR1JZTkJiWllCTVpqV19WdEV5dG1wZ3d1Qmhhc25zbFZNakh0LV9LVFlONllOaHYxUw?oc=5,"Ilya Espino de Marotta, horas antes de convertirse en la primera mujer administradora del Canal de Panamá Ellas.pa"
Panamá,Búsqueda Canal de Panamá (Google News),Canal de Panamá,N/A,"Canal, Panamá, Descarta, Nuevas, Restricciones",Canal de Panamá no descarta nuevas restricciones al tránsito - dw.com,2026-09-07 22:36,https://news.google.com/rss/articles/CBMipgFBVV95cUxOV3M0dHhKVDVnM1ZDM2NfaFNRSFllbzd4dzFkZk9GV245eWp5N1dlT3Zpdlo5OHNMRTlndVRHZG1VSGhUajJESnNraVpTUlM5bkVkdXQxZGNIVGs5VUdxTEVUVjRjMTNEWm9uYi1FVG8wMmNiaWxQSS1tNXh6MFRXWElBU1JIQnpaako3dDVyN1BJVnFFZnpydm9oVHYwWVZFdlEzZ1F30gGmAUFVX3lxTFBYelUzYUJPUjhfRXl0RDlrZGlNdUs1bFZHTFVCSEJrTVBEYjNlVk9Tak81cnFFMUdTeGVZall1RUk0UEZCVVpKdGZtZjUzSmxaRGZueG54M0NGWm9MZ3psSXRlNlE3MjNwcmR6RWNzT2hZcjVJclBQdEc2MTNwdUljWFJXUzJlekFxV1RBeG9Hc3I3bXY1QmZRMG5MRTN6TG96VEc1aGc?oc=5,Canal de Panamá no descarta nuevas restricciones al tránsito dw.com
Panamá,Búsqueda Canal de Panamá (Google News),Canal de Panamá,N/A,"Directo, Ciudad, Panamá, Plan, Estructural",Directo a... Ciudad de Panamá y el plan estructural para controlar la sequía en el Canal - France 24,2026-09-07 21:56,https://news.google.com/rss/articles/CBMi1AFBVV95cUxOeGxsMWc3Z0V1RmZUY0NnQlhhaW5oeFhqUF8wUmdzMDN6RzRSV3F0ME1PVHJMUjFQdkhBQXNGS2JabzVrTkk4WHZoak0xaldYVFVkR0hadXFoTk5obkpwYk1EN2pQTkx3M29HTTE3SmZNY3VxbEo0cWUycGQwY0ZMcWFWd1YwdnlrRHJ0cnN0Z3NYamRrT2s2RkdpQXlOY1NmTlVIeXZOcVhKVUZTdjZLOVNkUXI4NG91ZlZkc1pXVEFOSkNJNkxGclc0dnVuaXhiN3RsTw?oc=5,Directo a... Ciudad de Panamá y el plan estructural para controlar la sequía en el Canal France 24
Panamá,Búsqueda Canal de Panamá (Google News),Canal de Panamá,N/A,"Panamá, Canal, Requerirá, Empleados, Relevo","Canal de Panamá requerirá entre 1,500 y 2,000 empleados para el relevo generacional - La Prensa Panamá",2026-09-07 21:46,https://news.google.com/rss/articles/CBMirAFBVV95cUxQTjVBWU15M3VHajVDMGVXZEFCTGlmaHhmZF84eHFhTGJUZ3BwRHcwWEdRODdtVVdmZUxuSllDWHU0anBicE95OUo2aHdQMExKR2I3a1luSkJFZktxbW5YRlk1bGtIR1haR1dCalFGdG9jNTZ2djBhZ1dkQ2lQdHNyS2FkaXZJbWNNai1rSnctaTZicTJJcUY3MGlIM1VFUkJqcm9PZUFsX1RReWFZ?oc=5,"Canal de Panamá requerirá entre 1,500 y 2,000 empleados para el relevo generacional La Prensa Panamá"
Panamá,Búsqueda Canal de Panamá (Google News),Canal de Panamá,Embalse,"Panamá, Cambio, Mando, Canal, Reaviva",Cambio de mando en el Canal de Panamá reaviva el conflicto por el embalse de Río Indio - La Estrella de Panamá,2026-09-07 21:45,https://news.google.com/rss/articles/CBMi2wFBVV95cUxOcHVZYVBleDFZZlpoMXV3TUJCaTFOYVRoV1hIdGd6SktSa0xGUEtqX2NiemF4ZHZ3aG4yX0RTWU5aS2xsZ09Xb3JQVG5JNTdkZXFHdkR2V19TUmZkVXZHVGlNcGRHaE1jWkZ6X2x3b1hLaFY1cGQ1eEI3VFV6NGQzNzdLWW80ZFpzX1NuR183Qkk2M2duLUUzOGR1dVMyZXB6eEJMUUNieUN4QzhHdER5TWl6cGdkLWp0dW9LcDMwYUl3YVlKYWRhUmQ0V2ZzMjRzNkpIcENqWFFOWGvSAeABQVVfeXFMUHVhUnRIVnlCVnBrdWdMVHNoS0FUc0xiVVAyNUw3NU1EN0ZvM1FXRWVyQ1lqV2dRWHVMSVVOVXA5aUdGczYxOF9uWEdibHZlQ2xQUm9zbFVBbGJWZmh6N1dMc0YxRF9HdG1nX2FWdmUwQWdjVTFsZm5MQ1MxV0wzM2VtNjAxLWExTlpBekNYOFdqUFFoaVJCZVBsNFJGRnl1dDNLTS15bVRsU0pjYlFXT09HVFFPVUhUcUQwUl93b3JSaU9iMURJbDlGS1J6SzJybkNXbHdONXItYlZGdFZIVGc?oc=5,Cambio de mando en el Canal de Panamá reaviva el conflicto por el embalse de Río Indio La Estrella de Panamá
Panamá,Búsqueda ASEP (Google News),ASEP,N/A,"Proyecto, Obligaría, Distribuidoras, Eléctricas, Compensar",Proyecto obligaría a distribuidoras eléctricas a compensar a clientes por fallas del servicio - La Estrella de Panamá,2026-09-07 21:35,https://news.google.com/rss/articles/CBMi5AFBVV95cUxQenB1eTNyTkhmZ3Bqa09wV0V6ei10SVVvVnZMRnlxM0I5LUFsV2tTazRnQ3cxOGFWdGlJWW8tNHp6eDAxVHFCTDY2Vy1wNG9fNHVVbHVZNDZtM3JieDVUMVhnM3pZSTV0ekZmWWRiYV96TWhUdWVwNVdocXJQZkhwRXZhUk94QWpGQ2lqc0FsUUNaSEREQVRBSlAwMzZHZHZDcnpxVUNGSW5ObURDNGhyTlRMVjVKM0N6V21TV2lZWDNMN2ZIUGZNNUhKMlFHMWdHSEwxeXYtOVpEbEdWUG5IVDI3ZmfSAeoBQVVfeXFMTVl2c0J1Q05jelNsYTNHWG02U3Z3aUpkMzExWlNoQnhpWFEyMWJvSmdTRzE3TFFUeXB1YmNVU1kwZldZRXR2SHdHWXJJUzBCOFJ3TDk0RVVSOGg0eDUyblE2ZWlKTlA5UFR3ZTRMdzdkaGIzNG8zQmJIaXdQNFgtYnhRQVE3SlVaWlRVb2JhdzdvbUJFNUdIM1FaVm1SQUFKQzB2VE12LVJyQnRsSzNSUmxIc3E5YXNCNmlzRmp3ZzYzNDVrQzhWRDM0QTI0VDMwSDRkZnFIOUpzYWpuRVMtVks0NzZDRDhqZmRB?oc=5,Proyecto obligaría a distribuidoras eléctricas a compensar a clientes por fallas del servicio La Estrella de Panamá
Panamá,Búsqueda Canal de Panamá (Google News),Canal de Panamá,N/A,"Ingeniera, Marina, Ilya, Espino, Asume",La ingeniera marina Ilya Espino asume como la primera mujer al frente del Canal de Panamá - Diario Libre,2026-09-07 20:50,https://news.google.com/rss/articles/CBMizgFBVV95cUxOT09GOXM0MjE1dHlQRGJnOEJtQzZ2T0RzVkNpM05qRlFoa0R2Z1pCQkFRVHU4WEplU2tCV2UzNXhJZnJ4ZGw0UUo1d1lVcFBoQmdJb25Fbk1EbndIUFhrcUhRX0FuOHJhSlVmbk1iakwxTjFlMHhpWGFDQ041VUNOVlNFRV9EUEFZOEpSRVFCRmdCeDVGT1BTRFBJajdzMGJZbTdLSDNnNkpRaUNVWmUtQnRrVGxrRkFmVGJVS1FCZGtLeTJIandrSnVHR2U2QdIB0wFBVV95cUxNR2V3VmQ5ZnZnYzNQTlRMbW9VZnNMZld0UGxMaEphd2NZNWx1M0h3dGNCQXdHVEhSbHhPeG0tbVo5Q294WUltbmw0OGQ4RzdtZG5UQ3NyVTlwYTh2VnQwV1d4M1BZZ0tXS2hWTVVpNlp3OUJfeFByQ3JRRUJEN19DeXlob1lVQmdDYTh0SHpueVg1Rm9vbC13ZXgtOUFuQmEzaXR5eXQ4eUJFOXRuelBZWHhDQlNyZGMxNEZ2dmU2UEhEWEdVR1BmcTBHRDVBQW9qWFdV?oc=5,La ingeniera marina Ilya Espino asume como la primera mujer al frente del Canal de Panamá Diario Libre
Panamá,Búsqueda Canal de Panamá (Google News),Canal de Panamá,N/A,"Panamá, Canal, Justicia, Folclore, Noticias","Canal, justicia y folclore: las noticias que marcaron este lunes 7 de septiembre en Panamá - La Estrella de Panamá",2026-09-07 19:24,https://news.google.com/rss/articles/CBMi3gFBVV95cUxQaDFyZjNUNk96eFY2TG55bTZndThucVhLak9KZTgtOU13OUU3aERHTVBRb1ZZUDFuNFdGVk1iczhVcm4waEtsYWNBVkpfdXdTN0dNbHNQbEp2bDFrUHBtMTY4WFlqeFBUYU1rb1U5NW5TXzRQMnBGX01FN3hiN1g4bXFqLWhCckkyMHVPaF95RTFPWnlNZ3h5MmZUQm5SM3VmaEJpMExTQ2tsVHRMT3U3amFZZm1NcWdaTUc0YVBwa004YzVhdmhKdlpjNjJCR2U1Nm5JbHZxeEt5MTQ1WGfSAeMBQVVfeXFMT0JSSHhuUGh6eWhVMVVBdXRxNGowOGE0UFhVTWI5OW1UeUZDRVFoaHd0Qlp1U2xfUU90eXlYdldxWHRTNVhJenpUY19saDFjN0FOQ1hEYkdLTExiVTM3ajZJYkoyajVweWlMWVR4NVVCSGNFbS16OWtEelA4WkR1Zm5iSFRjNF9sc1VBdlJnQ2R4WUxsQ01PWU4zazZqNno4QWdkdERoM1ZpRlhHU0JsZGY2bkRZczloRTVMc0hCUzVJXzJLTnlwdF95R0xPaHVpbk0wS19lZzB0amxsOTQ0bWxIaEU?oc=5,"Canal, justicia y folclore: las noticias que marcaron este lunes 7 de septiembre en Panamá La Estrella de Panamá"
Panamá,Búsqueda Canal de Panamá (Google News),Canal de Panamá,N/A,"Ilya, Espino, Marotta, Identifica, Retos",Ilya Espino de Marotta identifica los retos de administrar el Canal de Panamá - Telemetro,2026-09-07 18:56,https://news.google.com/rss/articles/CBMitAFBVV95cUxQNzQ1ZmIzTkpManJJaktHRnltYWNCcTRva2NENU9idUJOdHdmZkRDOVFqcjBONnJXMGN4WDlpQV9ydU9IVTdMU1pkUjJOWGhoQTZERmtObDl3aF9NUHVlLTZWTVo0VzRyQUZ4VWZ5UmR5RDhjbTIxWThsaWpwbmx4cEJtN3RUUnVFMkVzSGdDZTRhbHltRGt1S2UtWlJ0X2Jud0k1UGlUVUo4X1FuRTQ5dm41OXrSAboBQVVfeXFMUDkwamMzX1lnTXpKWHdPdkVPVVI2OHJYdVBBMDBBLXR4RFVUWjl0bjZ5RkZEWEUxOUNNbEJNMjVLbUwwanZva29JRERjdEpSTlBMaWZ5VF9HTjlDMUhQb0pDcWNodjVKWDE1Rnlodnp6MmFMR0VEOU15SS10b21jaFV0SHMyR20tUnhHRFBrV1RRcXQyRmhBYjYwR1FReThxdTlOV2JFLWVMQ3ZtR1R6dGlEbWpRTWpKa2lB?oc=5,Ilya Espino de Marotta identifica los retos de administrar el Canal de Panamá Telemetro
Panamá,Búsqueda Canal de Panamá (Google News),Canal de Panamá,N/A,"Ilya, Espino, Marotta, Asume, Nueva",Ilya Espino de Marotta asume como nueva administradora del Canal de Panamá - Telemetro,2026-09-07 17:40,https://news.google.com/rss/articles/CBMitAFBVV95cUxQVFZ2N0V3TjdEbHZyNnhCMVBZakdibnJrTzQwYy1WbGFmNkNUbmhWMmN1RFQ3QlNzRkw5MzJpSnlpYVB2dGdsZ2wtb01qLWkwMGkwR2F3YmJJdHVmZXJEUGY0OEsxUGRUUnYzZW5EOWdXSDZUajM2MjRPbXJmWTgwUF9pTWxFb3RkWlltMWUtT0dGRGJTNzJTVDQzLUhfNDczMnBVUXJ4S3dUNGw4ZFdWNVFZaFHSAboBQVVfeXFMTnFLbXVaRHotODA4Qk0zREVxZGNHM2hqR1d3RjV1ZmV2bElXeUZwUWZKMTJZLU9BcWpqemJPODZBdGd6UTgycjh1S29uZ2VoUnFMazNEQXJYM1pYSHdYcU8tZ0IxWUktcDBsYXJZSUw4bjNXQmRaeVp1cTJJVmRjcC1XTEp2S3NGNU1LbWQxdUxEYjFkYnZDNEhvXzdVTEphUzdiVFFocDF6c1RmeF80NXRITHBQN3JSTjln?oc=5,Ilya Espino de Marotta asume como nueva administradora del Canal de Panamá Telemetro
Panamá,Búsqueda Canal de Panamá (Google News),Canal de Panamá,N/A,"Ilya, Espino, Marotta, Asume, Cargo",Ilya Espino de Marotta asume el cargo como administradora del Canal de Panamá - pancanal.com,2026-09-07 17:13,https://news.google.com/rss/articles/CBMioAFBVV95cUxQaU9iXzF1NW5vYzdoQWNlTUFwWkRBQUVRcElsR09kR1R3bE1fTFA4QmQzZEF6TUlzSTgzYmxTR0g3U2hGZkRMVmJVcEJzT1AwY2hVc1ZLaklUUlBlV0VhR0VqRVNzaUM5QlI1YWRwQ0ROSG1ydEdoZFlWWFVuZ1o0Y2V3bkZBUE5Vd3V0MU5JSzVWLVpTMklNSVpfSE9jaUhl?oc=5,Ilya Espino de Marotta asume el cargo como administradora del Canal de Panamá pancanal.com
Panamá,Búsqueda Canal de Panamá (Google News),Canal de Panamá,N/A,"Panamá, Ilya, Espino, Marotta, Mulino",Ilya Espino de Marotta: Mulino expresa respaldo del Gobierno a nueva administración del canal de Panamá - Nacionales | Tvn Panamá - tvn-2.com,2026-09-07 17:06,https://news.google.com/rss/articles/CBMivgFBVV95cUxPMlFKZjZiY1FhVDBwUTA4blcxX196YU56eXZtaXVXWXVsdWV0Q01zNlRWVW4xbm5KT3lqNUpqeFc2WUZqQ3FwWGJaeHoxN2lMRjBZaTBBTXhVT3E0cWw2NjJZbEdyaHZHTjhOWGZxUlJHSnItcEt2di1yMU03NnhJZ21xaml2TU92aG1admM2cWJUU1Z0cHZQUTdGSzVRTkdvVmFtREhuM2Y2V3R0U1VsYlpVNWVlbFM5UklmM3hn0gHDAUFVX3lxTE14SDFJSHVHb2JCbkNuTHpjelpYLS1idEJTRGl2RnZxMElyZzNmeHZJZldjajJOQjFzekxNbkRKVVYzUVhWUmp4Z2hjSXB3NmNvc1B1X0hPQW5IQW01SUdBZDYxOUQ1MFNJcWJqTW1hbzhuN2kzUHFxNU9ibldrTEQ4NnZHYWlXQkhqOEdZRk1nMW02dXM5RVZwRVMybG5yYjhSLTh5VXNFdnYxbFZ5YlJQNEI4Qmxob0xKVm5JY0IzUDNZcw?oc=5,Ilya Espino de Marotta: Mulino expresa respaldo del Gobierno a nueva administración del canal de Panamá - Nacionales | Tvn Panamá tvn-2.com
Panamá,Búsqueda Canal de Panamá (Google News),Canal de Panamá,N/A,"Discurso, Administradora, Canal, Panamá, Ilya","Discurso de la Administradora del Canal de Panamá, Ilya Espino de Marotta - SNIP Noticias",2026-09-07 16:55,https://news.google.com/rss/articles/CBMitwFBVV95cUxNZU56MjdaSGVvOWdpdWVqMzRNWWk5VWFFb1dGSVVYTzZTY0ZTcVdSNlZmWlgzQ0tiTHllYkY1dlFITzBkLVlMVktQTWcwRnlMMy1kUDVKRUp0YWtmaHd3aERpaWJjdllBRFlXbVRiQVNnUkRGUHVlSUJIRkw4UDM1ajdKQVZwTGNFdlBOR3k3LUFfZGYzVW5Sb0E0Nl9sZHlZWnFRWFRnQ19XN1NQcWZNUmdsNGd6LU0?oc=5,"Discurso de la Administradora del Canal de Panamá, Ilya Espino de Marotta SNIP Noticias"
Panamá,Búsqueda Canal de Panamá (Google News),Canal de Panamá,N/A,"Ilya, Espino, Marotta, Primera, Mujer","Ilya Espino de Marotta, la primera mujer a cargo del Canal de Panamá - Forbes Colombia",2026-09-07 15:57,https://news.google.com/rss/articles/CBMirgFBVV95cUxNdlByVWl2clRwaFUzdW4zRzRnbWlTUDJZdFpDdURJUFJsR1BZLUZTT2MyMklJVHVXMWpJczg3QzRzQWVjTUNBSVpBY1hoS3JKeTVsWlplemJDci1FZ0NDN3lHLTBNeEpuU1I5ZWpmbnUybk5CWkFTVW5ZUkx4dk0yU00tb3J5MFhCa05YSzZtV0N0LWJjSlNnTUdIVnQxWWJLM3NNN0JtSHc3VmtEN1E?oc=5,"Ilya Espino de Marotta, la primera mujer a cargo del Canal de Panamá Forbes Colombia"
Panamá,Búsqueda Canal de Panamá (Google News),Canal de Panamá,N/A,"Cambio, Climático, Diversificación, Retos, Primera",El cambio climático y la diversificación: los retos de la primera mujer a cargo del Canal de Panamá - EFE - Agencia de noticias,2026-09-07 15:51,https://news.google.com/rss/articles/CBMivAFBVV95cUxQQV95eHQ3RDJraGtpQjFESl8ybGxxdVE1QnlUbVpRcC13UEJfdWtSYWFQQldBTG5fVE9pOEw5RGhNM2xOTUlXNHFRbVNDOXZlc3VabU1HRTVhaHd5aXA2aXpBSTVEaWZVTUc3V3B5YnpGNUJTaFQwcG81RkxldUhzdFVYWWxmVVYxMFJ6Wkp1WkVUM1cxRlNUUy1NQjBlRVZ2MFNJUnRkOTh3SEhlMEJNMGZCRjJnc3RmN0JMWQ?oc=5,El cambio climático y la diversificación: los retos de la primera mujer a cargo del Canal de Panamá EFE - Agencia de noticias
Panamá,Búsqueda Canal de Panamá (Google News),Canal de Panamá,N/A,"Cambio, Liderazgo, Canal, Panamá, Ilya","Cambio de liderazgo en el Canal de Panamá: Ilya Espino, primera mujer que asume el mando - heraldo.es",2026-09-07 15:43,https://news.google.com/rss/articles/CBMi2AFBVV95cUxPRHpiSnBIMzdnWFhHSHJZUFZMQWNTLTdGRHR1TmZlWWdKWlo0ZmR3anRLOXV3MU5WME1YT0RsMFhIaXduZVNPRGo5NnFNWmlsSU5tNFRVMEZOZXVyR1AzZTRiMlotNzJkbm5DM1lxdnBnMUxrLUliM2xUTGZsZnZVSzBSLUdnemF6NUFrQUhFbkJHaF9SLThlc3U1VjR5QWI0ZmpLc0xQekFoXy1iS1h2TUt0d0ZVckQ1MUdCVWlPYm9rdkJUR0hWWVdZSGdvdzZ2UTBYb0JheXHSAd4BQVVfeXFMTllqa0U1SWVlQVk4VzVkcTFDWG5zTHZXM2F1ZmhSemRkYjBlS2NMWC01aGlZa3RXM2FVRXJjYWVaaTZORGRRYmMwdEhLa1hfN3RsczhUa3FITktsODJPUmtuMmpGVTdPMEhmcUljSHJreldsRVNUdUpqVGtmRjkyN0Q5VnZyajZLNDR1RnVPTDNDaHlJVjhaUXkxbVRTSFY2anRKTUluMnhRQ3ExOGZxV1JVSXBXMndaRmREYVRvNEdjYk1xd1lhTzRMd29TQWl3QmFTUjgzOU56Szg1cnRn?oc=5,"Cambio de liderazgo en el Canal de Panamá: Ilya Espino, primera mujer que asume el mando heraldo.es"
Panamá,Búsqueda ASEP (Google News),ASEP,N/A,"Panamá, Expertos, Reúnen, Abordar, Transformación",Panamá | Expertos se reúnen para abordar la transformación digital e innovación regulatoria en la región - DPL News,2026-09-07 15:40,https://news.google.com/rss/articles/CBMiwAFBVV95cUxNeEp5Zm1qZFBEYjhUMzZELVNrcUlSb1dTS2Z1b1lYbjhZLU9QRU1CLXhVMnRPbXUxbzJtbEJiejZZaFRFLVY3R0I0RDFBa2IzeWc2ZzU1blhVeVE5aXN5TWtYVUw0a0tLOGMyZ3dYLWlKcmNDZnFSQlpBZ0hnZXBjRUFmOUpQcXh2a0JWZ1RrTjk5WjhoNlFGYTR0VFdIUldBSmo0YnMzcjQ4RFNjSXk5MXVhYy1uVEY0NC1xMlI4U2g?oc=5,Panamá | Expertos se reúnen para abordar la transformación digital e innovación regulatoria en la región DPL News
Panamá,Búsqueda Canal de Panamá (Google News),Canal de Panamá,N/A,"Ilya, Espino, Marotta, Asume, Riendas",Ilya Espino de Marotta asume las riendas del Canal de Panamá - Mi Diario,2026-09-07 15:26,https://news.google.com/rss/articles/CBMingFBVV95cUxNWGZVTnRxVkFXZmVITFRXaDBjb2ctTlR1cThVOXlpTmhxTkpucmJ3dGk1bHVuXzhlQnRXQ050RFZuY25uRlFqRGFjNlFPZGtWbXRwY1cwS1RqT0hYVWpBZFh5R2JQZXQwUzNkd2s2OVJ4R1hGbk1aaXRJUUk4MGFCR1dhWWtnOVZ5QTVzNkdLNDFnTjFwT2ZlRmVVSDIxdw?oc=5,Ilya Espino de Marotta asume las riendas del Canal de Panamá Mi Diario
Panamá,Búsqueda Canal de Panamá (Google News),Canal de Panamá,N/A,"Ilya, Espino, Marotta, Asume, Canal",Ilya Espino de Marotta asume el Canal de Panamá con el agua y la transparencia como prioridades - www.ecotvpanama.com,2026-09-07 15:16,https://news.google.com/rss/articles/CBMizgFBVV95cUxPeVU2dVV4Y040TEViNWNsN29Uam4xcmlIOC0wUTI3aTU2VGh5OTR2alJZQmZYeTVaQ2pQMTVnTDQ1QW91VjNOSUs4MGpHeW51b3FpcDBFcldBdGtUSTlKcV82b1c4SU5URGRqdmhhV0VpTFRUS1BkQlBFRDBpYTh5RklyWU9jcmJESVZvS2dNenBCeVVSUHBWNVhjUXhNRDN4ZG1KV2t3al9wQWFoaUZYRUsycHVZTmJSWGNnbldWOTFNdmdfbFAzdEE3d0NjQdIB0wFBVV95cUxPWHM5ZUVzdDNqT3E1UkstZk0zeURnTzBIdEF6dnRwMUVNdlBXZXJJMmFHdUo0TXNKQWtkUlp5Z0otbXZwT2pRU0lvZlA4WEVHSHZSZktfb2RCSHlJN2N0NV9LQWdUNTg0TkVQWWhuUlI0aXlUNUZlZDUyYjV2SHNWcFJiWERMVmRfMzEtcm93SGVVdm9zdTZTRUJqOGdETlRyUjRIdVBna0YyWVpjanZGM19iUlluaURYeVhqeWZUV0lybXVjaDdsWk5OclNvZV9RU0pR?oc=5,Ilya Espino de Marotta asume el Canal de Panamá con el agua y la transparencia como prioridades www.ecotvpanama.com
Panamá,Búsqueda Canal de Panamá (Google News),Canal de Panamá,N/A,"Nueva, Administradora, Canal, Panamá, Descarta",La nueva administradora del canal de Panamá no descarta nuevas restricciones por El Niño - Yahoo Finanzas,2026-09-07 15:02,https://news.google.com/rss/articles/CBMisgFBVV95cUxNZ2EtVmtWZnY4V1plZ1ZiLUlkZG4zX2hZdGNsRmYwZEQ0ek5zOU0yNFBsUVpDcklyZ185UkRmbDlqNVRNWnB5UkcxdkJELWJjOXl0SmtxQVZTQ0RpSzlRdzNpTTZBWWtWc0E1R2Z0b0RKMExWMVN4WmxBMFRzUXFDRU1LMm9SLW9zeFVwUHF3N3N3N0gxRHkyNzBPRFpKTHBYTzJZOV95MFRVVnlEVHQ1M1Rn?oc=5,La nueva administradora del canal de Panamá no descarta nuevas restricciones por El Niño Yahoo Finanzas
Panamá,Búsqueda Canal de Panamá (Google News),Canal de Panamá,N/A,"Capital, Humano, Principales, Retos, Canal","Capital humano, uno de los principales retos del Canal de Panamá para los próximos años - www.ecotvpanama.com",2026-09-07 14:27,https://news.google.com/rss/articles/CBMiwAFBVV95cUxPZjUwZHdNNnVfQTVhTDJnOVo2RWJkVGgtak5YSTNhd1hOaFlkdlZIMXcweF9EX19hLWVDZUVMcHM3ZkdEbzNPUHptWDFLd3BBWm13aE56UVlSa3JBYkQ0T2FtVVkxaTFVb3F0ZFpmdVM3ZWFaOXZLTVQ1Sy1vMDJBY05TdS1Fb2JiOU50N3FJaXJpVGFBZmZpYlFGUnVaZkFIM3cyWTdiYk9jdG1vVzhSZ0ZmWXR3aFV6cUE5RkNZZkHSAcYBQVVfeXFMTkNfQ0FPUHF2aVNZRHNfS1F5TXJaUHZaZDdiSDVmRlFuQ2N6MTB1ZHpLSjhmalFnYTJOWXBLTGFKRHlLQXI0OFA0alRYN2F0VGZONEZvYzhxSEJnQU9PSFc5NGlCZUp1WkNKTlhMS21UdURmNlFueHNxN29mdnhPOFBvMlYwbnk3QlFqUjEzQnl3YTZWbnR3eUI5TWF0cEd0ZE43WkRINlpLTGJSVmVMdWdKSEEwVmRpZFptZGFPaV9xOHRRejZB?oc=5,"Capital humano, uno de los principales retos del Canal de Panamá para los próximos años www.ecotvpanama.com"
Panamá,Búsqueda Canal de Panamá (Google News),Canal de Panamá,N/A,"Canal, Panamá, Descarta, Restricciones, Sequía","Canal de Panamá no descarta más restricciones por sequía, apuesta su futuro al proyecto Río Indio - Yahoo Finanzas",2026-09-07 14:05,https://news.google.com/rss/articles/CBMirgFBVV95cUxOZlJVTEhyaVU3OTJadlBkS3E2a2RkU1NKeUtkcXctVTYzOG9iM3Y3ZHFlUTJPZGswbEE5T0lxZzhIYTBBYkFUaE1RSzc5bTkxQ1BnN0FYTU1Qc3ZJYUphYjAxYkFnSFdNZEJoN0QwZ0g5bUJMR2lrLXpjZ0ptNG1pRlRJN1FaTkVHYjNWRzR4bGN5dGlRX3hiQmRnTDhSNl9oSHNRR0pZMDIwRWFBbXc?oc=5,"Canal de Panamá no descarta más restricciones por sequía, apuesta su futuro al proyecto Río Indio Yahoo Finanzas"
Panamá,Búsqueda Canal de Panamá (Google News),Canal de Panamá,N/A,"Panamá, Ilya, Espino, Marotta, Hace",Ilya Espino de Marotta hace historia al asumir la administración del Canal de Panamá - Panamá América,2026-09-07 13:53,https://news.google.com/rss/articles/CBMixAFBVV95cUxOS3pnUWdNRjdWR2oxdl9CZHZjYWo2SGx0OXl2ZjA2clNVRlMyaFFLeVRHZl9ieTJDR056dVFFOGs0aXh4c3A2WTE3WjFNT3B4OHdFeURTbS12U0lxbjdiQ0s2RFJYc1BMNjZ0SVU3RnFkWWo0NDBIVTRkam1XY19uXzQxREhPLUVORW5jM2VabkgycDBPRWlaTjJXZFFiYVc4MHhXQXlkOW5fUEtWMXFobXUxU3lYWDJDNU9teExLa1lsMzNm?oc=5,Ilya Espino de Marotta hace historia al asumir la administración del Canal de Panamá Panamá América
Panamá,Búsqueda Canal de Panamá (Google News),Canal de Panamá,N/A,"Ilya, Espino, Marotta, Toma, Posesión",Ilya Espino de Marotta toma posesión como administradora del Canal de Panamá - Telemetro,2026-09-07 13:20,https://news.google.com/rss/articles/CBMitwFBVV95cUxNbUhSRkwwSUFreTdTeW45RE0tZ1Z5VG9IVzhNU0x5N2VxNVZlZHhNM29IVE1WaTVISW9JOTlvVE52VFZ2cmI5LUwtbEtrQmg4QXhqRUZyQVY1UkJnWE9fWjVvNHlyYWRDbHRRZ1ZGbjdWakZEN0hhRVdnWDUxMWV6WWRtOXdJWEdNTnhjSklnaHJ0YmFlbHd1TkJ0UXFNQWZ6eGQydGVqOVhpVXE5MkpSXzJJUHlyYlHSAbwBQVVfeXFMT0VLOFRUTFBWLVB4Vi1zVW52ZHNHS2d4bW9nTEkzeUxvU1poUURHZmYyRkV0N2FYcS1MYlg5RFA4dmxvcmNlU21ZZlNJOHQ4T0ZfSkVqMEdTWGpaRWJjY3lFVU9zYWdybHVkTzhRWk53ZFlMWDZDS21raWMxcU9rU2VxSGluMnVjZGJZZFF0REFDdWx1OUdyT1dlcUk2bFp1WGR2WHZiRnktOFh2QV9fbTZzdnFBdWFWdGtOdng?oc=5,Ilya Espino de Marotta toma posesión como administradora del Canal de Panamá Telemetro
Panamá,Búsqueda Canal de Panamá (Google News),Canal de Panamá,N/A,"Canal, Panamá, Queda, Agua, Amenaza",El Canal de Panamá se queda sin agua y amenaza con reducir el tráfico - negocios.com,2026-09-07 13:19,https://news.google.com/rss/articles/CBMiuwFBVV95cUxPaG5sUUdvLUNBa2F6enV3TVRvTWJiTjR2RjhWZG92ZlpMT0NtYlFkNC1SejJ4MXItS0NwNEFTalNtdDFnejVpRTUtQUZiZVFmRnZiSkE5OG9jSjd4b2JQSWV4MDgwTm9QNkotSW95dGxJajBPWldVZzV4aE1oUlI5dlBGazVyQmVtYW1PQXNydlZMdU03eW5QbkdoZ2lkNHJTZGZGMkJqNU9xQTBTY25HdWs0TldiVVZSTjI40gHAAUFVX3lxTFB2NnZSNXUtZnBSelNIeTFqcENfSGJYbjJ5RVY0ZUFmZHBCZTVKVzNzTl9TZ1p2NkR1RlFOMG5LNDZSX09HQnJ5RV81TWhUVEk0OGdPQzZ5cFZYaUxCWGxQSFhuNDJ3UEhMajd5Wm1YWlkwVVBPREt1b1RjVXhVazVFTDktY1dLQm9NemF0eV9fR0JWY0o0dEFWaVUtUFI2ZDgyM29pSlR3RFA5bXptV1E0aUJoNkM5cVNLTzN1Yl9Kag?oc=5,El Canal de Panamá se queda sin agua y amenaza con reducir el tráfico negocios.com
Panamá,Búsqueda Canal de Panamá (Google News),Canal de Panamá,N/A,"Ilya, Espino, Marotta, Inicia, Gestión",Ilya Espino de Marotta: inicia su gestión como administradora del canal de Panamá enfocada en el proyecto río Indio - tvn-2.com,2026-09-07 13:15,https://news.google.com/rss/articles/CBMiwgFBVV95cUxOdmtGMHF6U1NUYjVfT2swV2l1THpLN3pCQXY1WUYtRjhCUDR2c3p2WkFIenRTR1Bxa0pMdl9PTTEwNnRjbGxNd1RUa1VHVG9ENk1DNklfMXRRWTdreDQ5X3lRMkdwQjNLUFFaMnFURXBGdUdRT1M3SlpoS1lBbFExUnU0enNRZUhZZHNLWW14Q0tWSXFGdUZhWEd5aG5aeWtVVjktb1A4Y0p5blJzYV9Ia3pUMVZaMWJ6SXRZS1BOeHJfUQ?oc=5,Ilya Espino de Marotta: inicia su gestión como administradora del canal de Panamá enfocada en el proyecto río Indio tvn-2.com
Panamá,Búsqueda Canal de Panamá (Google News),Canal de Panamá,N/A,"Discurso, Administrador, Saliente, Canal, Panamá","Discurso del administrador saliente del Canal de Panamá, Ricaurte Vásquez - Telemetro",2026-09-07 13:01,https://news.google.com/rss/articles/CBMitgFBVV95cUxPV05uVEIyWTg0WDQzNk9Ub1g5bXJuSzlCQzB3dEhIY2hOYXNLUWdLaXVwNnNLYnQ0Zi05R2xNcWV6UDV2Z0xxNEFzamN4eXhSRFNsWjgzd3B2clVUWXc4V0hoQkRZU2VLVDdIRGZZNXV2dFZhYU94NkxDa1ZsMEFIVTNVTTBUcXpleU9xOFZsa2YwUnV1Q2F2MjNTVkNMY055SzdjejdUSHlkMGhRcjlwV3VPX3U2Z9IBuwFBVV95cUxQaldRZGFqUnpwV3pDZWhnQWUteTBfS3Jkb1ZJRUdWTjgyNFVMN3Q3U2U2UE83WnBnNndEQ1ZaM29ZcFFDTmt3enVaZVd5Ymw3X0lfVksweFFhb1lPajdLVGtmc0dOSGljeUE4bGNXWUNKME55M2c2b3AtRDEzMWhrZW80RnJ6NDRkRWJoUWNUUlpiRmxfNlNxbGpPeUJTVmp0dXcza2FTZXJtYnBPRjVTMkR1Mlp3UVYxZjg0?oc=5,"Discurso del administrador saliente del Canal de Panamá, Ricaurte Vásquez Telemetro"
Panamá,Búsqueda Canal de Panamá (Google News),Canal de Panamá,N/A,"Plan, Estratégico, Canal, Próximos, Años","Plan estratégico del Canal para los próximos 10 años será mayor que la ampliación, según Miguel Lorenzo - tvn-2.com",2026-09-07 12:23,https://news.google.com/rss/articles/CBMiqwFBVV95cUxNSzZ5SkV1cnRYMHNDRDdqWjBUQVZOcVJXM3h0a0tYNi1WU2JaUG92NnRfWk9XeE1iWGUzeUlJOEoxYng0MW9qaHFTTF9oeS1WRm92cm05M0hEU3hrREN0VGtiN2xmYzhIeDFqNlp0dUtLTUFOTTBwR1I3NzVsc2hxLXd4MDJ5YTBJYkY5ZmFmT0ZDUC0yWTJWcF9sMmdLVkh6dmdkSmd3M2xIRkE?oc=5,"Plan estratégico del Canal para los próximos 10 años será mayor que la ampliación, según Miguel Lorenzo tvn-2.com"
Panamá,Búsqueda Canal de Panamá (Google News),Canal de Panamá,N/A,"Ilya, Espino, Marotta, Tenemos, Distintas","Ilya Espino de Marotta: ‘Tenemos distintas maneras de liderar, pero somos institucionales’ - La Estrella de Panamá",2026-09-07 12:00,https://news.google.com/rss/articles/CBMi2wFBVV95cUxQeHdtM1hxTmhUX2JzMGsycC1aVFJ4N3ZuajlCRlM2SXlRLVExTWR4X0VfUVRBM09tTVZ5Yzh1bzBQWWVvTUpSVWEwQ3J3MUpVRlpSOTllYVJyQXZMcEdZR2lBVWlQcWxsbG5mLWRTOTlPZmxaSUNuemhpcGt3TWp1MV8tLVpRV1BlWnpoQW1reVdkeUZRRlprNzVlNkwxMGZvUlRIQU4xNDlGaUNWaVdsYWNBOEpQWWRxcTJkcEo0cWtlQXYzVm4wLXNsRW5jTUFyMk9YNkdxVGdKYzTSAeABQVVfeXFMTWVnRmw0SnhOMmRDdWw1NDMtOFd0bTZBSGFraWJtRW5tdFZJT0c5cTZqR3VSNF9hSTgtaXN0Y3pkb3dLMnA2YVlUTFVtQkhZTEYzU29uSW14dUw4OThHcm5RcExWUmh3Mkk3RHVhR1ozWnJXOUpKcUxIRkQtQXRtanptSTJwTXV0b3pqZmJZVXNsWm5WN3VCQVlUZmtMSFhZaEVSRWZpVlZoNkNNYlFFV3RRUGRCSVIzckVMY051b2EtTWxZN1dTWHJTOExuYzRmc0c2dmQwZW5xQkIzVDVGcEE?oc=5,"Ilya Espino de Marotta: ‘Tenemos distintas maneras de liderar, pero somos institucionales’ La Estrella de Panamá"
Panamá,Búsqueda Canal de Panamá (Google News),Canal de Panamá,N/A,"Panamá, Ilya, Espino, Frente, Canal",Ilya Espino al frente del Canal de Panamá: las claves de su primer discurso - La Estrella de Panamá,2026-09-07 11:45,https://news.google.com/rss/articles/CBMiywFBVV95cUxNZ2pPdUg5X3lNM2Y0Wm9vUGpPZmlhWHBHUG5PTGlHb3RuYUxIb25JVVhOaDNGc1g0c1REWFk4UFF3cV9mbHNlS0lfNVRZMGJlT05ma3NRbG83V05vRlU5Q2Z2QUljdUNxNFpxYWl6ZjNUT1dPaHVoeWIwMDNsRDR5QVV0SVU1MUVoXzNHdlJUdHJQUzgzZ21zYkUzQm84U2p2UXcwNFdJZHpfYk8yeS1rdEpOcTl6YUY5UktTNk5HOC0zS1NNOGNuN3BoSdIB0AFBVV95cUxNVUFPT2o2RWYwTzA5aWdBc0g0VVF6RTdFN01KcklVWjVsSWlQUEF5QjUwQklTWFhIcFFKNEVlLWRLVGFFYnpyUWs4d2hDZUJZdldyYVRrTU9EZWlUMEJtSWtyZEI5Z054M01CS2xLMVRNWDliT3Q0UFVwYVBUYlZzOFh1ZVJna3QyTHd1MXdtVHEzTjRFcTBuaGNyQzA0dE5xeWdTX05RdWNFZ09GWHpiS2hOUmEycVgyOG5VQ0JNVExhbGNLVkNWcnNyaXhDb0JB?oc=5,Ilya Espino al frente del Canal de Panamá: las claves de su primer discurso La Estrella de Panamá
Panamá,Búsqueda Canal de Panamá (Google News),Canal de Panamá,N/A,"Canal, Panamá, Retrasa, Reducción, Calado",El canal de Panamá retrasa la reducción de calado para buques neopanamax - cadenadesuministro.es,2026-09-07 09:06,https://news.google.com/rss/articles/CBMixAFBVV95cUxOaEZ2QUpmNkhsTEJhOEg1WFdCUlMtYzJOYUVrUWE3RDh3ejhrUGV0U1Y0aFN4eVJVYlVGRVBLUFJWQjVvVlB3MVhVOFllYU1DdHNnanlOa1c1MURSNmI3NHZRMTVoZFAyNF90YzItdTRwNkhHY0MxTWtxN0VMT3RpNjVaRzc4ZVNRb3lZdWpfcDZIQU92X1RWWXJfR0dESGswNGY3ZWxpRGV5SlBhdUdZR0FlU0RXbXNTb2R3aDloQ3ZBRTNM?oc=5,El canal de Panamá retrasa la reducción de calado para buques neopanamax cadenadesuministro.es
Panamá,Búsqueda Canal de Panamá (Google News),Canal de Panamá,N/A,"Primera, Mujer, Asume, Administración, Canal",Primera mujer asume administración del Canal de Panamá - Prensa Latina,2026-09-07 04:01,https://news.google.com/rss/articles/CBMimwFBVV95cUxQU2VIMGRKX1oxQW0tMHpSQTY2dHloT3BGMkFfZXBrRkQ5VFhWY056WHRiWVFfRkw3V1JGcWtzQXh5X3NTYW1OQnJqUm9Cb0hjblF0SkdTZkxrSHdmLXVIZ2ROSXdZbjlSN05LcDNkbndwMVVWbnY3ZlFiU25qS0dRcmpaLWV0YXhDWnAxcXZRbXJSb3VqaGZRTFZhZw?oc=5,Primera mujer asume administración del Canal de Panamá Prensa Latina
Panamá,Búsqueda CNO (Google News),CNO,N/A,"Parlamento, Centroamericano, Impulsa, Relaciones, Panamá",El Parlamento Centroamericano impulsa las relaciones con Panamá - MUNDIARIO,2026-09-06 20:46,https://news.google.com/rss/articles/CBMixgFBVV95cUxPcFhZWlR3OVN0d3IzMy1JbF92NU5wa21OdUpQZUJLQXQtV2h6ekVZX2xrWkxtS2VnWlhJVzF6bUJQUFlHSnlEWk5WUURDLUFQY1AwSC04Y1pxbFV3ek5YQmRNVHF1NUU2STE1UmJSc1V6ZHlwaFBxVzRTRnJCS3BGbThFQWRHNzJnM3oxeDFpVmJyNUp4TEllMk1GcjA3Z2hnbl93ZTlDN0RFTV9zeVNGRHpvaEttRXhqMS1QMTBvQ1VwQU1jMmfSAcsBQVVfeXFMUEZoaHduMXZkUG9jaGJrRW92QzF5d1ZwX3d6dDRoY2ZaczEtaGpIUkxFMmxybE9OYW5vbDMtWDFTQU04WVEwQWJ4Y25Zc2hMRHpIb2hjd1AyelRGcWRJYWY3SHhYQkx1MW5UVXA5d2VORlFyVDUxNDhHVERLSFA2OXU4TllxVEJ6RXhLODdHU2VSN3FNWjhXUWdMbnBaU0tsTlA5SnlEdl82NThpeGs5bnFJWUtUbi1hRnlnV3BPXzA3a0duNndqM0lqRzQ?oc=5,El Parlamento Centroamericano impulsa las relaciones con Panamá MUNDIARIO
Panamá,Búsqueda ASEP (Google News),ASEP,N/A,"Panamá, Busca, Operadores, Internet, Compensen",Panamá busca que los operadores de internet compensen a los usuarios cuando se caiga el servicio - Infobae,2026-09-05 20:19,https://news.google.com/rss/articles/CBMi1gFBVV95cUxOYmJmZjNERkdMMnV2OTJWd1Y5TlFiWDZBVWljMUJEdUFPOXJyZkM5RlJGWlR1c0RESXMtb2NKYmJOT2dVR1JqVmpsaTJybm9XS2lNa1l3NEJZVlF0N3o1NjdIUGJValJlS05JQmZSbURuRGZpcWpjOVFHSU55NUhjLXB0LUxqOFVoNzNTS1c0MUd0cXhhQlRPa2VGY0tLZWVoMjZCbmNaaTVab3NiVm9GVGI2MDZiQl9rMXBibXBTSFluaU5mU0M1cDZscFB1WDU4SHNkQWRn0gHwAUFVX3lxTE5KUkVsSVk0cmxSSnRFYmtrbjZZbHl1LTJyY1NkQ19USDVISldZeWcxSGNwN3Nlb0Ezd09Zc3k0QjRNT2otMDY1N2xNMzg5X1o4R2JkcHpaWThYQi0xUmZKd3d1U1JwLVRGdzdzOGZUb0xDdDhMYUIyQ1dJT0J2NGNVOHdxRU5icXBSS1VpbkZsME53T1l4d3E3Qko5dml3Z2QxeHZUTW5wTVFTNldTMWxvS2c5dzk4S1R1LWhSa0NKR0pzQmlkTnVPZFNld2s4Zkl6ekl3LTVOckw2Z1JzUUhPQ28zMmZSWU8ya1NaMFlBZg?oc=5,Panamá busca que los operadores de internet compensen a los usuarios cuando se caiga el servicio Infobae
Panamá,Búsqueda CNO (Google News),CNO,N/A,"Acuerdo, Comercial, Panamá, Proyecta, Duplicar",Acuerdo comercial con Panamá proyecta duplicar las exportaciones - Teleamazonas,2026-09-05 18:11,https://news.google.com/rss/articles/CBMitAFBVV95cUxPYmRyX21xVG51akFQeUszQlkzcVN0NEl3ZEhOZG9KbDllN29YeU5SM013MThUUEVlSVJEMDlQQXBRaEdLNElNdEo4dUNPVXpTa3Z2bS1zNExjT0pqZG15OVNKU3N1THBBdDZka3RZazFvQmkzb2I4QVF0bzBHTGc5ck1nb2cxQWU3UGNHc3hvdkh0Z25pXzlTR3lNVndmd1Y3TzFBZzZWdGdZYzhzS2RHS2x0MGE?oc=5,Acuerdo comercial con Panamá proyecta duplicar las exportaciones Teleamazonas
Panamá,Búsqueda CNO (Google News),CNO,N/A,"Panamá, Ecuador, Suma, Proyecto, Interconexión",Ecuador se suma a proyecto de interconexión eléctrica con Panamá y Colombia - La Prensa Panamá,2026-09-05 01:38,https://news.google.com/rss/articles/CBMirAFBVV95cUxQclktWGZBRVBqVWN2ZVc5OXdQQTBmRWkzLUNjMWZIM0JFaWJlbzFnMkdCa2ZVdnlpakhZYjQ4OFNmZm1xOTlTcFoySFJtaWhHLWtrdFdMd2lDbjBkU3BGNkhZLWlWc1ZzS2paTjJxUURRNEhxaXlqblhiOGpKZ0FZQzhKMEZMUkZxdFZQeDV4bzh6dDU2MDZ6TzhkQ3d4anBwWVlfSjF4bERBeFVv?oc=5,Ecuador se suma a proyecto de interconexión eléctrica con Panamá y Colombia La Prensa Panamá
Panamá,Búsqueda Canal de Panamá (Google News),Canal de Panamá,N/A,"Panamá, Reducción, Calado, Canal, Queda",Reducción del calado en el Canal de Panamá queda pospuesta hasta nuevo aviso - La Estrella de Panamá,2026-09-04 22:00,https://news.google.com/rss/articles/CBMixAFBVV95cUxQWHVsMURBQ1VPbGdjRnR1ZHhwUWdkdGFuX0M0MUZ6cEUyanNvWTBBNkJ2MW90eWY3Zmh5cG1Nd2U1VEJkakpteWVCYXY2MmJmLVh6SUVTTFdjOWU2Z3h0elR3ZUhvX1V3eDFBZi1lN1pxbzdQalpFa1VBMUZwZUplYzdNYTB5R3oyczMzUjB6dk5zdlZTejFLWTYxbjhqNFozNGh4eEdXa05EcmRvSHNCMVNZdXlDYnFseVZGM3Z0SlU1dWVh0gHKAUFVX3lxTE1ZQ3BVRFVXNWg4MjZ2TVhQUkFWQkU4djR6ZGtlQTBBODFCTFNGcjFMMUFRcXJZdjVKc05xTDZyZ3hlNU0zaU1kdlY3dWFsVGo5TVdWUDlrVVcwV21xandhUUhSYmtubzhWSzdSdXppS0ZyLWNNak5MQUdKalRLQ0pka0xDTjVEYk1wTjRJcy0wWjhFUkdBVHAwUTI0SXA3SXRZbkczQUsteG1zUy1wV3Y1QkFUZmg1XzE0NUdrUVNPZEZ0ZDlVbWg2NkE?oc=5,Reducción del calado en el Canal de Panamá queda pospuesta hasta nuevo aviso La Estrella de Panamá
Panamá,Búsqueda Canal de Panamá (Google News),Canal de Panamá,N/A,"Canal, Panamá, Pospone, Ajuste, Calado",Canal de Panamá pospone ajuste de calado para buques neopanamax - tvn-2.com,2026-09-04 21:54,https://news.google.com/rss/articles/CBMiogFBVV95cUxPMUZ2YXJGVFdKdng2RFgyTkF2VTNrZ29TcEVicjgwMzJkakxFcTY0TXlncGNwX09SODZ1QVFhTGFRV0s5V3FZNVhTWGdoZjNZSl90dFJWTzluUkY4MFpNR1QySjBOdHQyQ2swb1lDRXVLNEJZM0JKS1hoNmJrY0hWX01pbXBIdnEwa1lXdlJoSk9YVURfRFpyNlF5bjZEZ0pPUGc?oc=5,Canal de Panamá pospone ajuste de calado para buques neopanamax tvn-2.com
Panamá,Búsqueda Canal de Panamá (Google News),Canal de Panamá,N/A,"Inicia, Reducción, Tránsito, Buques, Canal",Inicia reducción de tránsito de buques por el Canal de Panamá afectado por El Niño - Semanario Universidad,2026-09-04 18:49,https://news.google.com/rss/articles/CBMivwFBVV95cUxNeWRZQXFFdzd5WFdXNmlzRXVrQTZiVV9zeHJjaFVad05yQU44WnZDQ0ZSS0FjZldBUUREOHlyVzFJdDVmQU5wYkU2NTZXcEQ3OU44T0M3Y1lvOHJIOGRFR29laFczOU9EVFhWaWMtT0pReVh0bEFwdnA2TkNrZjJ4WnhHUGEybXJrMkliSVlfOER0VUlXUWJaNUlxN0VLbmthMVhBSEZianRhVmh5cE5WQkxzT2ZsMWc2YWdwWU1rdw?oc=5,Inicia reducción de tránsito de buques por el Canal de Panamá afectado por El Niño Semanario Universidad
Panamá,Búsqueda ASEP (Google News),ASEP,N/A,"Panamá, Asep, Refuerza, Fiscalización, Orienta",Panamá | Asep refuerza fiscalización y orienta a comercios sobre venta de equipos IPTV - DPL News,2026-09-04 16:43,https://news.google.com/rss/articles/CBMiqAFBVV95cUxPVEdETlFUZEpNdFpOVmxtenUzUXUwMFVKUHZVeFFwNjV4X1lFMTVqNFphdGhyOHlsV0NjQ251R1BTYUFKcER1QS13czA2c1UyU1hiVlYwYTMzVThTa0Z6UGlDY2xSUGYxUXVXWnBpODJNc20za1JfN1VYbEJDQmQ3VzFjYXRwTXFoZFltLXVBR19IcEpOZ2VIaW9QdkNLeC1aSUxxcEtJNXI?oc=5,Panamá | Asep refuerza fiscalización y orienta a comercios sobre venta de equipos IPTV DPL News
Panamá,Búsqueda CNO (Google News),CNO,N/A,"Acuerdo, Panamá, Ecuador, Recibiría, Emplearía",Acuerdo con Panamá: Ecuador recibiría y emplearía a panameños - expreso.ec,2026-09-04 15:07,https://news.google.com/rss/articles/CBMiqwFBVV95cUxOTXUycEFsaUZyMldqSTBoOGUyZ2FYV1d2eFdBUThxSGpGOHdwZ0VjdVRUN0lfOTVXd0llYzh3alBMbEd0MF82NmpQRk41RVR3c2VZT3pCV0NqVDZYc0Z5NkNXTTJ3TVRid3RwX1ZXTUNMdGpQZm9IYm9uMm94TG9MQ1phMDluT2xMSnBJVU1XNVc4WVdKdTAwOHdNZThUNlBVenExS2w5NlQzdTg?oc=5,Acuerdo con Panamá: Ecuador recibiría y emplearía a panameños expreso.ec
Panamá,Búsqueda CNO (Google News),CNO,N/A,"Gabriela, Uquillas, Acuerdo, Comercial, Panamá",Gabriela Uquillas: “El acuerdo comercial con Panamá se podría cerrar a finales de 2026” - expreso.ec,2026-09-04 11:15,https://news.google.com/rss/articles/CBMiwgFBVV95cUxQVVNGOFNjY25SblNsWXp6LWlUbFlHY3k4NF9MYzdyOUplNS14UmdJb1RSZGxtN1NhR2VHaU1qUEZtOXZZMlhZUG9ZQVBKVm56TFN2QjdLQkRhZkFWUTJOcWp4N3pSZ0J0aVY4MGYzOXVNajNVdWYtQ2NkdlltQmc0X2h0OUFYcjQwVWFxM2p3ajNRY2xNeG1Va0xWM2U4eW16dG9qaUpjSlVwa2UtdVNIZzktSmxHdUlfaTZXZ2tBa2NjZw?oc=5,Gabriela Uquillas: “El acuerdo comercial con Panamá se podría cerrar a finales de 2026” expreso.ec
Panamá,Búsqueda ASEP (Google News),ASEP,N/A,"Respaldan, Medidas, Acceso, Ilegal, Contenidos",Respaldan medidas contra acceso ilegal a contenidos televisivos - www.metrolibre.com,2026-09-04 07:00,https://news.google.com/rss/articles/CBMisgFBVV95cUxQc2w2V3p1Qm5nZS1maHR3OHB0OC1CNWFLWnpET2YyVklXUGI2S3VDZzYyVVRrYXFKVU1memp2QWkxZzdZcmVkZHhYUjlXckV6Y0FEczJzb09tT0FxWVI5UVdTWXAzTlRhZEJGNGwzRjR3WHEwZUVmSWtTYk1Pbi10ZkZOMk82czZ2S1dZOWdMQVRtYlRKSnlmaExmZWo4dmN1RnVhZlR5azdHTC05SER3bFlR?oc=5,Respaldan medidas contra acceso ilegal a contenidos televisivos www.metrolibre.com
Perú,Búsqueda MINEM (Google News),MINEM,N/A,"Minem, Identifica, Proyectos, Mineros, Podrían",Minem identifica 7 proyectos mineros que podrían avanzar este año: ¿cuáles son? - - Dipromin,2026-09-11 03:05,https://news.google.com/rss/articles/CBMiuwFBVV95cUxNbEJIZm83MW5ObXBRb2hQa1k1SW9ud3ZpUi00SlBhMFRjQXUxNURwczIzWXZLV1hNWXVEMFBxRVBlWkVicnZ6ZU5IVlBuRWpZUVpsZXdyQVhzZEJfWVZrTnVNZENzYVhMclFTaDBMd1JQYkRiT1U5Z29PVkZ3UmJvNmV0aWJnWUpScVpaTDhDQnhkam5JeTVNTF9SNnNNS2tZdE9hMDlDTnhMeDg4ay1qMUZmTUJxSmtyUjZB?oc=5,Minem identifica 7 proyectos mineros que podrían avanzar este año: ¿cuáles son? - Dipromin
Perú,Búsqueda MINEM (Google News),MINEM,N/A,"Recibo, Evalúa, Gobierno, Reducir, Impacto",Recibo de luz: Esto evalúa el Gobierno para reducir impacto sobre hogares peruanos - Gestión,2026-09-11 02:29,https://news.google.com/rss/articles/CBMi7AFBVV95cUxQdEw2Nm8tMWNMM3hLZl9FeW9fT0xUZDZlQmQ0VGt1NWdkUHZIbFplX1dnMTV6eWFPa29mWFNHXzNTWFNpRk1iUWw1Wm1OYmFGQTFVczE0cG1XcHo1Q2U0ZWhqcVpLcE0xcVhTNHU3bE8yc0NlcmFPb2lQUGVMSWN6cW1JMENuYXh1ZEJ3Qi1Bb2JZTjNqQ2dyNmlWeWhYUy04bFFRSDZKVzFoU2VtY0VkZW1xbjhya2tJaGJUeWUtcDE5bFQtNmZaNG00dTN3eFhuU00tYThiU3UzYm1KMTlHUTF6alpTYkpQQ3hneQ?oc=5,Recibo de luz: Esto evalúa el Gobierno para reducir impacto sobre hogares peruanos Gestión
Perú,Búsqueda MINEM (Google News),MINEM,N/A,"Ministro, Shinno, Destaca, Potencial, Energético",Ministro Shinno destaca potencial energético del Perú ante Foro APEC - Revista ProActivo,2026-09-11 01:59,https://news.google.com/rss/articles/CBMimgFBVV95cUxON0h6bmlwYXhYRDAxRGU3ZmE5WE1DRkhCdV9RUlFzWUdCUl9md0ZIRndkSkphamM1TkxOZmVYelBNbEZYYkJ6MUp3ZHJzYjFNZUY4WDMzT1Bwd3h6QlVmUUc5XzllTFgza01fb0dYSHZ5LTh1ajBjVG1MVDJzdVdaREdzWjFsTWtTNEJmSlR5eDhuazZHTDIxb3lR?oc=5,Ministro Shinno destaca potencial energético del Perú ante Foro APEC Revista ProActivo
Perú,Búsqueda ProInversión (Google News),ProInversión,N/A,"Proinversión, Petro, Perú, Recupera, Atractivo",Proinversión: Petro-Perú recupera atractivo para la inversión con nuevo directorio y financiamiento internacional - elcomercio.pe,2026-09-10 19:06,https://news.google.com/rss/articles/CBMi-wFBVV95cUxQVE5VR2g1ZDI3cHJfYXFSX2NxOXNtS0E5LV9wZUIySlE4cWE5QkdxV25HMEN3azc3QU10ck9CSDB0N0U0WjdFV3ZJaXNjTG9pUHl6UE5oTnZmazJWR3FqZktkZnVwT183dTdOdHA1ZXUybi1BZU9lZlNUU0RLT0J2c0tRZHluWkRWbS1zX3diQjZmSnVCN2FlVFlqNXptNGpON1liOXlkcWZzQnE3VWxmX0kxc0hydlJkek9lV1pBTmJFZUxXdEZUZ1FsbnktNm5kMzdld2xkLUhNYjc0Tk5CejdOdkc3Sk1vaVQ5NnVDNjFhUU14dmRKbVpVNA?oc=5,Proinversión: Petro-Perú recupera atractivo para la inversión con nuevo directorio y financiamiento internacional elcomercio.pe
Perú,Búsqueda OSINERGMIN (Google News),OSINERGMIN,N/A,"Osinergmin, Acude, Pampilla, Reporte, Derrame",Osinergmin acude a La Pampilla ante reporte de derrame de petróleo - Gestión,2026-09-10 18:01,https://news.google.com/rss/articles/CBMiqAFBVV95cUxQSm95QlItdU9ra1JldEk2aGxkb29LVTYyVzk3LTFRcHhXeXRkM0dqdWtSTjMtekczc3E2Rlc2cDY4a3dTXzhNTG44ZlVnWkh3ano4Y1pJQ0hoZll6V2tmNC1SWDhDQ1EtNzZwWmRYMnVNdlZ1RGMwTnlJdXBnWjhSZlJ4WGFQY2xHd0NlS0dVMExZMGdlMXI2bTNfVlZ3el9meFJhYlRGeVY?oc=5,Osinergmin acude a La Pampilla ante reporte de derrame de petróleo Gestión
Perú,Búsqueda MINEM (Google News),MINEM,N/A,"Gobierno, Perú, Plantea, Política, Nacional",Gobierno de Perú plantea una Política Nacional Minera para impulsar minerales críticos - Gestión,2026-09-10 17:49,https://news.google.com/rss/articles/CBMi8wFBVV95cUxNZ2tpdk55V0NJUFRWV004bXU3NWdkdVJsMzdIcjJXR1drY1dIdHFTUFhWVjZUVjhpa3pmYV9SNndmRUQxT0NHZk9DUmVVX3VMMFdtM1R0WEsxTzBCbkpaZTVpSWJSTFdGaElKelJpaUJWOEpTT0NRem02WVppdGZzLURBUGFfZ2dJVmRsQlhwNExjUGxGNzViUzdYNWFNVEtfUFpTSkhmWnM1ajBFZ0htcmtRWXdnMVl5Z3JlYkNKekY2YlN3aWg4a3Q5SWJRaWNOdlhSLVZlMElOa3Bld05iWEc2VlpqY1ZjWDI2ekxXZnNOMGM?oc=5,Gobierno de Perú plantea una Política Nacional Minera para impulsar minerales críticos Gestión
Perú,Búsqueda MINEM (Google News),MINEM,N/A,"Minem, Proyectos, Mineros, Próximos, Paso","Minem: Los 7 proyectos mineros próximos a dar “paso clave” en este año, ¿cuáles son? - Gestión",2026-09-10 17:31,https://news.google.com/rss/articles/CBMiwgFBVV95cUxOZ3Y0aS1qQVh1VjJJUC1ZZmV5NEpxRkVUb3VpcFlJeEIzdnRmZUNLSFdzYkxLME9jQURkMXJBV2xwVGduN0V4ZDByLW5DZ0VFaFRlV0tRQlBNYU5GUGJ2ajM3cmpNYlVpcWE2Rkt6eWRBY3prU1E3cFFqRHM0UUc0WHRsUnZETlFoTm9JYWN2SzlnYmwxbnJ5UHQySEdtQlF0eS13SE40ZVV6cUV6Z184SkJsZHBBU25ISnMxakJlSXdodw?oc=5,"Minem: Los 7 proyectos mineros próximos a dar “paso clave” en este año, ¿cuáles son? Gestión"
Perú,Búsqueda MINEM (Google News),MINEM,N/A,"Perú, Recaudación, Minera, Supera, Millones",Perú: recaudación minera supera los S 22.700 millones durante el primer semestre de 2026 - Eloriente.com,2026-09-10 17:30,https://news.google.com/rss/articles/CBMirwFBVV95cUxNcVZHU3dxdXpCelJ5Q1l4SEFWZjkwQWU3LXpQQmh0bmNiZU42ZTJ2ZXV5YmNGWldxTE1FRnFIeXc4UGRaVkplaVlDbHcwNkhQYXd6N29vaEJ6SUpVaTZqa1ZEZS1rUGIzSUYtMDlMY0V2VGxjaENLVmRRc3BiYlJIaXI0bUd3OEVEUlNQUG81SmpnZkU5amg5Qk04Ym1QSXNXNFNNZ3dUWGtMMVlrZnZn?oc=5,Perú: recaudación minera supera los S 22.700 millones durante el primer semestre de 2026 Eloriente.com
Perú,Búsqueda MINEM (Google News),MINEM,N/A,"Inversión, Minera, Llegaría, Millones, Estima","Inversión minera llegaría a los US$7.000 millones este 2026, estima el Minem - elcomercio.pe",2026-09-10 17:27,https://news.google.com/rss/articles/CBMiswFBVV95cUxOYkZId1lEcTJocFpBcFctUEFkUlVWdmpOVDg3T0hpY0hMbDk2a0tiTnE1VElEU21Md1JydURvTFk1YTJLaU9idWNhSEVFLVYxd2UtWW9mSWFNZUU2YURrRFN3QVFCbEJTOUNTX0NMS3hCQmRJZ1ctR256cWtPWUtpaU94NE5aMklWTDdqb1BDUW4wZXNoVUE1N2djSTdNTEZmUS00V1REcXdwLXNHanEzbWJOQQ?oc=5,"Inversión minera llegaría a los US$7.000 millones este 2026, estima el Minem elcomercio.pe"
Perú,Búsqueda MINEM (Google News),MINEM,N/A,"Roque, Benavides, Advierte, Avance, Minería",ROQUE BENAVIDES ADVIERTE SOBRE EL AVANCE DE LA MINERÍA ILEGAL EN CAJAMARCA Y PROPONE CREAR UN ORGANISMO SÓLIDO DE FISCALIZACIÓN - RCR Peru,2026-09-10 16:41,https://news.google.com/rss/articles/CBMi5wFBVV95cUxPMTNRb0cxbGd1RGlaOTVUN3FmOENoOXdwWXlZakVzaGFlbUJQczBsTHdvX2xLUFAtYU5tU0ZFY05nUEN6czFhXzlCVUlhTG5XRHZQZVZENkRMOWNNYnVVQU5aUF9pLU5iV1E4c1d6T2dWV0p0ZWpmMmZ6eVY3OGZ4WHJnQWxVTzcwcWVhTjR2cHJTcExNMTRZNDV4dnhwVzlTSUlOckc5S2w5STd0TGZKdm9GOXpuMm13bUNEQkRiY1JXN1pyNElHUkJYQ0NCUzhGSGdjMGlDdjFZajdGbjNPWk9VSkRDcW8?oc=5,ROQUE BENAVIDES ADVIERTE SOBRE EL AVANCE DE LA MINERÍA ILEGAL EN CAJAMARCA Y PROPONE CREAR UN ORGANISMO SÓLIDO DE FISCALIZACIÓN RCR Peru
Perú,Búsqueda OSINERGMIN (Google News),OSINERGMIN,N/A,"Osinergmin, Cuestiona, Adenda, Cálidda, Viviendas",Osinergmin cuestiona adenda de Cálidda: viviendas sin gas garantizado por más de 10 años y US$1.832 millones extra en la tarifa - larepublica.pe,2026-09-10 16:19,https://news.google.com/rss/articles/CBMiiwJBVV95cUxQSzVDUzR3b1NhQ21jRWpfa3FGUnB0X3l1c2lRSEtMSUR3NVJZMG5oa2FEeGVkOXJmbC1nOFpBSWtqSWdwd2pHV2tjRTZJaGFFTlQ0SU1hNkk2V1Rua3JFQnE5bW4xWFFjbTRkeVIzM2hXeTlFcVJMZFpsNDdPOVhVQzRwMVlDdEVzaE9iNHRmTGstQ3UwZ2RpTXY1TlFHWTlmZng1bjJKaUtwcUhHaENCTjQ2czlxR2RBeGNXQnRxQnBDV1VtbnlwZFFsVi1FeTg2a2wxLVBSblItT29LSzQ5T1pUSWYtVUl2MUpXazdxbEVFeE4tdXhaZ3ZIRWxvZ1U0dnZIVFhmaHFneFnSAZACQVVfeXFMT3N2ckUzYWRSMjI2Q3NuSzJDYXVra3lxdG5XWlNYa1NEU1RpOG9HRjl3RmgzSXlLYy1DNG9aWGpyWVZOU0RPd0hjR3YtVnBDckxHSzI0MWZFc3c1c2dmRmM3YVJqLTJVMjI5VU1pYU1KRnN2d0lXN1ZaZW4zMjN0XzF6WGlKVHMwV2V2N3FKVDhHTFFTdHZ6eE52NnBJVXBoSGtQeG1EWTY3cHdlR3hVVmFyVDlqZWg1SnJVTktDbVZCOGtZSDRIcllvR2Q2TFEyUTdTVXdteXdYT2JCX0MxZkJrbFJZdllnVEszNTNEQklkQWI2S3Y0UDI5ekxtMzdlSHhHYXJrU3FDYi1QWkw0OEs?oc=5,Osinergmin cuestiona adenda de Cálidda: viviendas sin gas garantizado por más de 10 años y US$1.832 millones extra en la tarifa larepublica.pe
Perú,Búsqueda MINEM (Google News),MINEM,Electricidad,"Minem, Destraba, Proyecto, Permitirá, Dotar",MINEM DESTRABA PROYECTO QUE PERMITIRÁ DOTAR DE ELECTRICIDAD A LOCALIDADES DE DISTRITO DE MANANTAY (UCAYALI) - RCR Peru,2026-09-10 16:19,https://news.google.com/rss/articles/CBMiygFBVV95cUxQa2dNNWVnNndVWUxJV1JvMExkM1Q2bVYyNkFLZS1aV0RLSjE1QkRjbk9SR3EtQWE0SXBkeGNTMXdHYURtcHRqVG9RWnZCOHJ1RFNzWE5COFl6QzNHRlRPZ0xQeVRLSHI3SnBNaWVyeGZrLVlObG5JZndUaTR2TXY5bl9oLUk2U25KX2RRN0dIa1o1dFl0Tm9DRUozNVE3cG1mZ0htXy1CN010MHJhd1B0RG5GVnVLYmtWVEwxQ3pZQ1U5MWhwMExXVUVB?oc=5,MINEM DESTRABA PROYECTO QUE PERMITIRÁ DOTAR DE ELECTRICIDAD A LOCALIDADES DE DISTRITO DE MANANTAY (UCAYALI) RCR Peru
Perú,Búsqueda ProInversión (Google News),ProInversión,N/A,"Morgan, Citibank, Financian, Millones, Petroperú",JP Morgan y Citibank financian con USD 475 millones a Petroperú con la anuencia de EEUU - Infobae,2026-09-10 16:07,https://news.google.com/rss/articles/CBMixwFBVV95cUxNZjN2RVlZaS11UTJKWWd0SHZkYmxvVl9mYUxqQU9JaDZhTTFkazlsbkNZOTY0S0ZYS001S0R1WGJFcVMtLWlZMlR2WU5rN2VwTG9jRVhLY0FUMmxLQXFiY2doUXNQbEppSHRZajY5VVVlU3UwNlFleU1FSUx5dEh0VjZzTmR2Nm5fNi1VUkpMaktxZEFkRWhjUjZHZE5ta0FrSHNnZXBQRmtLSVRZLUtBMkJPbnVyMFlxT0dSejJkeU5qZU44M1Rz0gHiAUFVX3lxTE84OFBHbEpOc3d2ejR0VkpOSURBX096eHVqZmpEeDA5emNGWVVaNkpkdHhETXUyMUYyUl9HNE56MU1TRkVoWGFVenZLaUQzUEJIc0VZVWEtbnVUaUxWeTQ0RUNnQktmVExoY2Y1OHNuaVlNa2ZGeldrbjhjWFd4Z2NycHpiZDdYekhZTjlxMEstWWU0MnhjUndZdldlQzhhT0puaUNuMU05VFM1VW9nbEowdVNSd2RZYktmQmhzaExEM2J3dmNGZHhsWGNhSEJma2dBOTIxTkxDRmNhdkh0RkVld3c?oc=5,JP Morgan y Citibank financian con USD 475 millones a Petroperú con la anuencia de EEUU Infobae
Perú,Búsqueda MINEM (Google News),MINEM,N/A,"Minem, Fortalecer, Presencia, Estado, Combatir",Minem: hay que fortalecer la presencia del Estado para combatir la minería ilegal - desdeadentro.pe,2026-09-10 15:03,https://news.google.com/rss/articles/CBMiuAFBVV95cUxOWU5JTldfdHA4cHY2eFBNN2NWN2p3RE02ZkRKRnNIYklrM1RnMm5qSkJlSG1OVmp5Yjl0TnBBc294T2Y3XzZmMllNcnhWUHVlazJUNFFOZmdWRDZrSm9hRzBBZDdyZXRTSVZhOHRrVkZSUHY3YnFoRWw3UllPcFY1cHpsQ0o2NHk5cnRLVHRGcjhTUG5tSVlxdXJibUdSMlVPU2ZBcXl6ZzR3Q1B5RVhmU1c3R0phWXZa?oc=5,Minem: hay que fortalecer la presencia del Estado para combatir la minería ilegal desdeadentro.pe
Perú,Búsqueda MINEM (Google News),MINEM,N/A,"Minem, Perú, Impulsan, Capacitación, Minera",MINEM y WIM Perú impulsan capacitación minera en Piura - Revista ProActivo,2026-09-10 14:29,https://news.google.com/rss/articles/CBMihwFBVV95cUxORXJ3dUdoOUxrZjRlRUZNODlIN3dpbUJCR3VvdUdLNUxXc2tiMFNNbU02TTZKUnBkMHRBTlVKMmtTdUgtXzM4SmwzemtiVUd0c0JRNVQ4eGVFWm1QN2ZNOWRodGUtVzJXeXQ2ZDVMaTR2SEhWQ3F3VTJWWTFJdXQzWEpkMzJjdTQ?oc=5,MINEM y WIM Perú impulsan capacitación minera en Piura Revista ProActivo
Perú,Búsqueda Luz del Sur (Google News),Luz del Sur,N/A,"Corte, Lima, Jueves, Sábado, Septiembre",Corte de luz en Lima HOY jueves 10 al sábado 12 de septiembre: distritos afectados y horarios - RPP Noticias,2026-09-10 14:28,https://news.google.com/rss/articles/CBMi0wFBVV95cUxNdUJDV1JyM1NYeFBFQ1AycDRvaDNlS0VLaHBYaWcyTjZPT1NzdHByS3lsZ1ZWLTZkUVBFYnh0RzA1UHNTcjVIZUhKS1Ezei1GVGdHSW83QVhweTNLeFFEY2RzQk9RUllnSG05WHhsUTJUMk1hUjd5WXk0QlJHZHhxX18zVjhVVVdtUTlsQU0wZjdWQnljNUlod0ZXLXdNWklLa21Nbmw2UE14S1RVTWRxaDZsU1RfNS1BekVKOXdzMXFVNGRySFA5MEUtTnFBNmNtQVJv?oc=5,Corte de luz en Lima HOY jueves 10 al sábado 12 de septiembre: distritos afectados y horarios RPP Noticias
Perú,Búsqueda MINEM (Google News),MINEM,N/A,"Expomina, Perú, Keiko, Fujimori, Plantea",EXPOMINA PERÚ: Keiko Fujimori plantea acelerar los US$ 64 mil millones de cartera minera - Revista ProActivo,2026-09-10 13:54,https://news.google.com/rss/articles/CBMisgFBVV95cUxORkZ0M1dUZ0FHZDJGZmtzaHh6SXVWck9TU3pwVndkSlhzVkN0LTRSdHh6LTZGcmRWXzY0WVhWWHRJcGR3OTBjazBYN3QzTG1PVzJnQWhDZVhVWXdRY282UUdwTDdvR2RKZHhYVmJjd3dGbHJyZUV6R0w0RDN1YU5kZmllbUNLeWVybTZUSzY5RGdFWHpIcmhtYUlVTEhsb3ZfNVBpd19wYzNZSHQ2a3IyRTBR?oc=5,EXPOMINA PERÚ: Keiko Fujimori plantea acelerar los US$ 64 mil millones de cartera minera Revista ProActivo
Perú,Búsqueda MINEM (Google News),MINEM,N/A,"Ayacucho, Coppernico, Metals, Perforará, Metros","Ayacucho: Coppernico Metals perforará 5,000 metros en proyecto Sombrero - Rumbo Minero",2026-09-10 11:56,https://news.google.com/rss/articles/CBMimwFBVV95cUxOMVlhcUtPVzVIamRiUm00OTNnRzNvNEZuU1BubE9IaG1yUTF5R3B4UENYaGFGX3lYZ3U4SkwwVzB1Z2IxM3hSQW9uV0UySkdhR2RRenlyQ2hkMm1WVGpFVC1wZXR2U1VIa2ZOX0x2Mm5fT2VZbjdzaG9ialYyWTA1cGsycXd3TkRTWDh4MDdJRm0waTJWZnBjYVVmZw?oc=5,"Ayacucho: Coppernico Metals perforará 5,000 metros en proyecto Sombrero Rumbo Minero"
Perú,Búsqueda OSINERGMIN (Google News),OSINERGMIN,N/A,"Precio, Diésel, Gasolina, Perú, Jueves","Precio del GNV, GLP, diésel y gasolina en Perú para hoy, jueves 10 de septiembre de 2026 - Infobae",2026-09-10 11:43,https://news.google.com/rss/articles/CBMixAFBVV95cUxPZ1E2M01DcVdSOGJpLU5Xak5iRDhua0duZnl4WWZEODVHMUZ3UHhvZ3RDWUVmRUVEQ3ZHOWZNN0NGVjAzREstQ3NyMmNsMUpsbU9VSU5IS1hKak9zaGhIekhnMWRCUFZmRWZmVWV3b1M1Z3pfTGhXRTR0cFM0aWxxRThoNEZYVHFGVzhQeVZqbFR0N2VLNHUtaVZBVklZUV9vcVFIYWRNWlFfa25xa3k0aHlzSXphRTRJLWs1VnpqOXJkczg20gHfAUFVX3lxTE9PUnZsbFpmZnhudmRvQ21UYVBuSHV0dktuYTNTTWdyS1ROeE1UcW1GRTVadG9fWk5IYjk4ZzdaaGpzSGJnN0hRV3BNeUtGVldVVGJ1WDhYcUpLcllHUHlHQndsQWx2X3VJRDZzM0JNTHk5dFhzTEcwcHZDeC1OTDJfZGRUM2tpT0pNVWw2Y0RfS09MOVQtNlFzTXRSVDNESFh4ckVMbHQxWGpKV0NwNWJCeHB6dEpzRW8tNUIyVjI0cUxiQ3FrenlPck5yaDRpSE41UGtEcnYxNWI5dzNhT0k?oc=5,"Precio del GNV, GLP, diésel y gasolina en Perú para hoy, jueves 10 de septiembre de 2026 Infobae"
Perú,Búsqueda MINEM (Google News),MINEM,N/A,"Inversión, Minera, Llegaría, Millones, Estima","Inversión minera llegaría a los US$7.000 millones este 2026, estima el Minem - elcomercio.pe",2026-09-10 11:00,https://news.google.com/rss/articles/CBMixwFBVV95cUxQUGRFRHp3UUFrZnFRbG0wYmdKQ3VRZG1EWGdQMElOOVgwbUtSdDBXcDZuRXltQWs1WDF5QTJDd0ZyQnBWM2pmblZYU3lJWWx4WXFQWGtqR1Q2OF9nNkFRTmJGRXdYYVFLZ21Scmo0MXVZSHBlUXVjSGQxYU1JbFpSWEhHQkVDRmNCSmRHTXpxWVpkN2hFS1dPOUIwNHJrTFRlaVRZQXQ3Y0JaN3FaRlVHT3dZUzJ5c0pzdlB4RVd3RTFMMi1jeEZV?oc=5,"Inversión minera llegaría a los US$7.000 millones este 2026, estima el Minem elcomercio.pe"
Perú,Búsqueda ProInversión (Google News),ProInversión,N/A,"Proinversión, Capacita, Actores, Regionales, Inversiones",ProInversión capacita a actores regionales para que inversiones no se detengan en 2027 - Agencia Andina,2026-09-10 04:18,https://news.google.com/rss/articles/CBMixAFBVV95cUxOeDVaNEQwX3N4bmNoRmJoc0JaTi1XeHp1VHNQb3hyc1dKY2FhZTk0bHhfcWsxNDU0dkFyQjd5SWRHRmFvNzNiZ1g0dm9zVmxOSjI5YTlRZ2I5c01FZnNNaUpvQ1NGd0NQeFozMXc4bGk4ZmU4NUo5SzdGbXpJdjV3Wml4WkptcllJWTJxRFBSalc5bmhTLXY2QS1IaGE5LVN0NVpiaUhPY1lIWmo4a0FBdm4tOG5CbWdmWC1EWWtxbm5xbk5o?oc=5,ProInversión capacita a actores regionales para que inversiones no se detengan en 2027 Agencia Andina
Perú,Búsqueda OSINERGMIN (Google News),OSINERGMIN,N/A,"Reportan, Nuevo, Derrame, Petróleo, Instalaciones",Reportan nuevo derrame de petróleo en instalaciones de Repsol en La Pampilla - Infobae,2026-09-10 01:31,https://news.google.com/rss/articles/CBMiuAFBVV95cUxNOHR1VmF2clltd2VsblMwLURUZ3Q4MUJYalg0ZTdTM1pXVU1OYk1EclRPZ21qS1VZZUFONm43cjRDa0JrYThONVlobFl3NDhzT1BTVlB6N1NrTHcyNEhkNF93UC1ad0VnN3ZwRGdfU0Zva1JCTC0wT1BCSnFoN0U2UWRkclRuaVg1ZUdIRTZ0a3puWl9nZF9PS000ckpCSzJ2ZWctVUNJQ3d3aExvbW1FajB6TXhkSVdC0gHTAUFVX3lxTE1MNDBkWW1HN3ExWFRBc2g4eGdxdlNlM2RzdWNvell2ZU5nZUpLRE5jcEVidm1EMnZwOU9ldVk4bUNROE4zQ1UzQjZUb0g1TGtZTG5NUVFOeko5NEdhVFhsU0l1ZHk2U3U5R1piMF9ZeWdHYlB0VlBYdkJuXzl4RS1KUEFaV1BvQzZXTV9ySkM4aHdYbzI0WUR5WlZpTnB0V3RjY0ZJRXZUYXlNV2J3V0pmUGRhU1owbU9uS3NyVWJnWmlxYjFpVHR5cTRHbVdhalMxM2s?oc=5,Reportan nuevo derrame de petróleo en instalaciones de Repsol en La Pampilla Infobae
Perú,Búsqueda ProInversión (Google News),ProInversión,N/A,"Alfredo, Thorne, Critica, Acción, Ejecutivo","Alfredo Thorne critica acción del Ejecutivo para mantener operativo a Petroperú sin tocar fondos públicos: ""Es deuda pública"" - Caretas",2026-09-09 23:32,https://news.google.com/rss/articles/CBMi5gFBVV95cUxOV0FMQW5NdmhWa0NOY0l3LVVHWklOZ3U2TW5Fb2p2TjU1NUYzRzJJbDRVRGh3Qk82YUFjOVh5aWZzemZZLUdOUVhBMF9NNFdva20ybXRsT1NfRVlRYlpjNFRwaHQ4Z1gyMUI0OUFnM1BCaHRTd2dEZW8zaXl3VGtkVkF0QUlsVjhkd0dWcHhVV0FPcnU2YXlJdzU3bWJtOS1QWUdZT3FQX0R0dHJ5SkNoMVlNc1VSVU12MzcyZ1VGeXZmUVpMS2hfbnlUcm5kUkZDcFFKY2N4WkQ5cTQ3aDZrX3UtMnBVZw?oc=5,"Alfredo Thorne critica acción del Ejecutivo para mantener operativo a Petroperú sin tocar fondos públicos: ""Es deuda pública"" Caretas"
Perú,Búsqueda MINEM (Google News),MINEM,Energía,"Minem, Brindará, Orientación, Técnica, Acceso",MINEM brindará orientación técnica y acceso a información minera en Expomina Perú 2026 - Revista Minería & Energía,2026-09-09 22:20,https://news.google.com/rss/articles/CBMitAFBVV95cUxPanJDNkpWZzlXRVZCY29wTmFjNDdJbGV1N3NmUWdwYzRvdU55UTM3aU56TG5WTk1VdjhUVlhQOEgzS1Bqc2ZtSE1QdFZackZfRlFPdzI0SkxLT0liRW5kRklJNzB1Z21qVjNWcmp4WWVMR2tKWk1vRTFCeXZ6OEt3MzhpN1pxZWpETVY3eVU2QWVpMFdCeXRVZmNGOFlSSVFiS1B2eUZyeXRiUWhMbG1WTWJoSEw?oc=5,MINEM brindará orientación técnica y acceso a información minera en Expomina Perú 2026 Revista Minería & Energía
Perú,Búsqueda Luz del Sur (Google News),Luz del Sur,N/A,"Alerta, Riesgo, Eléctrico, Instalación, Propaganda",Alerta sobre riesgo eléctrico por instalación de propaganda electoral en postes - TVPerú,2026-09-09 21:23,https://news.google.com/rss/articles/CBMivwFBVV95cUxQYk81SjRicW1CbU91VHJNZURQXzhXWDEwaGN6U05JNUhqVW9LTmhyclJsNlJZVW5oanlOZVJJWFpPLWNfamlNRnlZVzEwb3ZodlhRZ1ZqOXktNjVOQ1NmWXk2QlNMcXB6b1U1MTlGRTJIT0FVbWtENnVta2phYVJDbURFaXZFemJTX2pOZHBIQVlKb3VwZ2tXWmFibjZvRmk5T2RGYnlEUzRCbGdtb2ViMGxSZmtHVWNHdmNHOWRPMA?oc=5,Alerta sobre riesgo eléctrico por instalación de propaganda electoral en postes TVPerú
Perú,Búsqueda OSINERGMIN (Google News),OSINERGMIN,N/A,"Cálidda, Osinergmin, Advierte, Beneficios, Millones",Cálidda: Osinergmin advierte beneficios por USD 1.832 millones y sobrecostos sin control en ampliación de concesión a colombiana - Infobae,2026-09-09 19:05,https://news.google.com/rss/articles/CBMilgJBVV95cUxQU0hMYm5YeVRqa182Z18xWnZINTRuQmlybkl6QWM3SjVTcVd3OGQtalFLZmpPY0p2TjBmV0JqRE5YVGY3MkR5M2NuYXpWdUY0cW1fUzlwLVRHN21pYjlZUXViVk9lMUZYQ01fdmNlRG9SU0JSWHUwd2NWa0YwT3Zva19FblBQY3doTk9TbjdtRzVZYkMySmJ1dWhER2hZeHdBLTFSVDRXb3BpbmNKaEF2THVHcEVnMlZFUzBvQzFZN1o1Y2hnV0J3VmYtYTZiVGNOM3Fnb3dJY0JCa0xXa2hKNFVWb1JKTHF2LU53OVczUmprTzRqSjlwbWdubE8tOHdSemYzVDRyNTZWbVQ5VXc3a0l5d19OQdIBlgJBVV95cUxQU0hMYm5YeVRqa182Z18xWnZINTRuQmlybkl6QWM3SjVTcVd3OGQtalFLZmpPY0p2TjBmV0JqRE5YVGY3MkR5M2NuYXpWdUY0cW1fUzlwLVRHN21pYjlZUXViVk9lMUZYQ01fdmNlRG9SU0JSWHUwd2NWa0YwT3Zva19FblBQY3doTk9TbjdtRzVZYkMySmJ1dWhER2hZeHdBLTFSVDRXb3BpbmNKaEF2THVHcEVnMlZFUzBvQzFZN1o1Y2hnV0J3VmYtYTZiVGNOM3Fnb3dJY0JCa0xXa2hKNFVWb1JKTHF2LU53OVczUmprTzRqSjlwbWdubE8tOHdSemYzVDRyNTZWbVQ5VXc3a0l5d19OQQ?oc=5,Cálidda: Osinergmin advierte beneficios por USD 1.832 millones y sobrecostos sin control en ampliación de concesión a colombiana Infobae
Perú,Búsqueda ProInversión (Google News),ProInversión,N/A,"Petroperú, Recibe, Millones, Banca, Internacional",Petroperú recibe US$475 millones de banca internacional en nueva etapa de reorganización - CanalB.pe,2026-09-09 16:36,https://news.google.com/rss/articles/CBMiwAFBVV95cUxPM2JZOXpBYWRDYmZVQ1E2dkNIZTBKYnVmVWZfdnRmRnFnLVJybEdteFJSeWdoNHR5MkZUdFZQZmU4MVB5OTA2blFaaUN2Ymw3QUoya3RLa1hwUnV0R1l5Vlh3YmdTamVqQko5SS1ueE83eVNTSlZud1l0X2U4dW1iVk56RDFncGdlZnR6OEN1UkN1UFJCT0ZOWDFzU25FMUdPOE5Fd1Z6VU9MbTlqUTF4YXhmV29rT2tuTl9NZkNuNW8?oc=5,Petroperú recibe US$475 millones de banca internacional en nueva etapa de reorganización CanalB.pe
Perú,Búsqueda MINEM (Google News),MINEM,N/A,"Perú, Promociona, Japón, Destino, Inversiones",El Perú se promociona en Japón como destino de inversiones - desdeadentro.pe,2026-09-09 14:31,https://news.google.com/rss/articles/CBMimwFBVV95cUxNcHJ5UXNJaFlTMGJEbGNRbDBUSjR4WGxQcXp1czBrZXpXLWltcW5pTXZXangzOFMxLUZMS3N1ektqVVNEUXBnRkRKNXhNSnRsMmx4eXJlOFJUbFgtV2puaGg3VHZOZE1CYV9CSTJSVWRwMWtTdnBLMnEtYmU1S2NlU1RyblpVMUplX3dmNk56TmdfVmp3bWxFRHJUWQ?oc=5,El Perú se promociona en Japón como destino de inversiones desdeadentro.pe
Perú,Búsqueda ProInversión (Google News),ProInversión,N/A,"Petroperú, Recibió, Primeros, Millones, Crédito",Petroperú recibió los primeros US$475 millones de crédito para mantener sus operaciones - Forbes Perú,2026-09-09 13:53,https://news.google.com/rss/articles/CBMi0gFBVV95cUxONklzX1IyQWdoYV9zUWNTTUFGSlExaXNaWUQtQ1ZUdnVaem0xZ2RMbnQtaXpFel9jd0JRT2poa3JCeFZyYWJvdmMxY2RDUHNqTUMzZXZFSUNjNHU5YkVJQzgxcTRZS2ZYMlliWkFCYjdYS0dXVUNwMTk1emgtV1lHQVJhSkRWODEyWDhETnc4RXdGSXpLNGpXSko1NFoyczRJemJJeDk0enJPYnhMcElBSWFTYlRhMVBvSWFQNFJkZ0syN1RFY3JTUy1XNk1VeF95VFE?oc=5,Petroperú recibió los primeros US$475 millones de crédito para mantener sus operaciones Forbes Perú
Perú,Búsqueda ProInversión (Google News),ProInversión,N/A,"Proinversión, Petroperú, Recupera, Atractivo, Inversión",PROINVERSIÓN: Petroperú recupera atractivo para la inversión con nuevo Directorio y financiamiento internacional - BNamericas,2026-09-09 12:42,https://news.google.com/rss/articles/CBMi5AFBVV95cUxOenFpSC1TMG9xWmE4TGV6bGUtRTZwbldFclE2eXExMGhtek1iRUljLTlqWUw1T2lENGF1Y1NySXlpaDRSY28xdWtibnptU2gzUDM3MHQtSHBaVDVZek1BYWtnODAtdFlfeHZ5MzZzU2d0RGxPeF9TUGlsREZoa0dJVmRkVjJ3N0xsUW5jNEpoNkxHRXpOd25KQ2RQbHd3eGRuSEkxYUMwZzBBU01PSzdMWUhfeFR3R2hqR3Y3R3ktbXdqcS1xSXN6c3p3blBjWkhLMkZKZ1BqNmFlcGg1VEx0bldudXM?oc=5,PROINVERSIÓN: Petroperú recupera atractivo para la inversión con nuevo Directorio y financiamiento internacional BNamericas
Perú,Búsqueda ProInversión (Google News),ProInversión,N/A,"Torre, Trecca, Paso, Chilena, Salfacorp","Torre Trecca, a un paso de ver la luz: chilena SalfaCorp reforzará columnas tras 15 años del complejo de EsSalud - Infobae",2026-09-09 12:42,https://news.google.com/rss/articles/CBMi5gFBVV95cUxQcVdnb2R6SS00bVNNb3V3NlE3SVQyeTNNRHNYTkZrSjdaQkx6WTlia0JZYVFBemxzRkI0MVRUV3p0UDF3M0ZEdDRnVG1Xb3hYSURIMUhYTlYzTVAwZEZTSXJNcEdvVXdENU5DTDlUZXR0ejBVb096b1EwSmpyYnVEYkdNMVNTMEJYNHpqS0NlUW5OTG1uWmxkZmRxUXFTc2x6R3pkRlJGa3p6VmtpU2daNTdpaElWZDdpSm5ITHVSRmZ5MDh0Q043S0RabVQzaFhqRHUyTHh1Sm4zMUhaWXBnb2RnMkc1UdIBgAJBVV95cUxPZ2FaeG9zQ0xfcmxfQnFtOUVoYXVZakFvV1N1YTlkWjh2OFMxOGtmWTlIMWVIWkxMVlU2NkNJMTZzOGhQd3pFZ2d0b3EzQTllSG9rSkVzcXNNZ290NW1OdVB6bE00ZlVKdHFrQ1pwWDdIdXd1QkRoNmFZRVJDTElySlJtdU5tek9GZkhjQXhyM05GTUJBdkI5S0U3cTEtRDRsem1WUUxxVGdCU2pCOW4taXFZcFNEcVc3YXZfTnRNejdMdUthbWYzczVrR0pTaml4MEJYdGsySHluZHBUNG1MSS1iNlNtZnBTbFNUeWlWdUpIYnpyaG1LOGlNdDBhVDNT?oc=5,"Torre Trecca, a un paso de ver la luz: chilena SalfaCorp reforzará columnas tras 15 años del complejo de EsSalud Infobae"
Perú,Búsqueda MINEM (Google News),MINEM,N/A,"Perú, Busca, Atraer, Inversión, Japonesa",Perú busca atraer inversión japonesa para minería y energías limpias - Eloriente.com,2026-09-09 12:19,https://news.google.com/rss/articles/CBMirgFBVV95cUxPdHZNSk5jUGYtZTdyOW9pU19sUTFuWE5Wcm1yeEQ2SndKOGhxTzJOdUJCQkQ5SUtFM2h3ejJ4Y2MzRXpzdE1VZHlqWERaYzR5ekh1SGU1S1E2bmVCODhEU3hzVGFDbkgzbVB2RUJ4V211eDVzNk9fb2FzZG1jWHlodGR2dkhsb3pvaVU5bXZibkViNC1PQmdfcDBTT2dwUjVMQUFqTHc4MmNrSnA5MFE?oc=5,Perú busca atraer inversión japonesa para minería y energías limpias Eloriente.com
Perú,Búsqueda ProInversión (Google News),ProInversión,N/A,"Proinversión, Torre, Trecca, Nuevo, Paso",ProInversión: Torre Trecca da nuevo paso para iniciar su transformación - Agencia Andina,2026-09-09 09:46,https://news.google.com/rss/articles/CBMiuAFBVV95cUxPVFI3WTV3bWZlYjh6c1NwY202WWNsUW5zYWZ2aGNSSzVpNnBNeXA2TTBtZ1p2VG4tWnFpS21Fc2kxcmJsZm41THB0aFRqemRYVmVIRHJWZjNKenI0M25SaXI0dGE0WEExcHRoZ09hajVxcGJEdkNYeTYzNmEyVWlGcHJkLXpmOS1IeWVaclg3SFBxSVRtRHBnZ0E0d0hSLUw2Y2VKNlFISkVsOERjcVY2eWFRc2JTWVdQ?oc=5,ProInversión: Torre Trecca da nuevo paso para iniciar su transformación Agencia Andina
Perú,Búsqueda MINEM (Google News),MINEM,N/A,"Minem, Impulsó, Consenso, Acuerdos, Comunidad",Minem impulsó consenso y acuerdos entre comunidad nativa Carpintero-Kirigueti y Pluspetrol - Agencia Andina,2026-09-09 06:44,https://news.google.com/rss/articles/CBMi0gFBVV95cUxOVVVsS3VrQzJzM2Y1S2JyNi12R1lCWnBWZVV5TUtlLWhrWDNvbmh1Vk0wbnFWZkRpUktrbGlScGd5NTZEY1RmRl9YZ1BFdkhJZ0lfVmtmUUNnZEtKd29MOUQ3YmV0bGtKallZaE80Z1RxN0lqMUhsRUR6UEY3dFFZVDQ3c3UzcHl1d013aDVKVkRkUDlzeXM5SzdId2pDRUxOUkdVMk01NUxpNGV1U19MaDM3RFB4RlBJS0dVaGxxd25CZVBjNkU1NUNZU21lSTdHaGc?oc=5,Minem impulsó consenso y acuerdos entre comunidad nativa Carpintero-Kirigueti y Pluspetrol Agencia Andina
Perú,Búsqueda MINEM (Google News),MINEM,N/A,"Estudiantes, Egresados, Puno, Fortalecen, Conocimientos",Estudiantes y egresados de Puno fortalecen conocimientos de minería moderna y responsable - Agencia Andina,2026-09-09 06:04,https://news.google.com/rss/articles/CBMiygFBVV95cUxPX0RTaXp0Vk5hWWdVZVN4X3RCY1RSTlVMRFA2QU82QkhEZEIxbjY3Zms1Ujlxa0lqVGxPTEN4U25KUl84V3k0VFREeXE5alJIc0RUVVFMeDJXYXBVNGRheE9FUEJrTzNfMGlTNjBpbTlSRUlXanlUMVY3YzhXY0h0U3QwSDFmeklXekdNdC1sOGgzOGV3dVF1a0J1bUFIaGFaNHNWYzB1bTAyekNiVG1HMGlJZDJvMUNhNDNVMldGVjVhNkUwR0Nvb0V3?oc=5,Estudiantes y egresados de Puno fortalecen conocimientos de minería moderna y responsable Agencia Andina
Perú,Búsqueda MINEM (Google News),MINEM,N/A,"Minem, Plantea, Cortar, Suministro, Diésel",Minem plantea cortar suministro de diésel para “asfixiar” operaciones de minería ilegal - Rumbo Minero,2026-09-09 03:58,https://news.google.com/rss/articles/CBMiwwFBVV95cUxPX2IyZW03T1FTUzlrbjBnS01uaHltUEZ6WVhkb0RwNDRfbGl4RVhaaUlXMTRaV3BkazhpS1ZxbmdqdVVHY0RWRTk0clJKdURId0ZiTG1iRlRMLUEwYlVSXzFEdzVLak1aQUhyM0p4MndiVnBHbm9pdlcxdTgtLU5pcU5Wb19faVBCdDVVdGIyMDhkZWxpVlNIWnRzMGtRYmtabUlCV3p3Z0ZoeVBFN3V1U3hUMjcxcGJOMDgxZXRBLVR5RTg?oc=5,Minem plantea cortar suministro de diésel para “asfixiar” operaciones de minería ilegal Rumbo Minero
Perú,Búsqueda Luz del Sur (Google News),Luz del Sur,N/A,"Advierten, Riesgos, Instalación, Indebida, Letreros",Advierten sobre riesgos por instalación indebida de letreros cerca de redes eléctricas - Agencia Andina,2026-09-09 03:57,https://news.google.com/rss/articles/CBMiwAFBVV95cUxNTGVwZjBHN0xmUVR3UlVYTlhBaWI0N0hHNmpTM1JLMzVoLW5BUUFIeXA0NnBKN0lza1RrOVV2bW9tQ2Noa29yY0tzUDB4aW5XUmRCbjJLWWctSXBNMnlnWWxpX29fTlRuQk14Z3Z3VTdzQVVHNklpVGpUbmsyZ2oyTFVzblZ2NEtiZmk5MEVEY3loMnBJamxkbnB6ekYzVEI2RUp5WkxGdmhZdDhWTWVzTUs4UExyYjNuM3MwWXFqc2M?oc=5,Advierten sobre riesgos por instalación indebida de letreros cerca de redes eléctricas Agencia Andina
Perú,Búsqueda Luz del Sur (Google News),Luz del Sur,N/A,"Carteles, Paneles, Banderolas, Propaganda, Electoral","Carteles, paneles y banderolas de propaganda electoral colgados en postes y cables eléctricos pueden provocar descargas y cortes de luz - Infobae",2026-09-09 03:55,https://news.google.com/rss/articles/CBMihgJBVV95cUxNdzRMVEk2enM3R2ZQNlVBdGwxQjE5STZoOTYycjBlVXhDT081RExSS0RKTnNoNktNVEJHdk01MC1vUXM1d3BlQnJGdG9pNzEyVDNjWlYtNHQyQ2FvM2twU2RWb0VtY1lFR19vazhpd0lpaThuS0lic2ZtYkNkaDJtVHV1TXNrenMwbUZGbC15UXlBUDlaa3VBYUxRbGJVRGZmLUU5d09wM3g0bC1sZmpmSTUtbmhkQWQyM1FkZzNvTk5nUlZzTExlNVhQc0Z1cTduUXV4dmt2QW9IOHJIclRRSVhNcF9Qb0w2TjdrS3EwdThSazd3VUN6X1AtSGJPZEtjb3NPU1Z30gGgAkFVX3lxTE11OC1JdUlodmpXN184bFBIcFpnRjVaSGJVamt3bE1tcWZnbk0zQlllaEFPQ0ItcGJOTFBmS0swZWk2MzFUMWZMVzZQblB5MHFiQ3lJNGE1UjVLSEtXYjNaSkpHSUVtV3hXejNLMHM5Ny1IeEpnUHdYZERFN1ZsOEU3anJwOEpRNGJ4UGgwUTNlVDlPTU1ueTUxdHBaczlKbXRSWENrUTBiSkE0ZlhMb0pUM2hxclZBd3dqMEZwVURBUVRXQk5VTXYxOWJJbXRVOHZVSVIwbUFpTWZjUURNdzhJaHZqOWtlTnlkLUFoT2tsaGg3Y214UnE2cnRQRjVKZk9FM1VTYkRveWZVT1hVVXhKVkFtMTJ2VzlONDU1VDNIZw?oc=5,"Carteles, paneles y banderolas de propaganda electoral colgados en postes y cables eléctricos pueden provocar descargas y cortes de luz Infobae"
Perú,Búsqueda ProInversión (Google News),ProInversión,N/A,"Acelera, Inversiones, Millones, Revista, Construir","OxI acelera inversiones por S/ 7,737 millones - Revista Construir",2026-09-09 02:13,https://news.google.com/rss/articles/CBMieEFVX3lxTFBsbUhwSDFmQzFCZ1YtLXpobE5EYUlWV0xxWkJVWkpLQkg4WTZpYkpTaGtNQjhOSXVsTjF2S3l5X1AyUWNfSHlhYXNXOHFOdUYwSXlKd2tHcTFLSC0wVnNyMDlXLWVQU3N6MWZoSzB1OXg4RTZad2NwNQ?oc=5,"OxI acelera inversiones por S/ 7,737 millones Revista Construir"
Perú,Búsqueda ProInversión (Google News),ProInversión,N/A,"Petroperú, Recibirá, Primeros, Millones, Rescate",Petroperú recibirá los primeros US$475 millones de rescate - Perú 21,2026-09-09 00:19,https://news.google.com/rss/articles/CBMijgFBVV95cUxPQlEydHN1dGdFLTREU1NPWVJMSjJBYXBtZmdMcHFna0syeVUwbXVNaDAwSVVhanFQcmFCR25KR0prOV9xN2JMYzhtZHBUcC1YbmRfQmY4VlJyN3gzY2YtVzlKNnEwWmFmUy1kM1ZPQXIxNUVIUjJHcmVTeFdWQ1JYN2JkLTZXdWw4Unk0Q0t3?oc=5,Petroperú recibirá los primeros US$475 millones de rescate Perú 21
Perú,Búsqueda MINEM (Google News),MINEM,N/A,"Alianza, Estratégica, Perú, Japón, Impulsarán",Alianza estratégica: Perú y Japón impulsarán inversiones y cooperación técnica en el sector minero - Exitosa Noticias,2026-09-08 23:24,https://news.google.com/rss/articles/CBMi0wFBVV95cUxQc3lzSWhZZGtvd1F3TTI3aUtxLXpseno5cmhJV2tfQmVlck1aZ19XQU1QZXVMdmFMOVdHcTFZcFNEcl9kVm5WUzJIQWU3S0lWUmJGUWd1dENrTVZCSHZLYmZkc0o2WURSVkVXRS1wei1TS01DU1JKbTk0WGRBbnBIbW9LUWNxZEJTaEozR3EtcmFxTmw2dUFQUThjU2MySVZzem0xeV9JRXNQZnVmOEYxUHdCY3VDSXk4dFhmWDhzekRlbGwyTzFHc29ZRmt0Nk45WHVF?oc=5,Alianza estratégica: Perú y Japón impulsarán inversiones y cooperación técnica en el sector minero Exitosa Noticias
Perú,Búsqueda MINEM (Google News),MINEM,N/A,"Minem, Brindará, Orientación, Técnica, Acceso",Minem brindará orientación técnica y acceso a información minera en Expomina Perú 2026 - Rumbo Minero,2026-09-08 23:00,https://news.google.com/rss/articles/CBMihAFBVV95cUxOSzhGVjdmeDhLSldyanFuQW9MbTBQeFVUdGt4ODBUNHI3M3E5X2thSUVLYmRRQ1p0c3ZTd2pQY1NBM2l6N3NKWUg0bk8tM09oelJxTGVOLUVja0RQQzVXekdrNGNwRzF1b3FXb0VCLXFHallFNGpOV1hZVTlnWnVNWFlHUks?oc=5,Minem brindará orientación técnica y acceso a información minera en Expomina Perú 2026 Rumbo Minero
Perú,Búsqueda MINEM (Google News),MINEM,N/A,"Minem, Propone, Japón, Plan, Trabajo",Minem propone a Japón plan de trabajo de tres años para impulsar proyectos de inversión y cooperación - elcomercio.pe,2026-09-08 22:24,https://news.google.com/rss/articles/CBMi4wFBVV95cUxNOWZzYzRSeUtmdEdwUTFPNDlOUzlMQno0dWt5OUVWUzNJOTVfNHFtZGJXQmc5TnFVcTJwNHVHSnV1S0tfcmlKQlFzVjNGLVJmdncwbHRhbHRrVjR4bGx4SS1EZHpnXzJpLVZ2VWxjeVYxVVpRWWxVVWdweDZnZktXdEtxMWZKT0IxSF9tTWhxRUFyYjN0LXl6bk51eHRBZE9saVI3QmljdzcwNHZ6OVBiRHdwRVVGQUFkeGFzSWFfeHd3LXA5NjJPOE9SandzVWZwRzVqZU5tS2tOcEhMb3hMX0tKaw?oc=5,Minem propone a Japón plan de trabajo de tres años para impulsar proyectos de inversión y cooperación elcomercio.pe
Perú,Búsqueda ProInversión (Google News),ProInversión,N/A,"Proinversión, Obras, Impuestos, Impulsa, Millones",PROINVERSIÓN: Obras por Impuestos impulsa más de S/7 000 millones en inversiones en 2026 - Peru Construye,2026-09-08 22:01,https://news.google.com/rss/articles/CBMipgFBVV95cUxQVHV6d0d5MHQtZFA1akVlZnNKTWlud0pESHZhekJDN05PVHBoNjRRRHRDdWF3U1VhdklzQmVLM08wNU9jTm1DMm9Nc05adDdRdTN6aWVKMjJyQ0laSTE1bWQxeFZZVl95a3JaSHhyV0Qxa1ZLRHdLUnJscEtEanY4OTBkeGc1ZWdHTlY3ODRhVHhsdmx2SHBBYzZTSFh4QWs2bEJtWUZR?oc=5,PROINVERSIÓN: Obras por Impuestos impulsa más de S/7 000 millones en inversiones en 2026 Peru Construye
Perú,Búsqueda MINEM (Google News),MINEM,N/A,"Minem, Facilita, Diálogo, Comunidad, Carpintero",MINEM facilita diálogo entre comunidad Carpintero-Kirigueti y Pluspetrol - Minart | Portal de Noticias ✓,2026-09-08 19:25,https://news.google.com/rss/articles/CBMipAFBVV95cUxOUzh6aEdDeXotWjZ0TFhwcUdZTTZqcDVRc2dWLVJMSWlHWHdGeVdaZ2s0V3lwaWthbHBUZHBlem1HaHFIYWhha1lvOHVnTExfN0xaQlV3U29BRjg2UEo4QVRFcVY0SUVFNlBiOW1tZmNzZzYyakNxYlpyWFlwU2F2RV9MQ1BidEQyN2NIM01wSjVLOUlDLUZYRFhZN3IzZ1g4RFpjWg?oc=5,MINEM facilita diálogo entre comunidad Carpintero-Kirigueti y Pluspetrol Minart | Portal de Noticias ✓
Perú,Búsqueda ProInversión (Google News),ProInversión,N/A,"Proinversión, Plantea, Continuar, Proyecto, Planta",ProInversión plantea continuar proyecto de Planta de Tratamiento de Aguas de Trujillo - Gato Encerrado,2026-09-08 18:46,https://news.google.com/rss/articles/CBMitwFBVV95cUxPYzk4akxZSHNjTUVvY1pwbVRtVzUxWlJLQVJOb1BQc2Q2blhsRUExYmxOX0NRTXAwVWI0NTZjQm85WjZlQnNhaHlHdHlXbkVpWmRVdlRsLVJrNURJbmEyTjBJdEhsVXRnQnd3NHBXLWk4TzNQdEpibzhIS2RzMGJObjUtcGEyQ1ZFdHowN0VjYWhLUWtxMW1zMkpJbWxMeU5tWWNpc29FenFyaGFfWjRRNlhleU5Oc2c?oc=5,ProInversión plantea continuar proyecto de Planta de Tratamiento de Aguas de Trujillo Gato Encerrado
Perú,Búsqueda ProInversión (Google News),ProInversión,N/A,"Obras, Impuestos, Supera, Millones, Inversiones","Obras por Impuestos supera S/ 7,700 millones en inversiones y alcanza 594 intervenciones en 2026 - Revista ProActivo",2026-09-08 16:38,https://news.google.com/rss/articles/CBMivAFBVV95cUxOcmNObngySFhpRk1LNlI4SFYtb3hfTHNSZl9OdFdIbFJfaTNYSGRuRm43SUFBU0JsdW9WSU9UQ2NWb1ZMOUcwM1BUVjBVZUJGWVBDLWJRMlQyel9EdEdnWEpDUktxTWRPeFItSmhSN29NYmV4RGxRN25lRmJvUlFPUEVxTG5jYUc2SHUxZWtzSlJzV09KYWs5ZGYtOWY4NEh5WmlrMXVhQmJ6b0FOUDRTekhGbFc3WnZXbGRUOQ?oc=5,"Obras por Impuestos supera S/ 7,700 millones en inversiones y alcanza 594 intervenciones en 2026 Revista ProActivo"
Perú,Búsqueda MINEM (Google News),MINEM,N/A,"Minem, Capacita, Estudiantes, Egresados, Puno",Minem capacita a más de 180 estudiantes y egresados de Puno en minería moderna y responsable - Rumbo Minero,2026-09-08 16:27,https://news.google.com/rss/articles/CBMiowFBVV95cUxOYXZiUmdMTEJ5Rk5kOHJTZ2RHUHIzdmdxRW5jeXRUWVk5SmRGRVA0S2RBZDJ4ejg2LVdYVjcyMGI4cF9VaW51RzVzN1Atd3N0VzdNejlPRTJObGFTV3JwU1VhN2MzOGgtWWlmSmZaTXpvbnRaX0tVS3c3UG9aenRyUGlMeGR1Q0h6cHdHRHFieXVxU0Q2OEhWRHNWUnZMMGtlVnow?oc=5,Minem capacita a más de 180 estudiantes y egresados de Puno en minería moderna y responsable Rumbo Minero
Perú,Búsqueda MINEM (Google News),MINEM,N/A,"Minem, Lanza, Mape, Nueva, Formalización","Minem lanza Ley MAPE: nueva formalización minera para 30,000 operadores del Reinfo - Minería en Línea",2026-09-08 13:32,https://news.google.com/rss/articles/CBMitwFBVV95cUxNMlB2Wk9pbUtiQ0ZwTThRVkhFcHVteVhhajViUVFoX0kyU2EzSkhXejRWbUJWdkxmcnJOcXlxNkQ3VDVqcGg1eGlqSFdULVZnZ202cnZabjYzR05jUjZpSjdSRWkzeUVnaDJfaDZrYU5JRUVXNmMwTGNLd0d2MUJOOWtsMUgyc2NSUGcwNkZBaE53XzhldmFRek85V0FLLUpRNUFXQ1pVdjR6aGtBcF9XeVItU0xFZms?oc=5,"Minem lanza Ley MAPE: nueva formalización minera para 30,000 operadores del Reinfo Minería en Línea"
Perú,Búsqueda OSINERGMIN (Google News),OSINERGMIN,N/A,"Osinergmin, Tarifas, Eléctricas, Variarán, Peruano",Osinergmin: Tarifas eléctricas no variarán - El Peruano,2026-09-08 12:48,https://news.google.com/rss/articles/CBMigwFBVV95cUxPWnh1VE1GYzN4ZElLQTF6Z1dtUVdpNFhiM0QxdTJjSFFZSXJGaDdfbGVqN1d3UGwxNkxzR3VNaXozVkdtbXNyNU9XaGMzZEFJQk5maDNNQ2Zldk01bmNFb3VacjNXT2NmS3RJeVNFeWxiZ2xGdFVvTThmb1Y5SDhBaXdTdw?oc=5,Osinergmin: Tarifas eléctricas no variarán El Peruano
Perú,Búsqueda MINEM (Google News),MINEM,N/A,"Minem, Plantea, Nuevo, Proceso, Formalización",Minem plantea nuevo proceso de formalización minera y continuidad para más de 30.000 inscritos en el Reinfo - Rumbo Minero,2026-09-08 10:07,https://news.google.com/rss/articles/CBMi7wFBVV95cUxQMmN5d05lM2M4SlM4QjBwVWJFYU9Wdi1lXzM2Z2gyd0NwcGhYNFRWTjltNjZqdDk4NGd0VGlPTzRrVWM0TXQxU0ItSjE3MnhVTncwNnA3OTJWbUN4TGZFUFZjQkJ5RUFEQm5XOENNcUFtcURzeGExSlFHVy1jNTBKcDB1dzEwejNaNGNubEJGSWRvOENCeTZ5c1dGOExlSzNLTGN0ajJzT01UdHQ3cHUyS0s0aDJDNHM5S0thVWZNWVltdjc3LXJmSWk2R2RZNUlIcy1wejZlX2lJNXB4VTZ6SVdFblJMTmdRS01MeVZ6WQ?oc=5,Minem plantea nuevo proceso de formalización minera y continuidad para más de 30.000 inscritos en el Reinfo Rumbo Minero
Perú,Búsqueda MINEM (Google News),MINEM,N/A,"Minem, Priorizará, Ventanilla, Única, Acelerar",Minem priorizará Ventanilla Única para acelerar permisos de proyectos mineros - Rumbo Minero,2026-09-08 09:03,https://news.google.com/rss/articles/CBMixwFBVV95cUxORzB3MUk2Z0NoZ2tXTjQ5ekRhZE5HZXJWRk43RnEwVERCdjF5VVhSZWN1WTRqRmV1WHoxM2FKXy12OS1vNzBYaGFwcF9FejBacFZqOWZvT1JYYm1EY3ZYQmNUMjdYU2w3RVFtcGVkNkgydkh6RFlwRVQyRjNRWWUtNmFFZmRPM0Z6Y3JKWkFGdXhPODZjckY0aHJ3MEZxclVQOTJ2enVWQ3dyd29KTTZSRTJRRkVNNGpCOG5ldVBRQTZBOHdyWWVz?oc=5,Minem priorizará Ventanilla Única para acelerar permisos de proyectos mineros Rumbo Minero
Perú,Búsqueda Proinversion (Google News),Proinversion,N/A,"Millones, Escándalo, Essalud, Proyecto, Torre",¡Escándalo en EsSalud! Proyecto Torre Trecca pasó de S/ 161 millones a más de S/ 486 millones - Expreso,2026-09-08 05:27,https://news.google.com/rss/articles/CBMijwJBVV95cUxQa3hsOElBb3ZnOGFsRzZlRkRpY2VoemJmNUhXQUpPSGZOTWNITmNDRVpZeVZkU0xxNWV0WEVpZnRMTjBSSVRyUWJDN0RjY3Q3MU9lcllBUXRyeHR5QkFNWW5ER0Y1NVZNejg0TXh3ZTZpUkRHeVJxV1NOcHUwOWpjWnMwTUVpNDhvazNabl9CdVhsYTFmZXhOaWcyQXo3WU1ibmZwSDhoaVVEOHNPeUpsVVR0TEZ3YnVuX0gtOV9Pd2NqSkVNUWwtNnQ2MEJqeFRTWTJlSi1qUW12TzlucGVmMVpPdEpBc00waTVWX2JuU3N6WEVQNUN3OXhTYUFEb1hQSjJQbkRldlVLa25aZDlV?oc=5,¡Escándalo en EsSalud! Proyecto Torre Trecca pasó de S/ 161 millones a más de S/ 486 millones Expreso
Perú,Búsqueda COES (Google News),COES,Tarifa Eléctrica,"César, Butrón, Presidente, Coes, Tarifa","César Butrón, presidente del COES: “Tarifa eléctrica no subiría por efecto de El Niño” - Diario Correo",2026-09-08 01:57,https://news.google.com/rss/articles/CBMiwgFBVV95cUxQTUpJZW42Yk9lY1YxSnNSWExtS0M1cXZubnBvM1NOVmNBVnVvS3FLUGNkdU56UnNBVFlBNmVJZlM3MWRVZ0FvUFdkVXFUTzEtVTJISGRpQ29TS09FQUdmeUEtajRabzdWZzE2bHQ3V2NrMWhIYzRoMFJWOXJ2ZXVmc28xQ3hSNkF1dkQ0R0QyTDdnVURYS1IzRHQ5ZUQ5N0pfUjNmVTBLcE5UajBOaVRoeDN5dWVQS2prNlJMRHZiUFNnd9IB1gFBVV95cUxQMGxKSVhmdERiZ1BzMU9yT3NZd0RkRmVIaVBzNkxPTWhSQlFRM1JoUjhMN2ZIY2ZYMktHWDFnYi1UQXRsYU1NLVVWQmUwRjN2WVBmbkpPcUQwTzdLZGE4MnB6MThhWXFxU3ZmcHBxU2hVcTV3QVVWZ2ItSFdHQXUteGFDZldoOC1OdmxDNTFPaF9DVW03NTlnMGZiZXFFTFNMZ3FtckRxY3pWMTYxNEVEUGhoQV93YnVmTFRaTHNTLWdQeUg1d1lrMTgxWE9TUEVRbUZ0bUZB?oc=5,"César Butrón, presidente del COES: “Tarifa eléctrica no subiría por efecto de El Niño” Diario Correo"
Perú,Búsqueda MINEM (Google News),MINEM,N/A,"Minem, Destaca, Liderazgo, Perú, Transparencia",MINEM destaca liderazgo del Perú en transparencia minera y minerales críticos - Minart | Portal de Noticias ✓,2026-09-07 23:17,https://news.google.com/rss/articles/CBMiqwFBVV95cUxPOVZmUTlRZDJpNFdBZ3dLSndQbVk1RkU5SURuNnZVZjRLMGl4VWF1QjgtZ1VDeUg4YUJuMFhNbHhhelVFSktZSGZ0N0wyNGNibnNJYzZRVXl4WjNMcmViTjJxVTNKczE3eHJuZEgzUGVVWlQ4c2ZtVnBMT3FscW4weUt0Zl9maDkwMzNZQ1h2aWpCRjMyZ3FzOEFkN3VLVU51cTQ4U2xvU2JVbVk?oc=5,MINEM destaca liderazgo del Perú en transparencia minera y minerales críticos Minart | Portal de Noticias ✓
Perú,Búsqueda MINEM (Google News),MINEM,N/A,"Minem, Impulsa, Diálogo, Comunidad, Nativa",MINEM impulsa diálogo entre Comunidad Nativa Carpintero-Kirigueti y Pluspetrol - Revista ProActivo,2026-09-07 22:54,https://news.google.com/rss/articles/CBMipwFBVV95cUxQOEpwRENrYllFOFdjWGFtdmFmLVVnd1JTS0tJT01Jc2F3XzE0RFVURWgwdlF0RW9xT2J5bHctdXdMdU5SWjVwcTJaUTFsV3BBSXpybnZudDg5Y2h1dGEzeGJ6S0FfYTY2eFVqelRqYThFcFlHN2RCY1NfV0lBUVZEWmZOUXVZeDVDTVhmeGZ2bm9JWUVZVkpsR2RrY2pLZ0gtQWZ3cXFlZw?oc=5,MINEM impulsa diálogo entre Comunidad Nativa Carpintero-Kirigueti y Pluspetrol Revista ProActivo
Perú,Búsqueda MINEM (Google News),MINEM,Energía,"Minem, Instala, Mesa, Diálogo, Comunidad",Minem instala mesa de diálogo con comunidad Carpintero-Kirigueti por demandas de energía eléctrica - elcomercio.pe,2026-09-07 20:43,https://news.google.com/rss/articles/CBMi7AFBVV95cUxOdUxRWXM4VDdDUGRVMDdSVmNMdkt1M25SWjZUakdEZ1p6Qk9kM2ZBMW9vUFJieE1SUG5tVktkTnRjNmFHMkhLelN3cEk3WHdTclh3X0R3LVB2czgzR3MycTdfbU9qSTBVeC1qNmJWc29qYUNxMnF6VWppVzFZLXhoNFRkc0VyYVJvYTFpVjB6OWNIOEZibXdjQzhUTEhzSUJMUTRDMDFaS0FYdTZZXzVLSjR6cEhrTWMxMXZZLW5RTmNldGF0ZjB5enFaTjFiZGNkNkdSazhlTlU5NTZ5TlRxcVFLSTV1czVZUFJobw?oc=5,Minem instala mesa de diálogo con comunidad Carpintero-Kirigueti por demandas de energía eléctrica elcomercio.pe
Perú,Búsqueda ProInversión (Google News),ProInversión,N/A,"Millones, Proinversión, Petro, Perú, Alista",Proinversión: Petro-Perú alista primer desembolso privado de US$475 millones y apunta a financiamiento de hasta US$2.000 millones - elcomercio.pe,2026-09-07 18:40,https://news.google.com/rss/articles/CBMi_wFBVV95cUxQT1U4UWFiTzhZYTdKNjV2ZkJzNWtNV1lGVGZNeFFkMEJ5UkFJNGt1Zmk5bUZLZGxTRVdULXdaOUJwUzZNQWdVeEwyRUsySVM5RC1oQTBwdG45QjVOSFBYcmhfbXN1ZnBDUmhZdHZXaVo4elFUWUlhcURDNmluNDBoRU4tYWlpS0ctaHdaYVhWRmI4Z2tMZ2VrNG1lWjZLaE5TSEFKUUowd3JZckNtN0M0bmxRV1ZTdHhGcUZSVFlCbFdsckxldnVhVWRmYmdXZmkxN2NabmZ4Zl9CVHNfMnRkVHBHOW52LURKTWF0WDhoeWM2RTJzRm1INXREZVBqM2vSAZMCQVVfeXFMTXMycWl6ektTVGowcjZMdTVIMXRyT1lMZnUwcUdEQkJMMGZpRm5ybWp5TXlZdm5RamxMOFZKVkhoR0RQM2NGYnp6azZOUHB1T1d5OVp1cDRxSTk1Y25mamNlN3VhNG5LNWplMFdSTGFKSkJ4bXpCdThreE53b09kRDJNWjJhN05aVDF1VU1NckNYanlUbk5fcXJyXzJvVFh6UzBkTlNCZGJLTV9YOHlHQURoSUNhYXE4N29Oc2RrM0pDMWJEUk1vSHRMd2RRZ3haUjA4b1FyUEVzLVdmajVRQ0NIcmdtSTNpb3RjOFZqNDRUY0swRjRwbmtqTWRkV0R1VGFQVE5sbm5NNUhScWFlZW5zQjQ?oc=5,Proinversión: Petro-Perú alista primer desembolso privado de US$475 millones y apunta a financiamiento de hasta US$2.000 millones elcomercio.pe
Perú,Búsqueda ProInversión (Google News),ProInversión,N/A,"Proinversión, Marina, Guerra, Perú, Pondrán",ProInversión y Marina de Guerra del Perú pondrán en valor predios e inmuebles con participación privada - Energiminas,2026-09-07 17:02,https://news.google.com/rss/articles/CBMi1gFBVV95cUxOSTVaV1VSdUlRZndDVkRXNDN5dVpyMFAyVGVKbW81NlZtZGtCY3lSM3N0bGdLVXpCZFRFSko0eXhYYnhNVXZaMlRmRnBrNlpZSloyenBlUUszMTZGYXpNaTUtM2FOWDdjX1E4WkpTY29MZXJEWTRRMnNWNm5LdW03dW1YQkpOdjdDU0tpdnA4eFRCOFZ3LVF3Z05EbXVyakFXQUk4R3I5RWlTVW1aRUxMZEhFclRXaURqVG5Ra0EwTDI3RUZQOGlJTVc5cmFQQS1hWnhGbVlB?oc=5,ProInversión y Marina de Guerra del Perú pondrán en valor predios e inmuebles con participación privada Energiminas
Perú,Búsqueda COES (Google News),COES,N/A,"Sistema, Eléctrico, Perú, Podría, Sostener",Sistema eléctrico en Perú: ya no podría sostener esta “condición” en próximos años - Gestión,2026-09-07 14:55,https://news.google.com/rss/articles/CBMi9AFBVV95cUxNZjdxODQybkVoV0ZXeGJ1MlNMR09OMHBmUVZwRFlqMFVPMlBycG8teGplWmNqWF83R18xc2piMGxiZmlOdHkybDdZdmtEVDFsaVFvWEJSaDRSME14eWV0WHZmOVowNDktMWxVX05tOXlFbGR1cEY1SzliajBoNGRMRWd6WExsMzRQVlRFcDgyMzlaUnNtOU5yTlN5bFc1aFJua3N5UXpXOEhxeGpRclVfQnBoN0dIdmNkR0lIR1VWZWRsTVhGYjhCbl91Q0xCcmxqWnhKeG1xT3AtSnAwN0k4SEhEdFdLR2dfWldMMzhfVmZVNEdR?oc=5,Sistema eléctrico en Perú: ya no podría sostener esta “condición” en próximos años Gestión
Perú,Búsqueda MINEM (Google News),MINEM,N/A,"Minem, Destaca, Avances, Transparencia, Regional",Minem destaca avances en transparencia regional sobre minerales - desdeadentro.pe,2026-09-07 14:53,https://news.google.com/rss/articles/CBMirgFBVV95cUxOVHFFYVAyeEpXOEc5bzRFSld0YVloalQtQVg3dkZ5YjZqR2g1TlVDT09UdUFGVVBrZm1IQnkxZFMtZ29tTERNQWhjemd4UUxCSzJjX1hRWEg4YUFvMHBEb0EyYVY0ZWhQbWFGUHExUFljaHNJN3V0SExBczBEMWQwNmdSVkN4RGJCRHF2b3daZFdCN2lOX0tpQUFFYXJoMW4wMGVVZTE2MTdHSlM3Q3c?oc=5,Minem destaca avances en transparencia regional sobre minerales desdeadentro.pe
Perú,Búsqueda MINEM (Google News),MINEM,N/A,"Nexa, Integra, Operaciones, Pasco, Amplía",Nexa integra operaciones en Pasco y amplía Cerro Lindo - desdeadentro.pe,2026-09-07 14:53,https://news.google.com/rss/articles/CBMilgFBVV95cUxObFFjR0FoT3NKbXc3R3dlNnluUzRLSzhUZkFqa0tKRm9uX3NRMTBVODFKRlBlZG5fSEFra0Z4RXpPaHc0cHpDYUZHMmlhSEhQcnRhbzZFSnl5MldZdVJOcEZxTVl4NXRxUVB5SGsyMjVGLW9fdGdsbmNZeHFnejRsa0s1bG5iZ1l4cGtGcnp0RHhoeWtkdWc?oc=5,Nexa integra operaciones en Pasco y amplía Cerro Lindo desdeadentro.pe
Perú,Búsqueda ProInversión (Google News),ProInversión,N/A,"Obras, Impuestos, Superan, Millones, Perú","Obras por impuestos superan los S/7,700 millones - Perú 21",2026-09-07 12:15,https://news.google.com/rss/articles/CBMimwFBVV95cUxPRmdoZThjYUtOZHlCemt1dkhpVmVNWkFEU05wX0xDSXcxcXpucWhaZUJ4OWptcGRwN0U4ZmxPa2lRa0JTSVpPdU1fb1B2QmlWYkJkUXNSV0g5YU4wZFBhbUoyNE10c3ZpakVHblBmT0dHeVByaWVWdW55WXBjYmF5LWs5Y3N3akx2LW9OektPY2RhazVuYTN6UHF3TQ?oc=5,"Obras por impuestos superan los S/7,700 millones Perú 21"
Perú,Búsqueda MINEM (Google News),MINEM,N/A,"Camisea, Comunidad, Megantoni, Inicia, Mesa",Camisea: comunidad de Megantoni inicia mesa de diálogo con el MINEM por suministro eléctrico en zona de Mipaya - Infobae,2026-09-07 11:19,https://news.google.com/rss/articles/CBMi1gFBVV95cUxPSENNTFJ5anJsNUFFbE1zb3QtbXZBYmV5QnByT1NtYTJhSy1NT1RHdndscUJQNGVlaHNNbDNHVGxXUnU3MzRZYW1JUjluUEVxY2NVWTNfTk8wY09welVjb1V3Z3VCZjRfOFNPQW5Pc25BSU9FWXhoTDVlcVdkRHpOTjJ3Z2tJRWVHQnplRHZyMXBDdFF1M3F3Q2pwSWxqY1NvTWlDQlhnMEJUZUlxanZ4NE5TUUpTdlRyYlFuVWtDWTRFWjFwc3J5akdvLXozSW9lYVlBRDZB0gHwAUFVX3lxTFBiOF92YTNLYlZuem9ua1dybU5aa2lEMTJNSGtOYmJWaFA1UkdnNzZIazBCTW91bzI5QmZSRlBTZlVuVXNpMkRzbTRadF9qMGxlOW5DSXJYY3hWLTNYaHFxX3RlZHhlZlpGTU9haVVzQ0gxLVhQeGJIcGpTa0MxOEs2X0RWRmQ1MEtsRUpCb0NITkkwSFJjdFhKcUd2RTFUc1JmTnFCTUYwQ3FubWM2TzNUbHI0SW9idmp3c3JKUUtocnZXTjJCSUwtajhRbGdZZEp6bmlLSmNDZVZWQndmN0xiMk84SGVYelZ3LVFtWG1sWg?oc=5,Camisea: comunidad de Megantoni inicia mesa de diálogo con el MINEM por suministro eléctrico en zona de Mipaya Infobae
Perú,Búsqueda MINEM (Google News),MINEM,N/A,"Zafranal, Podría, Apuestas, Mineras, Perú",Zafranal podría ser una de las apuestas mineras de Perú para 2027: esta es la estrategia del minem - Dipromin,2026-09-06 19:11,https://news.google.com/rss/articles/CBMi1wFBVV95cUxOdDBiTWtWSkZWQng2dUY4UjJjcS1QYnJvaS1KX2Y1NGtpVTNXT2paX011cWlYVGg5bHNqUUpaY21XUDNuVWgzS0pWcGtQR21IMGUzazJqVnJkNWk4eUpTX0dYT3RvOThzZmRaSU8xS084ZjFMR1I5TmwtMHljZmdHSHd6S2FhdnlnYXpEV2d4TmNFZkw1Rm5ndmhvYXdnbk81UkJneDhuY3IzT3I5akZibzRfcnZ0bVVfaEhQbmxTSUlyZUtramJ4blk3YzBsR3ZCR0JUTzhTZw?oc=5,Zafranal podría ser una de las apuestas mineras de Perú para 2027: esta es la estrategia del minem Dipromin
Perú,Búsqueda MINEM (Google News),MINEM,N/A,"Minem, Anin, Suscriben, Convenio, Elaboración",MINEM y la ANIN suscriben convenio para elaboración de expediente técnico y ejecución de proyecto de remediación de suelos en Moquegua - Dipromin,2026-09-06 18:51,https://news.google.com/rss/articles/CBMiiAJBVV95cUxOcGlCVWdGa2l4YjVfVndKSUVTMWE2X1pmeGwwLTNzb0JQN1BtbXJONXhwQXJjNi1DNlh3cGVyZVc1VTRuTjhCWUpLZmpYTUc2MWJ2LTdsVExXQS0zRjlTLVRwOEx2Y0lQMGlxTGdPYWZQdXRSc3hjNUN3TzVCLS1qSDAyNV9GT3hqVF9XamVWR1lqNi1BOWdKSm5qa0JDZ1JDVGtLaHNOTFN2SjN3Si1iTlF6V25WVWZqaU80eGE2SGFuRmtEYUtyQU11ZGNIcEpuUEtZZHA3RXdPdnlzX1d4WmxBS1RrMnJhY1ZucFQwWW14d1FMdU52VVBJV1VVb201VVB6TUJtdG8?oc=5,MINEM y la ANIN suscriben convenio para elaboración de expediente técnico y ejecución de proyecto de remediación de suelos en Moquegua Dipromin
Perú,Búsqueda OSINERGMIN (Google News),OSINERGMIN,N/A,"Precio, Diesel, Gasolina, Perú, Domingo","Precio del GNV, GLP, Diesel y gasolina en Perú para hoy, domingo 6 de septiembre de 2026 - Infobae",2026-09-06 13:25,https://news.google.com/rss/articles/CBMixAFBVV95cUxNYjNvclFxc2pBZTROWUdrU3BWODZkUWZvcEgxT1FIa3c5QnhEa3A3b3BsS3RtWURycUJXcF9KS3lNVHhucjk0alBPM0NIN19nY21UOURtSkEzb3BRVE9KZFdPQTdEdl8yRUVMcnZHZTEzTDJMRUVxb3ZHWlhUN1RyLVVNUGI3NkFCZWdXSUNPVEhvQTF4ajFzUFZudDdvc0dLdHE0VXpocUlzclZxaGExT2dUbXhKMkw5WGtHLW5fa2ktV2pF0gHfAUFVX3lxTE1SUXpEdVIwaS1FUVdOMHhfUWdVM2NEY1ZzaURzRWZkckRFMlJGQkZCVVZxSXlFMnRJazg0ZVowQ3RoZWs0VkJWSGVkcy12STJyaDhGYWRISnlKWm41NkhkSC1LREduWFluYWJxeURhWTZSbzg0Nk14dXA3LXdvcFl0cFR6dnRMX1gxODhwTFJiVWpJLTNrTUZ3T3B3ZWVLdEMycWFfYlFmMkgxOW9VZHhMenUxWDFudUUtcksteVpMcXgta1F0bzd6S3ZNYXVyY2JqVkpuRlp3Um93M1RfNEU?oc=5,"Precio del GNV, GLP, Diesel y gasolina en Perú para hoy, domingo 6 de septiembre de 2026 Infobae"
Perú,Búsqueda ProInversión (Google News),ProInversión,N/A,"Proinversión, Marina, Guerra, Suscriben, Convenio",Proinversión y Marina de Guerra suscriben convenio de asistencia técnica para predios navales - Data Portuaria,2026-09-05 23:07,https://news.google.com/rss/articles/CBMirwFBVV95cUxOTnQxVE9RQjNwcFZrS0p0TnpaTWZLSWE5Skk5ZkVxLVRuWlItWnFwcFNfMmt3LXlHcnEwT1lFemNoMElPVmE0TGNSbmtCd2lrNk1HTXNfbXE2WTVqT09kdGU3WWdwRDZCS1Fsckl0Um9rbnZMTmljWkpwQTlhUlQxYUZjZkl0MkRKemt5dDZjSjdhRkpYMUdfZW95Vk1FYzdQcHB5LXU5b3dpR3dRVWY0?oc=5,Proinversión y Marina de Guerra suscriben convenio de asistencia técnica para predios navales Data Portuaria
Perú,Búsqueda ProInversión (Google News),ProInversión,N/A,"Proinversión, Marina, Guerra, Firman, Convenio",ProInversión y Marina de Guerra firman convenio para impulsar inversión en predios navales - Agencia Andina,2026-09-05 22:06,https://news.google.com/rss/articles/CBMiywFBVV95cUxNbnJDcm5GaWZWVEd5Q3JqSkFiaXMxdlpRRTh2N1dCOGtTUkFyanpIRjB0V1lzQ3I5MG9UMEFIMl95b2dKLVlhSko5YnQ4V2xnNi1USXFwYm9XT25qTkpqSUd2MEFYWV9WVG4wOGJOZ19FXzRhLVBzaGMxMFpORUowdUxPUzNWU0xzWkl4SzRiN2JMeDhMWHctM2hJYmJWWE5VeWpZZzVKVlJtUmxWdzR5WlhoT0RDQlptLW10ZDc3SGJtMFVNVTFVeUFEUQ?oc=5,ProInversión y Marina de Guerra firman convenio para impulsar inversión en predios navales Agencia Andina
Perú,Búsqueda MINEM (Google News),MINEM,N/A,"Reinfo, Pasará, Mineros, Buscan, Formalizarse",Fin del REINFO: ¿Qué pasará en 2027 con los 30 mil mineros que buscan formalizarse? - La República,2026-09-05 06:49,https://news.google.com/rss/articles/CBMi9gFBVV95cUxNNGhfeVBWV09iZVJYS3Y2ZDRSQnVocFNiZHhOQTJ6RVpYOGhKSTdCRC02VGNTcXJFS2xsVXFzU0VZaUQyOFliYjg4WXRjN2hsZHJ6N093ZjJXVHJySWp3SlVtM0ptd05lVTVlazFpUV94SEc5X1E0b0xMZjZONlcyQS1jd0V6Z3BoNXl2cXlMT1ZDOWplTUVvZnZ1MUgwdWlSV21PcWV5UWJ0LV9EclhDbnJ0WTlWdXlCem1PXzlVZTNrcjFvRnBITjYyRUZ3YlY5d1FlTjhVMnBKdVduNHNaUUFQQ3c5QWt5ZzdQRTZsbkhWVEhjbVE?oc=5,Fin del REINFO: ¿Qué pasará en 2027 con los 30 mil mineros que buscan formalizarse? La República
Perú,Búsqueda ProInversión (Google News),ProInversión,N/A,"Proinversión, Petroperú, Recibiría, Millones, Primer",ProInversión: Petroperú recibiría US$475 millones como primer tramo de financiamiento privado - Diario Correo,2026-09-05 03:54,https://news.google.com/rss/articles/CBMizgFBVV95cUxPa2lxX25oSk1CRE5HN185b3R0b3A1eFhtd04yZ0hLN1RtX2lIWk1YMnRJNXllOTdSaW80cEd6QjVNT3kwc0JZRlF1N0lsaVIwSFpSVGo1YU9tNnRCbFpRaXp1Vm9qWWg4S01tcWloMnpHR2d3Y0JXMzIzNDBlZHBveU1UZ3RRdGNtaTJvUkZJZTZSU0lILUxvV3N3ZnhMcTJjX2hlSEN0QlZ0eW5HbjhST3BSY2JEV0ZGZXZKMmpVd1JsX3U1dUYtQjZOXzVsZ9IB4gFBVV95cUxNdmpWc3U2R2Z6b0x6R3lQVXlZbnlIMmF0Vi1ZMFJadk9DYmxmRjBYX3E0YTVUbHE1VnIwdEtjRG9ncy1tVzQ5akJWZnBRNDR5UGo3VHpnNEJSdC0zZV9OZzhDcktpOWQ2YjMwZmJhNW9uZzh5OEdHNXhTeDVKZExtUmJKTm15ckRvUTlOV2xEaVFxcWxsSm83ZWdXVmNKUUNqcWw1U19pT1ZFNjVpUUJZN09yMWdxV2tXMjFfWGxpVmcxcWQzcnNjZ0w2TWxUVmRreVVGYXRfcG9IZGJDQ01DVDdn?oc=5,ProInversión: Petroperú recibiría US$475 millones como primer tramo de financiamiento privado Diario Correo
Perú,Búsqueda ProInversión (Google News),ProInversión,N/A,"Financiamiento, Petroperú, Avanza, Proinversión, Confirma",🔴 Financiamiento para Petroperú avanza: ProInversión confirma desembolso de US$ 475 millones - facebook.com,2026-09-05 00:25,https://news.google.com/rss/articles/CBMi6gFBVV95cUxQb3VuUWZ6Wl9PelV0ejFQOUpvZDZLZ1RFQzJUT1lXdkVvVDZnMTg3M2c4aEVYZ2h5YS02eVhON1FxWkZLeFdKeE9PYXVkbEZXRFF1X0F1U2hJLXFLYXFYUWhtM2lQNmxjRVFTY0s4SzlBMkNhUl9IOGZSM3FGMERpeDlNVUhnSEFkX0ppWE1WYnVoSHB2X3JXT19uMFdRUHFlUHhlTkJBanlCN2dvTXdfYjdiNXJYbFhUQzNEcElMQ2pOeUZrQURoWVR5aC04Um1wenFvYmw1TEtFRWZGOF96ZTQ1RkF5WHAtMWc?oc=5,🔴 Financiamiento para Petroperú avanza: ProInversión confirma desembolso de US$ 475 millones facebook.com
Perú,Búsqueda ProInversión (Google News),ProInversión,N/A,"Financiamiento, Petroperú, Avanza, Proinversión, Confirma",Financiamiento para Petroperú avanza: ProInversión confirma desembolso de US$ 475 millones - Expreso,2026-09-05 00:25,https://news.google.com/rss/articles/CBMi3gFBVV95cUxOcjUwYVhKWEVKcjAyem9WcktSWDVXU0JwbG5PbVRQNXI1UUpMX25EcTdSVXZQUVBKQnplSWFlVE1vRDNGeFBuX001MTNlTHNvMk1SX3U3ZkRmQ2s4SnJjNjltOExPdHVuNVF6RHR6dGN3djIwUHpGX1ZoMGpva1plbmlsU2RkVmN5cDB0UW9BWVpuWnhoZnNWLWRPVVFteTJ4SFh0dmJZRl9TYnlLaXEycDh1RHFyVnA2cnJ4eUgyR3JaRkVPWkVuRkpSOGpZTGhSWmdTdWVxd2swSkJpRmc?oc=5,Financiamiento para Petroperú avanza: ProInversión confirma desembolso de US$ 475 millones Expreso
Perú,Búsqueda ProInversión (Google News),ProInversión,N/A,"Millones, Petroperú, Recibirá, Martes, Completaría","Petroperú recibirá US$475 millones este martes y completaría préstamo de US$2.000 millones en noviembre o diciembre, afirma ProInversión - RPP Noticias",2026-09-04 22:45,https://news.google.com/rss/articles/CBMijgJBVV95cUxPR0xPcEgwRi1ZWTZvOWNLMDNzT2ZLaWxDVmlDUFdvNmd2N2RMQzN3TWk5V2RpY1BzamMxcjBlZ1lua2h5T3VFMzlYX0dRSFFLeFVGSGQyUlVBSzdmU2hhRjk5b3NpcFUzOFlZbmF0LUlFVHN1cnk0REIwV2pYaFpSVjVDa2liMnA2SFVVdDlOM25fbGpqNEdOdjhlaGxoM1FHMF82dWJ5WURQdWw2TXBPOWdGQW1rVHhmRDVIR0xMYWR6SWw4Z0dmSnl0OFQtY3RoQnpzOHFwdWZQa3NmeVU4YmdwbG9TRGNwYjQySDlrQW1qSlVDTTlWS1Awb2k2dWJfaXdMNThGZW9FS0JNcUE?oc=5,"Petroperú recibirá US$475 millones este martes y completaría préstamo de US$2.000 millones en noviembre o diciembre, afirma ProInversión RPP Noticias"
Perú,Búsqueda MINEM (Google News),MINEM,N/A,"Minem, Avanza, Proyecto, Llevar, Natural",MINEM avanza proyecto para llevar gas natural a Espinar - Minart | Portal de Noticias ✓,2026-09-04 19:56,https://news.google.com/rss/articles/CBMijgFBVV95cUxPN0cxeWxzSjBlVUNpSVFWNzF4OE5QTjl0VUY0MXZIc0JQVGx6NnRra1k1TXhOQzlGMVdHcTV2SUhEcS1fZVFVYkQ5WFdSTEJQMWd3RTlWTHYzV0ZwTEhqSzM1OHNXcTNDUVctb1g4ZVRZc2xKTUNBb0gzYnM1ZnlfU2ttMEtBOU9BbFE1Y0xn?oc=5,MINEM avanza proyecto para llevar gas natural a Espinar Minart | Portal de Noticias ✓
Perú,Búsqueda ProInversión (Google News),ProInversión,N/A,"Proinversión, Obras, Impuestos, Permitirá, Anticipar",PROINVERSIÓN: Obras por Impuestos permitirá anticipar daños y proteger a las familias frente a Fenómeno El Niño - Revista ProActivo,2026-09-04 19:11,https://news.google.com/rss/articles/CBMi0gFBVV95cUxOekRYRS1DZ0RFQ0JRelo3RUowNFdwdF9nemJfcFRFVVJvaGdyWmE1MmlSZlgtU1c4dE1VV2dSOU5GRHNjYlRXdDZEYV9kWDg1Y3pHaE9hWmJqRUIzLUhZTUw5Wi01TFpHTUJkTlI1OUpOMWFRaWhWY216MXp0a2RTT1ZWcEdlMHo3SXNFSGlBYVJIZ0JjTVJEQlF6S1A0UFlMTGYwaU5ib1RtdVo2RGQ5X0xOUDh2d2ZmQ09wTVl3X3daeXM4N1R6dXpjempjN2RYZnc?oc=5,PROINVERSIÓN: Obras por Impuestos permitirá anticipar daños y proteger a las familias frente a Fenómeno El Niño Revista ProActivo
Perú,Búsqueda ProInversión (Google News),ProInversión,N/A,"Perú, Proinversión, Marina, Guerra, Pondrán",Perú.- ProInversión y Marina de Guerra pondrán en valor inmuebles con participación privada - notiperú,2026-09-04 19:04,https://news.google.com/rss/articles/CBMi2gFBVV95cUxONHBidXZFUmRYcnlPcXpTZVAyS3RaeWJ0SjRmMGFTLUJjenFZa2FyNGtfS2NBZW5aMzJiUFIyLUdlTTh3TzBQTHYtWjU0OVpZUWVGMGZJUXZBMHJDN3Y5TWUyQ1JxaXhmOHZnakdkUGZRTkZSSGU3N1R3clZmWDFsUU1pS2c3bG45MVREdkY2QVlUNmN5RU1Sa0VxNjBPXzRxN2c4YkdSRFc3RHh3SDVaQnFZbHo1QWpBYnNlOEMzWGNwY1dDc0VmVmJwNGdRVmZMMkFJRUg0UVJ0QQ?oc=5,Perú.- ProInversión y Marina de Guerra pondrán en valor inmuebles con participación privada notiperú
Perú,Búsqueda ProInversión (Google News),ProInversión,N/A,"Proinversión, Marina, Guerra, Pondrán, Valor",ProInversión y Marina de Guerra pondrán en valor inmuebles con participación privada - Agencia Andina,2026-09-04 19:00,https://news.google.com/rss/articles/CBMivgFBVV95cUxQdU5zODd0TXphcWhnVEd2SFdKTGR4TWJ6azN6UXo3bUJYZ2FXZzdCdnM0WS0zdWJtTjZpR0REZE0zT1FBWlZzdlNDRXhsTHpOWUkzZEdmeDViUmUwcHNaM25zQ3laRXJ0NVNWOGl2U2Q4UHF3NVdGR29ySnlYSnN4UC1YRDdBNHR2SnpMRThJZ0ozMHNPOFhnTXBHY0Zyei1NbmFTdkFmTGh1MXFuWG9md2QzczRBVnlDY0hYRkhn?oc=5,ProInversión y Marina de Guerra pondrán en valor inmuebles con participación privada Agencia Andina
Perú,Búsqueda MINEM (Google News),MINEM,N/A,"Minem, Anin, Acuerdan, Remediación, Ambiental",MINEM y ANIN acuerdan remediación ambiental de la ex unidad minera Florencia Tucari en Moquegua - Minart | Portal de Noticias ✓,2026-09-04 16:00,https://news.google.com/rss/articles/CBMiwwFBVV95cUxNcnVSdktNaGlqUVZ3NEluRzh1ZDNJbnI3NkU1NzdndlNtczZLd1h3TUNNQkplZHNZektEZWdyYXcxZTF4VkZHQmw2aVgxaXNJQzlod3JpQmpBaEJjaGtWUHo2dlNiNzlFekdnTGJCRGFvYlk0M19rb0NsMVdEUEFjMDJsa0RaT0tsRXdkdjNsMVl5S2pmNTZjcldDTVJMZnVsOFRNQ1EyaV8zaXR6TjZIM21MeURiZVpNdVNaUGx6WTJ0dEk?oc=5,MINEM y ANIN acuerdan remediación ambiental de la ex unidad minera Florencia Tucari en Moquegua Minart | Portal de Noticias ✓
Perú,Búsqueda OSINERGMIN (Google News),OSINERGMIN,N/A,"Osinergmin, Controla, Combustibles, Desaguadero, Junto",OSINERGMIN controla combustibles en Desaguadero junto a Bolivia - Surtidores LATAM,2026-09-04 11:32,https://news.google.com/rss/articles/CBMilgFBVV95cUxNN0JiZUxnVFA1WGdPZWU4VFUtLVhCWE03VXpJMDd1Sm5Wa2lqTzc2bGtnY0t3ZzhZSGNxc09qcG5PUl9FcmltejlLbWN4YUg1OW1zYl9xWlVfNDR3NTNaaUplTlRyUjQzUEo4UEMwOGlZOW5OX0pyaTBsTXE2YUJibjl4MVhGS083dDAyLTBFRm4yMnJfV2c?oc=5,OSINERGMIN controla combustibles en Desaguadero junto a Bolivia Surtidores LATAM
Perú,Búsqueda MINEM (Google News),MINEM,Energía,"Minem, Hidrocarburos, Representan, Consumo, Final",Minem: Hidrocarburos representan el 67% del consumo final de energía en el Perú - Rumbo Minero,2026-09-04 11:30,https://news.google.com/rss/articles/CBMisgFBVV95cUxPYTZPazdCZlJrNU51LUUwZWJXQ1Z4blM5RjFIMFJ1TWowemxTeGhwdW1odldtbk0yOUx6Vld0Vzd3NlhDUzZZRW5acjc4My1xV2hwd1J1dzJyQzVfd1MwX3QwTnFoYVBFZnFCWWItWGdVdFVHM01tZ0tIUlRoZXR2MVpjYU9DZDlZY2otSGd2aDFNdk04QW9YZXAxMmxaVkFsWkJYRXh2VU52MF91WGQ0R05n?oc=5,Minem: Hidrocarburos representan el 67% del consumo final de energía en el Perú Rumbo Minero
Venezuela,Búsqueda PDVSA (Google News),PDVSA,N/A,"Venezuela, Tardará, Décadas, Recuperar, Máxima","Venezuela tardará décadas en recuperar su máxima producción petrolera, según Rystad - Globovisión",2026-09-10 20:08,https://news.google.com/rss/articles/CBMiwwFBVV95cUxQdE0zNXFIN08yRkhPUU9MTlFUd2xjSC1mNFdkN3dJOWZjVEJ3VFM1bDh6NkFfR2JGM3hQODl1UkViXzBmWEcxdFg4WHZlTFN5YjF2NWJkcF9oSDRlaHd0WnNNbHBpV3FZdzJjeFdSSWhObUxSckFuV20tR1ZvMjBUcjNuWnBoNjRTRXduekptbjBZT0lIYVhwR1c0R0ptcEJxU1NrbFFZZ1BtUVNlUWlHcjI2S19kdTd5b1piSFc4a3M2Vjg?oc=5,"Venezuela tardará décadas en recuperar su máxima producción petrolera, según Rystad Globovisión"
Venezuela,EL NACIONAL,N/A,Electricidad,"Exige, Evaluación, Técnica, Escuelas, Regreso","FVM exige evaluación técnica de las escuelas ante el regreso a clases y mejoras salariales: ""No queremos bonificación""",2026-09-10 19:56,https://www.elnacional.com/2026/09/fvm-exige-evaluacion-tecnica-de-las-escuelas-ante-el-regreso-a-clases-y-mejoras-salariales-no-queremos-bonificacion/,"""Denunciamos que la mayoría de los centros escolares del país carecen de servicios básicos indispensables: agua potable, electricidad y saneamiento; además, sufren la falta estructural de mantenimiento preventivo y correctivo, una situación peligrosamente agravada luego de los sismos de junio"", manifestó la presidenta de la organización, Carmen Teresa Márquez. The post FVM exige evaluación técnica de las escuelas ante el regreso a clases y mejoras salariales: ""No queremos bonificación"" appeared first on EL NACIONAL."
Venezuela,Búsqueda CORPOELEC (Google News),CORPOELEC,N/A,"Corpoelec, Atendió, Usuarios, Mediante, Jornadas",Corpoelec atendió a más de 9 mil usuarios mediante jornadas integrales en Lara - El Informador Venezuela,2026-09-10 18:47,https://news.google.com/rss/articles/CBMixwFBVV95cUxPY1Z1dlJGVVV4S05SWDV3MUp1ZVYyUDFWTHg1ZjRacVR2QWNIanJTVzhJZzFEYjZtSnBpbVRVM1RZcGZVUTR2UFF0MWZ4NHB4Z3pVWDNpaEltUnJsYzI1RWpxcUF0M0xBWmY3VlIwWFh5Y2pKb3dfaF9pX0FLQW00Vzd2cWZYQW42YXdjelkzdUJkWWdicFZIRlI3T2ZkSkdzYXI3NlNvU19UY3hEa3kyWXZUaHlSRHduajRZeHQxaDE3ZnkzNmhZ?oc=5,Corpoelec atendió a más de 9 mil usuarios mediante jornadas integrales en Lara El Informador Venezuela
Venezuela,Búsqueda PDVSA (Google News),PDVSA,N/A,"Reuters, Presidenta, Delcy, Rodríguez, Prepararía",Reuters: Presidenta Delcy Rodríguez prepararía reestructuración de la junta directiva de Citgo - .: El Sol de Margarita :.,2026-09-10 15:45,https://news.google.com/rss/articles/CBMi9AFBVV95cUxPSUxOanBsRHV3LWFnODFiZ0E4SWR4T21CM3A3OVNJT0h6cnhLUk5CN1dMRlVOZnFnM2F1QWg1SHREMkNtMXZtekVZaGh4ZlZGMEk2WU85OVJtMloxSHNYWUhlbG9oYnF2a0RNVzZ3bHg2TEgzS0NvLVBMbE5TdUhmck80RjVsdFFLUFYwM3ZfaFZyMk5YS2xFemtrd01tSXNfeUNLOERrTnp1UVJybXF1emJjdGpwSVNtenpQQXIwYWRTX0FDclg4MzJFd3hNU0RGdzBOSEpqdS1FeTRpdThSNDlZY0tzekFxVkhYXzdIVDJGT2lJ?oc=5,Reuters: Presidenta Delcy Rodríguez prepararía reestructuración de la junta directiva de Citgo .: El Sol de Margarita :.
Venezuela,Búsqueda CORPOELEC (Google News),CORPOELEC,N/A,"Piden, Mario, Mora, Restablecer, Alumbrado",Piden a Mario Mora restablecer alumbrado público en Caribe - laverdaddevargas.com,2026-09-10 15:01,https://news.google.com/rss/articles/CBMikgFBVV95cUxOd0d5dnpsdDZ4amExSjlhUmx0X1JTSktoTnZaeWZCZlFjQzgzN3QzazR1Qy15R1gzcksyVFg2OXBHSk85REZaWHB3am9UTlVESko0ZGxRZnNPNHdBRzVkdk5fZUI2Uk5Dc3NaNk5VSmlCN1A1N29DY09mSnpveWlCdjkwbEloMEhJdzNPcmE1S0NuQQ?oc=5,Piden a Mario Mora restablecer alumbrado público en Caribe laverdaddevargas.com
Venezuela,Búsqueda MPPEE (Google News),MPPEE,Energía,"Trabajadores, Sector, Eléctrico, Reciben, Formación",Trabajadores del sector eléctrico reciben formación sobre fenómeno de El Niño - Ministerio del Poder Popular para la Energía Eléctrica,2026-09-09 23:29,https://news.google.com/rss/articles/CBMiREFVX3lxTE1FT21fc0hpdUs0WWxzUzFKSFhSX0hOcU9qQmdLM2RfNkZTdkZCaHdUYXFuMHlzTEswRi1EXzhTQkc2ZFBm?oc=5,Trabajadores del sector eléctrico reciben formación sobre fenómeno de El Niño Ministerio del Poder Popular para la Energía Eléctrica
Venezuela,Búsqueda PDVSA (Google News),PDVSA,N/A,"Lujos, Familia, Tareck, Aissami, Exclusiva",Los lujos de la familia de Tareck El Aissami en una exclusiva zona de Madrid mientras el exministro de Petróleo enfrenta juicio por el caso 'PDVSA-Cripto' - NTN24,2026-09-09 22:35,https://news.google.com/rss/articles/CBMiqAJBVV95cUxOYUtJZVFaZ19yakZyQ0lKa1RJaHhzTGdCby1ZOF9reEpkeGI3UjFaQWl5ZVZhQWhfSDZZRnJXUGxrZG9sS3ZUUkVQLUk0ak9sYWt6TFdKTzQzS2tZd0lKYS1TM01JdUYwZkdYc0N5N0RURUt4c0hzc3JjTG1aQkdjeS1kYkZIaWYxVzFQQWUwNnMxZ0VyT2IzSFA0SXI2TTBIY3kxS2FSR2pfV0I2a2I1NDFhNi12a2IxUGNVOWx0NUh2bzRoSUVJa3FsZ3FTQzV0eGFBanhPb1BLZHNHdzRSbHFRWHVLZm16SXFacHJnV2JpZ0tlWHBJM1FZSDE1MGZSZDdQWDM3ckRpdGJqT1QyNWlDM2RSdk9yWVN3YndlV3M0bGh5NnBUYdIBqAJBVV95cUxPMElmajJiTWdPLWk1cUJlSWE4OHFLdjcwX2lUX1g1VlBEQmxpNjE1VmdNREhRQThpZERpb25tRGlkM0FJSkxGVnEyQ0dCMUQzMWp4LXhud1VFVFFnSXNDb2ZzekRfbGdGenB1b05XT3F6b25SVlBsV2Q5UE95aG9MMUdjaUs4dE03WU9WMXFzUHYzZHRCWnI4MXhwYThFQnRyZnFoQ1NsenJiMlZubnBVeHhzM21SZXVXX0Q1ZmZCaGg0ZzdSQmxDb3NrWWVUV0lBWm5kdU9YWTVTYjAyclBSU0NuLWZiVnl2Zy1ta0QxZkh5SV84c3NPZkpDRTAxeFdpay1IVWQ4bk9qd2txSHJfQTBFZVZfcWxacnh4TENrbDA0WGNGaTRISg?oc=5,Los lujos de la familia de Tareck El Aissami en una exclusiva zona de Madrid mientras el exministro de Petróleo enfrenta juicio por el caso 'PDVSA-Cripto' NTN24
Venezuela,Búsqueda CORPOELEC (Google News),CORPOELEC,Apagón,"Festival, Bajones, Terminó, Apagón, Occidente",Festival de bajones terminó en apagón en el occidente del país: usuarios protestan por soluciones - El Pitazo,2026-09-09 22:29,https://news.google.com/rss/articles/CBMi0wFBVV95cUxOR3Y5cm1URnVrTko5c19uWTlJdkk3SHBLXzZZRFNvR0w5b0ZScElBTmo3a1F6UTVzVzJXYWpWNFZHcmYxYWFocEZtVnFJSzhqbUN0bFJoQ1FJbXViVnFaUlFobjNGX3hNcXZaZTRxUzcxTEtpbU1IV1E3Znk1ZGRUT3lVc1U1ZjhBdkpVYlNaZXVtcC1PNFpBUjgycVVsUWgtT0Q4dEh1bkFwV0sxZUpQbU5xbWN1TjhCRmlWaHRDQ0NYa290ME5ZMG5MODQ1MkZUS0lZ?oc=5,Festival de bajones terminó en apagón en el occidente del país: usuarios protestan por soluciones El Pitazo
Venezuela,Búsqueda PDVSA (Google News),PDVSA,N/A,"Denuncian, Presunta, Financiera, Pdvsa, Sostuvo","Denuncian ante la CPI una presunta red financiera de Pdvsa que ""sostuvo la represión y centros de tortura en Venezuela"" - El Nacional",2026-09-09 18:48,https://news.google.com/rss/articles/CBMi6AFBVV95cUxQb2xya0ZnX3dUeVZFYVd2U3Q0YWFMTWxaZ1pLWVBfcHk0SC05bHZmLVVKOFFNZWxPX3dCOGJWS0hERGNaYmhGcVA5S2RzU2NuOTlGeUdIY3NjYnV2ejZQRndRc2VPbzA3TzhLLUxTa0ZLSkNyLV93TExWRnVyVjRHQXJpcW1rR3FuZDdDalRoQjNWNUd1VmQxcEYxbFdoSkpUQ2dfTjNBdU9FOGVGalJzTlBWOWFuQ1pjaHhVaElIaEpNb0hERW1RRXZlc2dQaDdfdVRoTm9DeGZGY1ZiUXhqM1BNMXRBME5S?oc=5,"Denuncian ante la CPI una presunta red financiera de Pdvsa que ""sostuvo la represión y centros de tortura en Venezuela"" El Nacional"
Venezuela,Búsqueda PDVSA (Google News),PDVSA,N/A,"Caso, Cisneros, Cómo, Venezuela, Apartó",El caso Cisneros: cómo Venezuela apartó a una petrolera local para beneficiar a nuevos socios estadounidenses - EL PAÍS,2026-09-09 09:30,https://news.google.com/rss/articles/CBMi5gFBVV95cUxNS0hpMWcyN296OVR6bk5ublozYWZGUHJncVNvWnBPQmdYeTlyUU1xbnNVbWIxeE8zaDdTRGZBSDFTT1Zkd1NhSEVGaDBwM1lzaDRnenYwdjdBTE9KRi1VMl9zU2hqMFJQNzJ5SmxwbDM1enMzbHpkZTdoSXNFTjBpaTZBdE0xc1h5SmZjMEhJeXVHM2dtRUpDVlJRLW1ITmM5ZTRCOWFpdGZyLUh6Ri1XbEZXOXVmYlNneWs2ZEliUW9leFFLTG84NWxXSUU4UERSYkZ0MHdKVmM3bUJ2bmJ6dkdtNm9jUdIB-gFBVV95cUxQcFZnWGtsVVRWNGozNTlBZWRMNlFVWXdMY2lIMzcyVGlEVTVSOUhUeTNMbVYxeUZJUHVqRGVWWXpzR25pSWxrbExCaDRRdk55YkdjZFRzS3JrdEQyRmVFLVdLd1c4WXNnb29Vb3pJbzdma01aR01xX1p5ckMteW45eE1GbDJRaGxudkZJdFMtcUUtVU53ZVlKTFp5cEtpYXhTdkEtc2M4U0dWeGdXVFVfUHU1ZXU2UVpmbFFLNTNINmhHUm94RTNHQ3BZQkFUMTZCX21KVFkwNjAtZThsMXBHekNBVU5LTVBfclV5dm1Ec0FHRF9ON2otejlB?oc=5,El caso Cisneros: cómo Venezuela apartó a una petrolera local para beneficiar a nuevos socios estadounidenses EL PAÍS
Venezuela,Búsqueda PDVSA (Google News),PDVSA,N/A,"Vivir, Gasolina, Petróleo, Nacional",Vivir sin gasolina sobre un mar de petróleo - El Nacional,2026-09-09 06:02,https://news.google.com/rss/articles/CBMiqwFBVV95cUxNbmJHWFNLVktGcVMzWGpaS0ZHekwyd2VYVXJWRm5EMUpxYkNwRDFQV1FYNEZmdkhOUjBkVU9UcVJ1SGRqTG1ocUJRYTJPWGc1aXBhZEQ4MEVIY2hfa3JaaFU0STU5UGEwRGZ3OUZfU0RZa2dTYm1DNC0wNDRHa1I3NDVCQV9LY0N3cDQ0UzFzX0hnalJWY3VrTm03bmhRdEpHaEg1ekhDS2s0RnM?oc=5,Vivir sin gasolina sobre un mar de petróleo El Nacional
Venezuela,Búsqueda PDVSA (Google News),PDVSA,N/A,"Familia, Maduro, Instala, Madrid, Mientras",La familia del ex ‘dos’ de Maduro se instala en Madrid mientras le juzgan por el ‘caso PDVSA’ - The Objective,2026-09-09 03:25,https://news.google.com/rss/articles/CBMiigFBVV95cUxNaEZwR2FkeWhKRDhwdF9qX093TTJlVklQdy1naEx6SWk3VVJ5LTBOS21xbFlKQ1NwZW9rN29sam90TnowUjF3UGNWaVJBRHFRRnNUd3RmODdieXozMVBJVGlGdXdFRG9iSzFfTWZRWndva29pXzVaMXlsbXZhOFlXdldsOHZMSEdOVGfSAY8BQVVfeXFMTkdvYU1pMGVvV1B5bGU1TTZ4UjIxRXU4R0s4RzRSNlNFb1pxQkt4NTBNUkhoVVE3Zm1yUnVfSVlISlBkNmZ1eWdGaXk0LU15LXZ6ZzEwcVdSdkdvRHVmbmNlclQ2UllIOGJfMGF4Wk05MmdmMVgxMzMxX2tRVHFWbFlNV0xuNjZYUGFGZ3FVME0?oc=5,La familia del ex ‘dos’ de Maduro se instala en Madrid mientras le juzgan por el ‘caso PDVSA’ The Objective
Venezuela,Búsqueda CORPOELEC (Google News),CORPOELEC,N/A,"Vecinos, Candelaria, Protestan, Apagones, Denuncian",Vecinos de La Candelaria protestan contra apagones y denuncian «cierre técnico» de Corpoelec - Confirmado,2026-09-09 01:50,https://news.google.com/rss/articles/CBMiuAFBVV95cUxQNUFqQnBHQkxhSlI4VEEyZk4xQUJJaFJ2WFo4M1hsRzNiYzhHWXp0OGRNRThyQ3A0UVdQX2ZQQWVNQXVFeU1VaTBNcnFsbDFweHJOaVJQcS1ZUjdCc0wyc0VBcy15U1RHQkNHY0tfZDVWcjNVMUhsUEFfRmdxdmotd1RzS2lmdlBsQ3lnUnZGdXhVbkhRQmhOQk8zNGV2YVlIWkpqUXczeV9JNVc4aGJWSk82V3Jxc0xD?oc=5,Vecinos de La Candelaria protestan contra apagones y denuncian «cierre técnico» de Corpoelec Confirmado
Venezuela,Búsqueda CORPOELEC (Google News),CORPOELEC,N/A,"Corpoelec, Intensifica, Cobros, Cortes, Barquisimeto",Corpoelec intensifica cobros y cortes en Barquisimeto ante crisis eléctrica - El Informador Venezuela,2026-09-08 21:33,https://news.google.com/rss/articles/CBMingFBVV95cUxOU1IyMmxGRUpNRVJleFczX1R2X2Z1RXVaejdNQVVjMEFudElnaXBPcTlmQzZRbW4zdkZDdnltemFNSjNXZUI1aGQxQnlUUkR2c1F0Ujk2czdPSGhkcVdpN21aS3ZPWEZweWJtV3A0d3lxYW1Ib2VfN3Bsdm4wTzB6am9URmItblZiWDE5eTNPcjVkS2VxcjZyS2JRZEN2dw?oc=5,Corpoelec intensifica cobros y cortes en Barquisimeto ante crisis eléctrica El Informador Venezuela
Venezuela,Búsqueda PDVSA (Google News),PDVSA,N/A,"Venezuela, Estrategia, Petrolera, Asegura, Nuevo",Estrategia petrolera: Eni asegura nuevo acuerdo en Venezuela para recuperar millonaria deuda acumulada con PDVSA - El Informador Venezuela,2026-09-08 20:35,https://news.google.com/rss/articles/CBMi8wFBVV95cUxQWkpTRkFtZjVUbHd4RVNuUy1acTNaWG84OGMxcFJaazFEYVRWdnY2OGRPUkZuZkhnQlZSRnJBaGlIdFE1cUJweWxvY3JVMEZUbW5Ga21aSUNGcjkwTUc0NGhlMDNTcXFVcmtybTNpc3dXN200cDNqNXVVLVJsUjJRb0s0b0tmTkxGeTk3cVpZOVV0S0swQTBMNTA3VG9HTXFhNFZJR2xMMXpvd3JzdXZVZlR0SWZJbmltMXdMWG5uVk5udHFqNDRPWWh4RTA5UFY2RC1vdEIxM0JhQlpGUk44VWp1RmU4YWVEWEo1aWhHY1p5RTg?oc=5,Estrategia petrolera: Eni asegura nuevo acuerdo en Venezuela para recuperar millonaria deuda acumulada con PDVSA El Informador Venezuela
Venezuela,Búsqueda PDVSA (Google News),PDVSA,N/A,"Pdvsa, Proyecta, Alcanzar, Millones, Barriles","PDVSA proyecta alcanzar 1,5 millones de barriles diarios para 2027 y contempla incorporar a 100.000 trabajadores #8Sep - El Impulso",2026-09-08 20:30,https://news.google.com/rss/articles/CBMi6gFBVV95cUxOYWN1Zm95OHVLVThleHA5N0t3MDZDYmx4Vl9YOGVLWnNmR2tHdTRaSk81N3JnRUc2VkVTeERpV2JpRzZBMzFGSWxucm1nLW5HenloMmU0WklYbWRLdFpCMXVKM3RNcEtzeGt4eGN2M2xaTmNDVzdxNW1SeU1haHpBcjZISUhLVTFMQkZKb2dZYUhmcy1NRzNHVmZRUUVUTGR6ZUt6TWw1SVVySnFmdWU5WklFS0pDaFVudWwwaEV0MVBfbmdrNzJsQnZGOV95cUNOVGtjNGNlbUJWSTBreUxhSUZrNE05ZExYalE?oc=5,"PDVSA proyecta alcanzar 1,5 millones de barriles diarios para 2027 y contempla incorporar a 100.000 trabajadores #8Sep El Impulso"
Venezuela,Búsqueda PDVSA (Google News),PDVSA,N/A,"Pdvsa, Prioriza, Desarrollo, Campos, Greenfield",PDVSA prioriza desarrollo de campos Greenfield en la Faja del Orinoco para impulsar la producción de Merey 16 - Yvke Mundial,2026-09-08 16:30,https://news.google.com/rss/articles/CBMi1AFBVV95cUxPQkVwckhFa1JoRXc0cEZhUjBPMzl6VU1DNG13a3o1NnJoaHFJa2F2Y0poamc1X0lfX01DckZfWWNWYk1uTVM5dC1QWFRIM0tkV3NBWDgxc2pBcXFVaVNVOGluZm0xZl9CcF9oeE9BUFF0ZkFweGFoVnUxdkV0cFNzamFIcnQ3N2t5NVZjWWhWbFQ4UmFGNmllY19GcXRLYWtOdGUzLUZMTzRCMnFpeVVnYXdVQkRoTGRBUUU1TXJiV1hYeDNpRF9peDVlMS04Y09ESjVkUw?oc=5,PDVSA prioriza desarrollo de campos Greenfield en la Faja del Orinoco para impulsar la producción de Merey 16 Yvke Mundial
Venezuela,Búsqueda PDVSA (Google News),PDVSA,N/A,"Pdvsa, Proyecta, Producción, Millones, Barriles","PDVSA proyecta producción de 1,5 millones de barriles diarios para 2027 - radiomiraflores.net.ve",2026-09-08 16:20,https://news.google.com/rss/articles/CBMipAFBVV95cUxQOXdwVllOSDYyWElRWlJET2RLdEZObWV3M2Z0Um54TlgzUEFGbFNodUVRQTVTUTlrQ0JNU3U3Y21CRVJMYk1QTGxFUnBLdlNVeV9vMlBIajktc3AyOE1FUGRJVDNCdnBsM3JTSHBGUVN3akNXeWc4dWxVS2pnWWpXRGxrNnVTSVI3eUgtWU1UYW1hcW81dGdkcmhHZXh4TzRIZzBFVQ?oc=5,"PDVSA proyecta producción de 1,5 millones de barriles diarios para 2027 radiomiraflores.net.ve"
Venezuela,Búsqueda PDVSA (Google News),PDVSA,N/A,"Expresidente, Explotación, Producción, Pdvsa, Analiza",Expresidente de Explotación y Producción de PDVSA analiza los acuerdos petroleros entre Venezuela y EEUU - Mundo UR,2026-09-08 14:10,https://news.google.com/rss/articles/CBMizgFBVV95cUxOVUxkMm9mVDNDMlF1VzVlT1ZLd3c3ZXpGam94UGFUZmo4MjRCbi1vS05zczJfMi1Oei00S0JZSm05VWZzUFZncWRvX01CanNYVC1tRFJYN0Z1Sl9Ja2o0RGZWRWpDWHR0N2cwR013QXBSYVlnRXFXb0tGQ1NuN0dBbFZWVlppOXBtRjZCdlU0OXJqaTNaLVFtamxvR3NNRmFwbU5qVDVBN20xaGpyYWl3WXRYWTJwcDRJdU1Qb3NFYjhhaHRndndoRmIxUnRidw?oc=5,Expresidente de Explotación y Producción de PDVSA analiza los acuerdos petroleros entre Venezuela y EEUU Mundo UR
Venezuela,Búsqueda PDVSA (Google News),PDVSA,N/A,"Barriles, Petróleo, Plan, Geopark, Tras",De 11.000 a 95.000 barriles de petróleo: el plan de GeoPark tras acuerdo con PDVSA en Venezuela - La FM,2026-09-08 13:22,https://news.google.com/rss/articles/CBMiiwFBVV95cUxQSFNXYlpaeXBYVWIwenFhTkJQLU52bEZvY2kwNGt6XzR2aXNidWkzTU1zV3kxdjlHcVR6SGhaNWU0QVhCQUFKbG5EcVVPY0Q4TTVXNVNhVkZOSnlvYjVXUVZkZEYxXy1NZFFWbUlSOU91bjZsZ2lLclBOS2lsNk9vVmliSmFyOU1Kblow0gGLAUFVX3lxTE9sWXZCeTVrMmZzVFpBRGY5ZGJoaU52d192RDRyVU5jWktJMVlScUFaMnZiSGdhYVlhY3JsR3M1bVQyZkJHVzNRcUxTU1dWd2NidVFETDliT1hmU0RYRFIzNW5sNlpMZkFJWnF3VU9UNkxzSWRrSjRCclFGMnVfT2xPaUYwZ09pZjloYms?oc=5,De 11.000 a 95.000 barriles de petróleo: el plan de GeoPark tras acuerdo con PDVSA en Venezuela La FM
Venezuela,Búsqueda PDVSA (Google News),PDVSA,N/A,"Ganar, Héctor, Obregón, Presidente, Pdvsa","Héctor Obregón, presidente de Pdvsa: “Esta es una relación ganar-ganar - Diario La Nación – Lo dice siempre",2026-09-08 11:26,https://news.google.com/rss/articles/CBMiowFBVV95cUxPVVVOX1FDLUstQzQ2cmVFazRoaFVRdEVGdm9rdzJHMG9fVW5lblVpZE84eUM2QVJ2NnV1elRBUEM0bHhtTXEyVFdOSzAtZUo3YnJtMm1mSTQyZGpQMGVTM09ZOE1YUDNudGNNcGJHbnljMVVkZ25qbXhqNmtsd0ZpYThHc3dSWFJxei1RVnB0Wm0yQV9GMmVCUWZreHo0ZnhjNkxZ?oc=5,"Héctor Obregón, presidente de Pdvsa: “Esta es una relación ganar-ganar Diario La Nación – Lo dice siempre"
Venezuela,Búsqueda PDVSA (Google News),PDVSA,N/A,"Andrés, Sosa, Pietri, Venezuela, Tiene",Andrés Sosa Pietri: Venezuela tiene capacidad para producir 15 millones de barriles diarios - El Nacional,2026-09-08 10:23,https://news.google.com/rss/articles/CBMiqwFBVV95cUxNWkRXZDlmMHhTa2ZBWjlySEJGeTg0cU9ia2hZTHdqTl80Q3BIQnFnZ3BPNkd5MTdnbzJzWnVrb1dNZ0NIRTRnQVpxUEp1aHNsZnhhN09TMlBpN3hFek5PR0dNaW9xOGJkTEdpVENGZ1JWaG5KLW5TUWhEM3VkT25ROWJZZVhlMEVsQkVDSFdIczlhR09RNERBQ3UxWThjcGhVUzRiMWY2YlhERjA?oc=5,Andrés Sosa Pietri: Venezuela tiene capacidad para producir 15 millones de barriles diarios El Nacional
Venezuela,Búsqueda PDVSA (Google News),PDVSA,N/A,"Presidente, Pdvsa, Dice, Acuerdo, Petrolero",Presidente de PDVSA dice que acuerdo petrolero entre Venezuela y EE.UU. es renovable - Noticias Venevisión,2026-09-08 10:00,https://news.google.com/rss/articles/CBMiywFBVV95cUxOLXRVM1J6THpCbDd0U0l6Y21wWkZQZFVSZWtfazVsUHNFclVORXBSb1NkY1E0eW1Rc0d3azl0YWpzaFdsMEZmS2hOZWVIVVNDSk9xQ3VsRU5ab2plTUlkODFCRUxQT3NESzlQQlltQkpua0hfQ1JfTmttUk5OdVpmamFCc0JDU1B4cDQxd21EUlp2dHRxUHR3XzFibE85R2IyeEEwRWpHOTliQVNrSEJkUVJpQzJ0UXpDNjdnMW9vVTJweTdrZllpNGczNA?oc=5,Presidente de PDVSA dice que acuerdo petrolero entre Venezuela y EE.UU. es renovable Noticias Venevisión
Venezuela,Búsqueda PDVSA (Google News),PDVSA,N/A,"Acuerdo, Petrolero, Venezuela, Será, Indefinido","Acuerdo petrolero entre Venezuela y EE.UU., ¿será indefinido? - Diario La Hora",2026-09-08 05:07,https://news.google.com/rss/articles/CBMirgFBVV95cUxPeTNnVjBIdmFROXYwMVU1Q2U1dDV1Y2xJdHR3ZEFmMHZDTGczWGRIS01SRjRleVpRMkdicmx3LWNwbzJYcVJqOVBMZlI2aDBGTHhEQnc5eW42M0ktZnMzc19TTDRKRVpaem9xRW1rcEZwQ245dmRXTkh3U1BhNEtBLWtsSVdGX0ZuaXBQbWRMVU1oa0dtclZMX0NHaXFKTWduNmVqbDFDckRPNTBGVHc?oc=5,"Acuerdo petrolero entre Venezuela y EE.UU., ¿será indefinido? Diario La Hora"
Venezuela,Búsqueda PDVSA (Google News),PDVSA,N/A,"Pacto, Petrolero, Estados, Unidos, Venezuela","El pacto petrolero entre Estados Unidos y Venezuela, un acuerdo lastrado por las condiciones de Trump - EL PAÍS",2026-09-08 04:00,https://news.google.com/rss/articles/CBMi2wFBVV95cUxNd2tRTGtCdWo1UG03bnVUbDdoOExhdGZ0MVh5UEM2TUxwdXl0ZXl1U2V2bTRTQ3RpSUhwUDlnX0FmREhIdHNHMHB1LTdQTTUyaGd4blh0NGw1aVhUUU9YMVJyWlV2elhIWUZZRzJyWkVlVU41ZThBNzc2MjdVQnhOSVNleVNzY1ExbC1nQ1JHOElPRWJhZUZhY0tHWEY5QkJsVTF6dTFWRjlUQlhTeHkxQUlLbHVrellkam9DY0Q5RGhKMlFkS0J5anNVVzJvbTlOblQwcno4Q015a2_SAe8BQVVfeXFMT2pyUDhScV9sR3ZYZHBPaUJxUjFid1UwOTFtWHlPbGFnYkRaNC1Ua2QzVGVkcUppanJrVHVhQ05UdFozWWpxdHlHVEJoOTJYVXJLY2hCNUpPdGc5UWlhbTkwaldLZEgweVVpVkF3RGpPcmtoV01tellTYkpsbHVfZ0VXd0JWbTZ1bzdSVUtYMzFpNzNIWUtWSDF6ZndPRnR4S0RHRWFhQ0JTUjFnZllqN2pneGVoQ2ltZFlQRTVIT25oWjBTSjFIWVVzOHgyekFnQUVsNWphVHZocF9sVkh1cVJqdlhFNnppYTAtcmNJeHc?oc=5,"El pacto petrolero entre Estados Unidos y Venezuela, un acuerdo lastrado por las condiciones de Trump EL PAÍS"
Venezuela,Búsqueda PDVSA (Google News),PDVSA,N/A,"Pdvsa, Dice, Acuerdo, Petrolero, Venezuela",PDVSA dice que acuerdo petrolero entre Venezuela y Estados Unidos es renovable - gestion.pe,2026-09-08 03:34,https://news.google.com/rss/articles/CBMi4wFBVV95cUxORkpWMmc3c0NyUTk2cGY3bE1oRHVxeWtTQUlDcWFjdjBBYjVMNmt0YUhYTXluUFU4aDhWLW9iYm1rMF9IdW1xNmwzazJqNmFpOXNrckNEMHp1TXhkYS1YWFlNU2ZRX0ZURnVKQU1DLVc0Sk9LUkxzempLNGN2bThfM0VveTNyZElseXhBcW1wWVF6Zkw1T1RvU3VtSVBmVUZFWUEwejNRUDhsSGZWMDJyazhXMlNjYXFLLVQxTkVvcWdGVHpraUNUYWpHVjFjMnBjUDlXUE5XY254cG1GOUgzSG5aaw?oc=5,PDVSA dice que acuerdo petrolero entre Venezuela y Estados Unidos es renovable gestion.pe
Venezuela,Búsqueda PDVSA (Google News),PDVSA,N/A,"Prevé, Años, Está, Posibilidad, Renovación","""Se prevé 25 años, pero está la posibilidad de renovación las veces que sea necesario"": presidente de Pdvsa sobre acuerdo petrolero entre EE. UU. y Venezuela - NTN24",2026-09-08 02:25,https://news.google.com/rss/articles/CBMipwJBVV95cUxOemxUY3lyV3BLOUltdWFVc3FLMFdDREZhSk1xMTRORzlGcnVGZERfT2k0SENmdGh2Qm1HQTVQcEdISUtDU2RjX1pHSy1HOW4xR0pxQ0ZfdEpJZm96Zy1NbjF1ODRhMmVmbHdUb05yWVBuNGFRbmgwZ2NUVFVTYjNWVnBSRkhQQ3p6dHh1RHd5a3p3NlJGWnp5WGdkT3FSWjNVYlR0aEZiLUNseVA5VmowUWd4QjgwbGZTd3k2Sjd3N3lMUjFvRFVPZ2JOUXJIYUZiX3prYk9KQkhoRldTZFZHTHgzV3VMZlRsRWR2aHMxYmNncjFiZVd3RE1vR1dpVWZ4dXV3cWhNNzYzdnNQRWwxZFh2eThDQWlsODltV3gyTVdqaHhKRTQw0gGnAkFVX3lxTFBLeXFUbFFudWJUaGpIcndGXzluemVZeFFTenNscGNka3RUN2d2aGctR2c0NjdQdklNZi0tVjZBamV3Ykh1Qk5OQUhBSUJYc2JXX2FXYjloM2RwRzJLWFo1ZUhWQnZuOG9MMjNTMXh1NXFPZDhWdnBLeWd0V1VrTV9SY0pmYmVQSDhNbkpsaHZ1VVBDbFNmdFVoMnNwRVdwbElTcEl1Q3Qta3F1dTdxRnZGZkxMZjlGUzVvWjNsMk5pT1ZrTDItRFljRDFab2F6ZFQ4dk9kUDVpTGVSWHZOVENIZnJfVlZ0Sl8taG1TWWtpMEpDVno1aFBSNks4UnpzLVA2eFVEekp1dWFZZzR4TlhZU3JvaHo3YktGS2htOG5lcmo0dm8zbGc?oc=5,"""Se prevé 25 años, pero está la posibilidad de renovación las veces que sea necesario"": presidente de Pdvsa sobre acuerdo petrolero entre EE. UU. y Venezuela NTN24"
Venezuela,Búsqueda PDVSA (Google News),PDVSA,N/A,"Según, Presidente, Pdvsa, Reformas, Legales","Según el presidente de Pdvsa, reformas legales crean condiciones para atraer inversión - TalCual",2026-09-08 01:32,https://news.google.com/rss/articles/CBMiswFBVV95cUxQSE9MTWhBRS15c1JfdzRoOFNyNVJaaWpnbE1HOFFaN3dpOUZEa3dVR2RMRGhheVA0eGE4UGhGWFlNR0NvcHprdFI5enBrcE95YzVVNXpLRUxtRk85N2gwT0g0QWdYUXhCd1ZDbWQxQ3pLY2VqSnF2bzNhalNGSmFXdXNFNFY2X1RCMkJ6YVhpYndZQWlnMUE4RlFwelI0WW5fbGh3Yjl5dlM2Ym5KUFFFRFV1Yw?oc=5,"Según el presidente de Pdvsa, reformas legales crean condiciones para atraer inversión TalCual"
Venezuela,Búsqueda PDVSA (Google News),PDVSA,N/A,"Presidente, Pdvsa, Pacto, Eeuu, Durará",Presidente de Pdvsa: pacto con EEUU durará 25 años y se renovará «las veces necesarias» - TalCual,2026-09-08 01:04,https://news.google.com/rss/articles/CBMisgFBVV95cUxORElTa0VtdEZxR0pUcDlxTm5NS3piRE15X3NEX1VPbzN0VkFMUjFfN1lRMjQ4VTBCaFNxTHVNemptSmx2Q20xUlQ1MDVwdzZxN29ZUE83eDFJbUlDR285bk5RVjhMWXlNTGc5aE9Nb3hjR1RZQ1I5VzQtZmtfZC1uX2tnS2NqVUd2MHBsb3ZmZk4xUlhLRWFyZXM1ZXFraS1MVDRZTXd2N0ZKTVB4dnhMWjZn?oc=5,Presidente de Pdvsa: pacto con EEUU durará 25 años y se renovará «las veces necesarias» TalCual
Venezuela,Búsqueda PDVSA (Google News),PDVSA,N/A,"Pdvsa, Fondos, Venezuela, Cuentas, Tesoro",Pdvsa: Fondos de Venezuela en cuentas del Tesoro protegen los recursos - Portuguesa Reporta,2026-09-08 00:30,https://news.google.com/rss/articles/CBMisAFBVV95cUxOeVE5blR2bkIyOVJwSXZNNGdtcTNFUnNhTThUWHJ3WTdFc1VrRzMyTldZaURuNGdpcnB5Q3Y0aGtuZzRNREx2d2NsNTJ6bHBaQVBDY3EtTTVPemtucXdIZkJBY05ZRllxTkpWcEVONG83dmRxT0hBRzZ6VFM4VWhDcnB2VGo4U0RrSWJkZEpkNmRCNEM0aXVrOUZhTFk2VnE3VFduYktQN0RaSmYzbDN4Tg?oc=5,Pdvsa: Fondos de Venezuela en cuentas del Tesoro protegen los recursos Portuguesa Reporta
Venezuela,Búsqueda PDVSA (Google News),PDVSA,N/A,"Pdvsa, Afirmó, Acuerdo, Petrolero, Estados",PDVSA afirmó que el acuerdo petrolero con Estados Unidos podrá ser renovado “las veces que sean necesarias” - infobae.com,2026-09-07 23:50,https://news.google.com/rss/articles/CBMi5gFBVV95cUxPbXNtTHVrTFIxQ0lXRkhZUG91UFN4WEE2MjY4XzUzbUlhVzV1MWplMFpmSlZUWUZ2UmhGQW9pU2FROEFMeFRMMVNsYkZLRk0wWERDVXBYdkJzSHZaVmI4UUxBdHVDdm43QkNtTkdXNll6LVBpX2w5M0tqWlFqejBwd1JPYXFyS0w0UTBHVTdnZlBXU3lROTM0X1A5TGVfWC1ZZTd5SS1jeWdTWU1sLUQ5M244OHI5akZoSS1EWUlhN2M4S29sS3ZadlNILTczZzlHMXFjSTYzN25RNDdQQmJYQlZKTHd0UdIBgAJBVV95cUxOcTFzZWpSSWdOdFFTcExNYUtSQzREdTFPWmxlQlFSVDlCZFh1LXdvY3J6RVp3ckdmY18wekhaN0V2dlVGblR3ZXdablpGeG9KZGRPRFdRUnRWdDRIVnBxd0hwdXRjRVowMWlRYnZmNU9QZDFQVmFCN084eTJmNVhDOERyNko3dERkYzVkeVM0MTY3Z1FIMXNDVTd1UTU3ZnJxdFQwZTVLZ0ZYeVdDa1lrcmc3ME1ITW9HNF9mU014LXctOGc3eHViLXRMRTNtb0hxQXRfaVltd3FScFJMN2xDVDkxdlk3VFNFMXFGREpYaTNZOUhQa2ZUT0IwNklxeWMy?oc=5,PDVSA afirmó que el acuerdo petrolero con Estados Unidos podrá ser renovado “las veces que sean necesarias” infobae.com
Venezuela,Búsqueda PDVSA (Google News),PDVSA,N/A,"Presidente, Pdvsa, Informa, Contratos, Durarán",Presidente de Pdvsa informa que contratos con EE.UU. durarán 25 años y prevén renovaciones #7Sep - El Impulso,2026-09-07 23:30,https://news.google.com/rss/articles/CBMizAFBVV95cUxORE1VT3JtWG0tOXI2RHJWYm05bVBqTEJOUUcyVkRhbnhUMDRJVFVvbmc1aktMWDV1TktuTVpjMnlTU3ZQNHhueVhVemNseHc0TVJYSkZCQTYwaDdzTVFJQ3lvUXZldkpNTlVTVk1oSEUtM0owaVd0aGYzYkhZRU9FZXMtd0lFdzZPdWVBdkZuMHNwakZQMkc1WFpDQndxQ2tyQlA2RzQtNUZnUUtwLXQ0anRuMmV6M0dXQ2FYLVd6SEQ1WF95VlZHWU5waFc?oc=5,Presidente de Pdvsa informa que contratos con EE.UU. durarán 25 años y prevén renovaciones #7Sep El Impulso
Venezuela,Búsqueda PDVSA (Google News),PDVSA,N/A,"Pdvsa, Prevé, Captar, Millones, Dólares",PDVSA prevé captar 100.000 millones de dólares de EE.UU - Diario Avance,2026-09-07 22:54,https://news.google.com/rss/articles/CBMiiAFBVV95cUxPckY1YlFseklaY0kzb1FTUlRQQlRGcU9WSDJkOUFxZUJVRXQtR3c2S192VHhtaHc4RWxZV0xKSzczN3o1a000ZnRKWEZJTVdhZjBwQi1YQTlyWDZtQ3FSbFRES3YxTUtjbTFkNFktclpGQjkwSkJRLXpITV9ZelRrTkJFWkl1Ti1G?oc=5,PDVSA prevé captar 100.000 millones de dólares de EE.UU Diario Avance
Venezuela,Búsqueda PDVSA (Google News),PDVSA,N/A,"Aspira, Cobrar, Deuda, Pendiente, Invertir",Eni aspira a cobrar deuda pendiente e invertir US$1.500 millones anuales en la Faja del Orinoco junto con PDVSA - Banca y Negocios,2026-09-07 22:45,https://news.google.com/rss/articles/CBMizwFBVV95cUxQTzlQMU1JVXlwMEZpTXA3MHBwSnp0ZGQyYVB1SVhla3NWSzhiWE9GWUt2V3BlNU5lOXpMcG1pd21JYTRwSFB2ci1ZVWt1Zks4RUdZM2ZVRkoxLXctUUpVNHRZWF96LWhmeW82MFN3dkc3QXAwVTVOOHdqNHNFWXVuOVNVbXdyTW8wMDFoV1BKWnk2Q2d5emwtQnNwWTEwQWxHWEpZWi1MS09sVnhjWXY2SmdNN0Z1cEF2VmgtN08yWlNVdHdSUkRrNWFzMzI4MDg?oc=5,Eni aspira a cobrar deuda pendiente e invertir US$1.500 millones anuales en la Faja del Orinoco junto con PDVSA Banca y Negocios
Venezuela,Búsqueda PDVSA (Google News),PDVSA,N/A,"Detenido, Zulia, Hurto, Tuberías, Bombeo","Por hurto de tuberías de bombeo mecánico de hidrocarburos fue detenido un hombre en el Zulia Ronald José Estrada Rondón (34), fue detenido en el Sector Las Granjas, avenida principal, parroquia Libertad, municipio Lagunillas, estado Zulia, por funciona - instagram.com",2026-09-07 22:15,https://news.google.com/rss/articles/CBMiUkFVX3lxTE96bkp5M3FjdmhmSUNHblhtUnNPSFh0X01jYmVJTDBFR01yV2xzanRweG5Kd3hwcElNV0hOclJva05wUi03dmtOX2VwVDVNckRKTVE?oc=5,"Por hurto de tuberías de bombeo mecánico de hidrocarburos fue detenido un hombre en el Zulia Ronald José Estrada Rondón (34), fue detenido en el Sector Las Granjas, avenida principal, parroquia Libertad, municipio Lagunillas, estado Zulia, por funciona instagram.com"
Venezuela,Búsqueda PDVSA (Google News),PDVSA,N/A,"Pdvsa, Aumento, Producción, Petrolera, Generará",PDVSA: El aumento de la producción petrolera generará no menos de 100.000 empleos directos - Banca y Negocios,2026-09-07 21:00,https://news.google.com/rss/articles/CBMivgFBVV95cUxPM2pjRHlpZzk2Z1QyQW1aQ09NTG83UEJLc2lwSUhGNUllUmhDN2syTldtV3dVbDZfbUgtWVBmZzQySkkwOW5xc2hWQnJsTkpIUmVUWUZ4OVpIN2h0MWdYc2hBUFcwR0QxQTBiY2hUVVVrelpaUDBTbXJIazRhSkN1VldOblFkX1R2Q1NNZFF1TXd5QjZ3SWc1ejkzZkFoUmxpRW5JMEdoaVRUTzRUSHZlcjhZQjNsSklhdmVCa1hB?oc=5,PDVSA: El aumento de la producción petrolera generará no menos de 100.000 empleos directos Banca y Negocios
Venezuela,Búsqueda PDVSA (Google News),PDVSA,N/A,"Credo, Jaime, Gilinski, Creemos, Venezuela",El credo de Jaime Gilinski: “Creemos en Venezuela y en la capacidad de recuperación de su industria petrolera” - PETROGUIA,2026-09-07 19:53,https://news.google.com/rss/articles/CBMi4AFBVV95cUxPM09yTllBQ0pEelZ5U052T2hQN2VBbzNORjlEcmdwOE9rd3Rxa2FEUFBBa2lDdkl6OWJwbU5valVINWppblFEcWFsUDhXOHRnTkY2Mjl5anRQejVQMmFDeGxUWDdVR0laaEhPUzR3N3hRTG5pTTIzbmJnc0ZOd0Z2dFZqQjBPNFNBNV8wWndZNVZRX2ljS2JwTHhmU3JPakx2YVJDZmp3Q1lreDlKWmdrUENQQ3E1emluUTRHRjlyT3JjaDVuZnBMaTcyNjNhbUZIMmJjZHFmdGtkYmVTUGlNeg?oc=5,El credo de Jaime Gilinski: “Creemos en Venezuela y en la capacidad de recuperación de su industria petrolera” PETROGUIA
Venezuela,Búsqueda PDVSA (Google News),PDVSA,N/A,"Pdvsa, Prevé, Alcanzar, Millón, Medio",Pdvsa prevé alcanzar un millón y medio de barriles diarios para el 2027 - Notiprensa Digital,2026-09-07 19:34,https://news.google.com/rss/articles/CBMipAFBVV95cUxQS213STZQREhnT3NMYXhNOEZ5MUFLQUJTSWpZWUVOT3lEU2RvU2dCRkxZc0VKd2w3WEotd1BsdENJbzR2RFdWRmdnOVE3SFN1dlNVTVdHUXNLVF9Kd2MxTU9LZDRLbm02alBpMkVBVDZxd24tbWNBWk9yanBuRkVlZWRKYkVJdEkwd1RQclAwRTAyLVlOUzRsWVpSQWtza3lTTUg4Qw?oc=5,Pdvsa prevé alcanzar un millón y medio de barriles diarios para el 2027 Notiprensa Digital
Venezuela,Búsqueda PDVSA (Google News),PDVSA,N/A,"Justicia, Española, Rastrea, Millones, Pdvsa",Justicia española rastrea 15 millones de PDVSA vinculados a comisiones para el PSOE - PanAm Post,2026-09-07 19:29,https://news.google.com/rss/articles/CBMizgFBVV95cUxPYXJpRVIzVHEwSTJsSVhqQ3ZqODhCMGNyaTRObElXeG4xM3NwWVlBTFRnTkh3R1ZCclNEYy1jdUVJdllRU2pmYWpCenRLamtseF84ZDFDZklZS0pkX2hWd2RGSFBQbWtjVDVFOVlZZjdXSTkwRTlxUzB2QlNLQnFEM3ZDZ2tLODNzbnBfTHJ3dGxZMGdLVFN3eHVpbWM3QkZIN3owRExZYzBnaUZQUklhQlFhaWFhTE9ncFRGQ3FSMzd3dV9IbDRKeGd0cnlFdw?oc=5,Justicia española rastrea 15 millones de PDVSA vinculados a comisiones para el PSOE PanAm Post
Venezuela,Búsqueda PDVSA (Google News),PDVSA,N/A,"Pdvsa, Proyecta, Captar, Millones, Mediante",PDVSA proyecta captar $100.000 millones mediante acuerdos con EE. UU. - Noticias Barquisimeto,2026-09-07 19:20,https://news.google.com/rss/articles/CBMipwFBVV95cUxPNWNGcFFlWWxGM0UyVjFtOXBfbXExNGJiTjg2Tjc4Rm05T1VwWlA1d0haUllUaTEyS2Q3NkNTYlc4T0FST2FLR2Jnd090OEJ6cENXSmE2U0g1UjY2ZUlrR1VPUWhvbk00cjdKM1NiZnlLTzFPT05zam1POGNfdkVVQ0Jmek1NVjRmZ0ZJMzktUmlYWGlVM3VwZERQY3VCUnJ4S0szRFlzYw?oc=5,PDVSA proyecta captar $100.000 millones mediante acuerdos con EE. UU. Noticias Barquisimeto
Venezuela,Búsqueda PDVSA (Google News),PDVSA,N/A,"Presidente, Pdvsa, Dice, Acuerdo, Eeuu",Presidente de Pdvsa dice que acuerdo con EEUU es a 25 años pero es renovable - efectococuyo.com,2026-09-07 18:57,https://news.google.com/rss/articles/CBMisAFBVV95cUxOMkFKWHVOdkV0MHBWWlZfWHJvZ0RBUnFtVkc1UFJCQlhiZFY4R2hZOUN6d2M5ZGhpN3NYck13Ym9fRmdTalYtc3RMRWtiMmUxM0ZmNWxjdVc0SG83Y1ZfY0ZjRUs3SmxIc1lkV05jN3h0YkFrWVFaQ0YzRE9GQWZ2WHkwRS1XZ2ptVkxpaW1vaTdYX0I0U1FxNWRMWnM5WXpXS1JVbW9VenZDWi1BWlQwaQ?oc=5,Presidente de Pdvsa dice que acuerdo con EEUU es a 25 años pero es renovable efectococuyo.com
Venezuela,Búsqueda PDVSA (Google News),PDVSA,N/A,"Presidente, Pdvsa, Acuerdo, Venezuela, Estados",Presidente de Pdvsa: acuerdo entre Venezuela y Estados Unidos es renovable indefinidamente - Caracol Radio,2026-09-07 18:57,https://news.google.com/rss/articles/CBMiwgFBVV95cUxNQTl2U3BXSUNGcC1sLWg3M3llbXBoOWdMdlFjaHJVSWtKb1Q3SURfY0ZMU1RuMVJIMjdfRWdVd2x1N1ZFTjBnc05xVkxtZ2w1eUU0M3Q3UDJFaXMyeHpaNTJ4Y05Ub0xWRGx1b0s4U0pyMU54VVlzNElRTlU1MmtKM1h3THEzWFN3alZKRXo1RFlFSHVtOWZKSGlhUWJLQk9xcWVuNzh6S2xUaHVpZnp6UldmdlR6WnU0bW94SEZsZFBTQdIB1gFBVV95cUxPcmYzWWFrWExFVk5qb2pzajhldi1uVjVtR294MkhxV2ZDV1pZVFlkaGxMbTZlSzAtUG9ubVlsTTB6U2g1QzE0WUtsSEV6MVdMTkZIYjE4bUdySS1wTjBscUh3RDNuUThNaTliQnlsLUdxRE43ejVHMzdwQktjXzBJMS15VkdpV20yRHd6YXZXRnRFRlBYUl9jOUpZZDNiMEpxU0pYcHJrdUwwdUdRd0tYbEl6dTctdGdmVTFMbGN2SjAwZVBHZkxpT2dhQ3BJeHMxY1dwbl9n?oc=5,Presidente de Pdvsa: acuerdo entre Venezuela y Estados Unidos es renovable indefinidamente Caracol Radio
Venezuela,Búsqueda PDVSA (Google News),PDVSA,N/A,"Presidente, Estatal, Pdvsa, Dice, Acuerdo",Presidente de estatal PDVSA dice que acuerdo petrolero entre Venezuela y EE.UU. es renovable - El Comercio Perú,2026-09-07 17:00,https://news.google.com/rss/articles/CBMikgJBVV95cUxNelU5eHZPQXRRTDRGcWlvaDFIcUtXLUdpdE9KcHVkQlAwS1EzcXo4TDB3X3MwZXVxbkpCSHNaWkVjd2g2RjI2ajdMQjcwaWpITXdkZ0hCZ3BXZXBqMjZlUXNEY3h5bEQxSmxnQkw4RFNtVWFTQnpDeXJrWkgxelRDdlpKeXN5aDJibDl2MHlEd2g2ZDdrcUFEd2x4eFRGdnJwWXQ1U0dJZWw2V3hyT05fN0dCbGVmTFBfbU9jcDdveWxvV1lwblJKOTM1RlNGZC1BbkJEVDg1ZjhWV3RiX1RZUjhqLUJJbkdFaVZjSHYwR3p1bFlERVg0N1JFMk55VERXaEppdUlRRXBvM3YyTDhBVnVn?oc=5,Presidente de estatal PDVSA dice que acuerdo petrolero entre Venezuela y EE.UU. es renovable El Comercio Perú
Venezuela,Búsqueda PDVSA (Google News),PDVSA,N/A,"Presidente, Pdvsa, Afirma, Acuerdo, Petrolero",Presidente de PDVSA afirma que el acuerdo petrolero con EE UU es renovable - El Diario Venezuela,2026-09-07 16:58,https://news.google.com/rss/articles/CBMijwFBVV95cUxNa2FOb0xKX190VWp2Skc5UlBfV2lBbDlTMG5mT1VVZ2FCRHpvNm94WXVwX2U2cE9QN0d1VnRrX252NEp3eWR3OTJKRTg0LTNtWjU4VmRGaU12ejBHNmozNzZjX3o2Y2NGbHEyaGtYWndsc2NOT2RTcUExRW9YRVBGaU1Vc25wcy0wT3h1S2IyYw?oc=5,Presidente de PDVSA afirma que el acuerdo petrolero con EE UU es renovable El Diario Venezuela
Venezuela,Búsqueda PDVSA (Google News),PDVSA,N/A,"Pdvsa, Proyecta, Alcanzar, Millones, Barriles","PDVSA proyecta alcanzar 1,5 millones de barriles diarios - Yvke Mundial",2026-09-07 16:44,https://news.google.com/rss/articles/CBMivwFBVV95cUxPRnVuYjY0aWR1dXJMNl9PSXktS2E3blRVY0E2MWpoSW1vRURFMmFIMlV0X0t4bFBVMktNSG1JZlBFUlNmT25rLVhEczRNNlhreEpnd3ljQS1DdjhuTWx2OFplQ1lKSUd4V0pUWkZPUUNYM1I5YmliRDhnTk0zOHkzOG5EblpNWUtmRkRSazBncmJ1dDV3dHdkVWRLak83eTQzWUhTLXRuZVdsbWxJTFctaExVZ3MwSWZEUUJwT3FLVQ?oc=5,"PDVSA proyecta alcanzar 1,5 millones de barriles diarios Yvke Mundial"
Venezuela,Búsqueda PDVSA (Google News),PDVSA,N/A,"Pdvsa, Sienta, Bases, Consolidar, Presencia",PDVSA sienta las bases para consolidar presencia energética de Venezuela a nivel global - Yvke Mundial,2026-09-07 16:39,https://news.google.com/rss/articles/CBMitwFBVV95cUxOR1RfN0JDbjc5bEV5NUwwalhFYm5PTEtxTlgxM3JjQWxzQXJlbmxqdGdhUUJmQmVOd29UOG9XOGFHMWxoY2wyRmZyZmNjWjIzaWV0WGNaNzNDMkhPeEdKN2NMMkRSSTQza0JOeUlYNGdqT0QwaGJxMk5RSE8xaGJfMVFXaE0xR2lfdWs3TC02Zkctb0xpN0RMbS0wakN6NW4tdEFMSTZtUTZ1Mkl5ZjNWbDByNnkyTWs?oc=5,PDVSA sienta las bases para consolidar presencia energética de Venezuela a nivel global Yvke Mundial
Venezuela,Búsqueda PDVSA (Google News),PDVSA,N/A,"Presidente, Pdvsa, Asegura, Acuerdo, Petrolero",El presidente de PDVSA asegura que acuerdo petrolero está firmado a 25 años - La Prensa de Lara,2026-09-07 16:28,https://news.google.com/rss/articles/CBMihAFBVV95cUxNRFlDSjZBX0plZTVOdEQtalM2WmNBYm5obzNjUEtUaGVyVlAtVjFhVkItNWtvR3JhbDl4R0x1YVR6V1V4aE5aaWxBMXlEamUtRUkzR01ET0FfMGY0TWcwT3BmSnhJanpuak9mUUdjT3c5SlN1ODJxQWtpaDFDaHp4UU1HbW0?oc=5,El presidente de PDVSA asegura que acuerdo petrolero está firmado a 25 años La Prensa de Lara
Venezuela,Búsqueda PDVSA (Google News),PDVSA,N/A,"Presidente, Pdvsa, Dice, Contratos, Años",Presidente de Pdvsa dice que contratos con EE UU son de 25 años y contemplan renovaciones - El Nacional,2026-09-07 16:27,https://news.google.com/rss/articles/CBMiwgFBVV95cUxONjlzTkRwQU9rWDFjTXVtT0N0NXpzaGw5SmpkYUhXNTk5aWgxY0hZSFlrZFRMOW1EbDUwU093YTdfanRYSW5BQVNSSkR2YkxNZGRvME5nRVJFUFRCeWZEelFxRnFldDJQd3VqOXZwRGd1eTRFMmNhbUZlbXE0dTEyNnBibDBqeU0wVmNvb3ZGQkloX2hndi1Wcnl3Ymg4eUJDUTlXMUdMczRJNkVNOW1YYzBLZXYwUGZ4RUdESzh1bzA3Zw?oc=5,Presidente de Pdvsa dice que contratos con EE UU son de 25 años y contemplan renovaciones El Nacional
Venezuela,Búsqueda PDVSA (Google News),PDVSA,N/A,"Presidente, Pdvsa, Proyecta, Captar, Millones",Presidente de PDVSA proyecta captar $100.000 millones de EE. UU. para reconstruir la industria petrolera - Globovisión,2026-09-07 16:27,https://news.google.com/rss/articles/CBMi1wFBVV95cUxNNWtQNkhBMmpqNG1BSkJ5aGVLTlZxMXZwdG5EUUhDVWRDNURfeC1PLWE4S0JnRG8zeldNQVhISDJfVlhMelBiajBUQ3diZWJrSGxlemEtX3RRcHY3QnpSS1lITjhpSFBpcFE5UEp1aVQzUXVueFNLWmxVZDNHUEV4WkEtWXpYb1pVZl9ORVNhaUx4ZkdORTUwVVF1anE0TkZTSnR0Y2NNbnFoY3pyWkJUVTVJWmhaU21kdWhjeFU4dENIX0RQbzFRR0JHc2FSZTZ1a0lCZmRfRQ?oc=5,Presidente de PDVSA proyecta captar $100.000 millones de EE. UU. para reconstruir la industria petrolera Globovisión
Venezuela,Búsqueda PDVSA (Google News),PDVSA,N/A,"Pdvsa, Contrato, Energético, Firmado, Eeuu","PDVSA: Contrato energético firmado con EEUU es a 25 años, pero puede haber renovaciones - Banca y Negocios",2026-09-07 16:15,https://news.google.com/rss/articles/CBMiuAFBVV95cUxOWGhmOG9naDZpdHZXcGxLZHUta0tvTmJmaTQzakdvUjJMWXIwNk40SkxqNGItSkQzQ0g2SzVwQzJWUmZ1TVZob091bXdjSlJybUl2V1lSQnV1MUdkbHA0Wk14VkI2RTIzdHhqZGRWcXNzZWZ0RXQxZmFaMUZNN3lyOW1MclZuTXdwdGdjdW5Ga3dUTjJfVXdiUHU2OUdYd210ZHlId3hQNnQ0bURrcXBrNXg0aU1aeGE5?oc=5,"PDVSA: Contrato energético firmado con EEUU es a 25 años, pero puede haber renovaciones Banca y Negocios"
Venezuela,Búsqueda PDVSA (Google News),PDVSA,N/A,"Verdad, Presidente, Pdvsa, Señala, Acuerdo",Presidente Pdvsa señala que el acuerdo petrolero con EE. UU. es renovable - La Verdad - La Verdad,2026-09-07 16:08,https://news.google.com/rss/articles/CBMimAFBVV95cUxNVFl2R0ZQWXF6eHk0SXZaR1c2YTR5T1duMkVhQ1dIVmx1bkVNRmVjeVlJS3lRTmFXcTF2S29MbzMxOGZ6NXIwSFNUVGlfUTJvRzNER1Bac0RtRGdmRGJNZXh6X1pzdlZObzdicW8zYU1TcF96SXVlMDVkbmU1OF8zb3hWb3Q4UkQxSnoteXNiMXJJNW9fZFR2NA?oc=5,Presidente Pdvsa señala que el acuerdo petrolero con EE. UU. es renovable La Verdad - La Verdad
Venezuela,Búsqueda PDVSA (Google News),PDVSA,N/A,"Pdvsa, Afirma, Acuerdo, Petrolero, Podrá",Pdvsa afirma que acuerdo petrolero con EE.UU. podrá renovarse - Noticias SIN,2026-09-07 15:45,https://news.google.com/rss/articles/CBMiuwFBVV95cUxQY3U4SW1MbzNFcEpNaDBxRzJVVU5RaktraFdLWFFjY2xRem5qT0JITjc3M09qNm1QWTZmTzVEbXllNUVmeld5ZnpxZlR4NUxUT1l0dFB5dldWMVRVczNGeW1QVVMzanpuX2pYSDVDUmQyVW1sQUNiTTVyN09UQi1mSHlqbG12RUlQVVJjSWdZdHpJdXJuTlBtaVh2ZFVqZ2l3cVNMWE9VUEFpejZORzhqRE5WcG1KRkdta25z0gHDAUFVX3lxTE1DNFBrcF84MFFJcGd4dloyaENPY0lHOTlVSm94TXNUUFVxRGk5VFotdDlQd0stTG5XVVB3bWVKZTBMRC1YWUhUUjlSSkxvSkM2ZjJOREZHeGFGU2szR0k4RWFkalRJa2NsYWNfcS1HY05QMXhWQXhMaE8zUUsxa3F5UTIzU1Q0RkJhVFE2RnQ5SDlhalM2b2dOMm5aNTRyeDBnWFBodFA1NmtNMDFwUUdWV3ZVc212TUNWOWNES0IwTjV4Yw?oc=5,Pdvsa afirma que acuerdo petrolero con EE.UU. podrá renovarse Noticias SIN
Venezuela,Búsqueda PDVSA (Google News),PDVSA,N/A,"Pdvsa, Trabaja, Bajo, Planificación, Reformas",PDVSA trabaja bajo planificación y reformas para atraer inversión privada - Radio Nacional de Venezuela - RNV,2026-09-07 15:33,https://news.google.com/rss/articles/CBMimAFBVV95cUxPaUdoYm1nQVN1U2ptOFQwbVZFYUprck9Ed0lqRFFOVWZGNjlrNW9NQnVUZDNKa0pHVEQ0eV9NZ3FFN18taFFkdEF4M3l2UDYtcTJyOHlrUEw1OE9nLUJPVlhjb3V6VGlUTHB1TlFXWWliTXVHN2VCTnVlbG9rNTFiQ1JvNzVPV2RtV0ZyZEhwakF2OGd4QW1qRQ?oc=5,PDVSA trabaja bajo planificación y reformas para atraer inversión privada Radio Nacional de Venezuela - RNV
Venezuela,Búsqueda PDVSA (Google News),PDVSA,N/A,"Ganar, Presidente, Pdvsa, Relación, Venezuela",Presidente de PDVSA: Relación entre Venezuela y EEUU es ganar ganar - La Verdad de Monagas,2026-09-07 15:27,https://news.google.com/rss/articles/CBMirAFBVV95cUxPMVM5dDk2SzlsSHFFekFSU2hUUXNIaU1RMnMzLVlyT3lvMGZxZng5S3NscnlJR1RrWjRNaTJYUkhSMXdkUVJaeDgwRkhBeW1KT1NtbEktalJpbnR4TFgwLVkzanNsSS1SV0VYcjdMaU9NNjJTVmZGM2g5elhXbUVWLW1WM000M291QWlHeXB6cmh5a1FYSHJQZ0ticmhnZ2ZURG9nSG5FNGdJZ1ds0gGyAUFVX3lxTE1CblJxSm1DWERoZko5bmw1Z1Q2WHBuZEJ0eURWOUtzcGVLZzhRVUN6TnY4Vld6eEZjUFo3UHN2WjlLcnZuOEhJR3o2NlhSQWNldnlhaUladmE2Y1RvbmVaajhZenZrWTU2NThKd25BV053V0FLUERqdklsaGpkcEV6M1h6Wlc1MThOelh4MmRzMnJ4d2szTEhJNnc0bjBycWRjemhWRWJGUDBsRkRwcDFodHc?oc=5,Presidente de PDVSA: Relación entre Venezuela y EEUU es ganar ganar La Verdad de Monagas
Venezuela,Búsqueda PDVSA (Google News),PDVSA,N/A,"Presidente, Estatal, Pdvsa, Dice, Acuerdo",Presidente de estatal PDVSA dice que acuerdo petrolero entre Venezuela y EEUU es renovable - Clarin.com,2026-09-07 15:20,https://news.google.com/rss/articles/CBMi3wFBVV95cUxPR3ZsRXg4eEtuOFJEYTVpRWY2VDNhWDFreklqZUZYbHBLYTRyMzJSMi12bzFlWGpCa211b1llT19YSllCelI4Sjh0TGJVVXhGQ0xEUnVYeDg0aVJnN1FyYlk5a1JqZHRna2NONTk0VzFZbHUxLXZuT1dVUHNjZVFUbHhQVWJpc04xYkNhcVdNVVA0bkRTYlRDN3RvR0NfQ25qUlRGdzhRb3ZZaU5Wa2M4MEhleFpfOWY4ZFdKRHFIYXdVZDBwdnozMUxTb0xXeUpNRENBd1BabjlBbE92VFJZ?oc=5,Presidente de estatal PDVSA dice que acuerdo petrolero entre Venezuela y EEUU es renovable Clarin.com
Venezuela,Búsqueda PDVSA (Google News),PDVSA,N/A,"Están, Dadas, Condiciones, Tengamos, Venezuela","«Están dadas las condiciones para que tengamos una Venezuela con desarrollo»: Presidente de PDVSA, Héctor Obregón - La iguana TV",2026-09-07 15:18,https://news.google.com/rss/articles/CBMieEFVX3lxTE40RF9OM3d3Sk5KWks4aVdrXy1nZFdTdUhtRk9TNDFhZ1JJaFZWcHFTRkVrRFd0blg1Z2hFUjdqeG5KbENIRVlVM2xqVlBNdzVsdVRLUHk3ZHA3b0tnNm9nWkNjLUJ6YWduLVpIY3RxVWZrLTdLSXA1Nw?oc=5,"«Están dadas las condiciones para que tengamos una Venezuela con desarrollo»: Presidente de PDVSA, Héctor Obregón La iguana TV"
Venezuela,Búsqueda PDVSA (Google News),PDVSA,N/A,"Presidente, Pdvsa, Acuerdos, Petroleros, Eeuu",Presidente de PDVSA: Acuerdos petroleros con EEUU benefician a ambas partes - Contrapunto.com,2026-09-07 15:05,https://news.google.com/rss/articles/CBMiuAFBVV95cUxNY0FmMkZ5ZFNCN1k5RFY1YUUyRmpqckNKSGdnNFJoTWtKLXJ5Vlh4Zk1RaU55Zmc0UVZ3dGVKNlZlOXl0UU1BZGJtR2JteW1UVS11YmRGMUxEQkZFdGJzdVlFUGdEMjJEamFSOEJhOVJ3M0MwaEdGbWszQkhLQjJTY0M2WlAxbWhjYW1MZkNHQzRCRWFiLVdOUHBQM0pXZzljT0ZUQlZyRDVydUVWSkhkOHdHc2FUalV6?oc=5,Presidente de PDVSA: Acuerdos petroleros con EEUU benefician a ambas partes Contrapunto.com
Venezuela,Búsqueda PDVSA (Google News),PDVSA,N/A,"Pdvsa, Prevé, Alcanzar, Millones, Barriles","PDVSA prevé alcanzar 1,5 millones de barriles diarios - La iguana TV",2026-09-07 14:53,https://news.google.com/rss/articles/CBMieEFVX3lxTFBjb1RRYTVuenRUWVRvMUFWcENCZS1EOWgyaUdKMGplQl9CcjZXdF9LaTVOY2N4eGF1RTg4Y3dwN2N0UlNmcGdZSUJzNmpCZmNKZFZTc3JwMk82a3g1T3dFMzBEckJ3Q2RXLXdOY3A5dm5uSGFlXzhSaQ?oc=5,"PDVSA prevé alcanzar 1,5 millones de barriles diarios La iguana TV"
Venezuela,Búsqueda PDVSA (Google News),PDVSA,N/A,"Ganar, Presidente, Pdvsa, Relación, Venezuela",Presidente de Pdvsa: Relación entre Venezuela y Estados Unidos es “ganar ganar” - El Diario de Guayana,2026-09-07 14:48,https://news.google.com/rss/articles/CBMirwFBVV95cUxOWFNPQWNaWU5SbkhPcF9DZmg0cVFsYWpNaEIxenhZLXNaZjF2YU9QVFduemdBRWZmR0hrZzM4WUg1SDZpZjE1TnZtWFF2QktmRWt3U0hmU3Azc2tHazNUZ0lPR1NTXzBEX1pWbW9KdWFtNzZTWF9NcWFaWlFBTnJGTTEyYktJWC1PYkpjX01pZEh6al9pcFBWZjl0a2plWFYxalVGSUdadHhvMUxTUXhz?oc=5,Presidente de Pdvsa: Relación entre Venezuela y Estados Unidos es “ganar ganar” El Diario de Guayana
Venezuela,Búsqueda PDVSA (Google News),PDVSA,N/A,"Acuerdos, Energéticos, Firmado, Venezuela, Socios","Estos son los acuerdos energéticos que ha firmado Venezuela con socios internacionales: Presidente de PDVSA, Héctor Obregón, explica los alcances - La iguana TV",2026-09-07 14:34,https://news.google.com/rss/articles/CBMigAFBVV95cUxNclBVVXk5TEdodnlLY3N1dFhSMFhWVHZHRmpMM2FyaVF1eWNQdmZ1LXpnRXpSWjVkYm15U2RvMXhWZlNVLW9IX29sa0JnakkwOWdUdGZlZ3Z0ZWkxOHpFandfcVlNYnBuQ09CcWlUa3FSVjhuM2tRbGpBXzRvVTRZdg?oc=5,"Estos son los acuerdos energéticos que ha firmado Venezuela con socios internacionales: Presidente de PDVSA, Héctor Obregón, explica los alcances La iguana TV"
Venezuela,Búsqueda PDVSA (Google News),PDVSA,N/A,"Dijo, Presidente, Pdvsa, Héctor, Obregón","Esto dijo el presidente de PDVSA, Héctor Obregón, sobre la nueva etapa de relacionamiento con EEUU (+Exclusiva) - La iguana TV",2026-09-07 14:25,https://news.google.com/rss/articles/CBMifEFVX3lxTE9jYnlUMXFWdHdZSEx1eG5ONXROdElpbzRxaFRlZHlnbkhHNzJ5TTAzNVowdkduRFhDcW9TMUR5NUZpeDdVT2FjdmJCdGppN0JvbXJ2akF0ZWdlaURpdUpwUVcxcDI0VmVwckJYcjlQdk8xN0lHMjhXcmpmam0?oc=5,"Esto dijo el presidente de PDVSA, Héctor Obregón, sobre la nueva etapa de relacionamiento con EEUU (+Exclusiva) La iguana TV"
Venezuela,Búsqueda PDVSA (Google News),PDVSA,N/A,"Héctor, Obregón, Venezuela, Está, Abierta","Héctor Obregón: ""Venezuela está abierta a todas las inversiones privadas"" - La iguana TV",2026-09-07 14:06,https://news.google.com/rss/articles/CBMifEFVX3lxTE5FQm96cnowS2QtTTd0N1dtb09MOTRxZWptcU1tNE1EeTk4SFZaaG5aekVqd2RWZTgyMVdzc01pejRQT3VaaXNIU3A1WHVkSnJjXzFtLWdNQmt6cV9JTUZpd2oweUtiTUhVcmVETEtaekQ2YjZkTW45OXYtVGo?oc=5,"Héctor Obregón: ""Venezuela está abierta a todas las inversiones privadas"" La iguana TV"
Venezuela,Búsqueda PDVSA (Google News),PDVSA,N/A,"Rastro, Petróleo, Venezolano, España, Investigan",El rastro del petróleo venezolano en España: Investigan pagos de Pdvsa para sufragar gastos del PSOE - Confirmado,2026-09-07 13:04,https://news.google.com/rss/articles/CBMixAFBVV95cUxPZGkwNllFdHdja1lOb29YcEJSMWNuNGhFOUN5YXlmX2RONy04THlKZDE5emc2UkxxNVM1MTh4elRTZ01CMEp5a3pKcV9HUmh6LUtSdXJkN2Z6YlVpSXRubW50VWNQdWU2dlBCTFNhTVNKVWNCTXNwS0Z1NEpaTHdsbE5yaG9iUEJPdjlfMWJla1pRcjRWLXhHOW9UVkxlNUZpUEppV29xd1pfZDh5RWM3bzJWWFJ3V2pNQ0YzNXp0MVVmemJi?oc=5,El rastro del petróleo venezolano en España: Investigan pagos de Pdvsa para sufragar gastos del PSOE Confirmado
Venezuela,Búsqueda PDVSA (Google News),PDVSA,N/A,"Exclusiva, Cuáles, Sido, Cambios, Experimentado",EXCLUSIVA | ¿Cuáles han sido los cambios que ha experimentado el sector hidrocarburos en los últimos meses?: Presidente de PDVSA responde - La iguana TV,2026-09-07 12:50,https://news.google.com/rss/articles/CBMikgFBVV95cUxPS2dRclBlSWUwQUp6bGpvYlptS3NyMlV5eDVJZTJ6YW1YdGNpR3gwRWNTVUlYay1fNE43WEptSHNoYWJLaWZYQm9QN1NVOUQxQnJCcjVoY2ZGdS1jMHd4NUlsYXc5TmpFX0lfaXB5TG9MOHZKcGRwWjBhX0JDN281aTJjMC1qbVo3NU1BTG41ZjFnZw?oc=5,EXCLUSIVA | ¿Cuáles han sido los cambios que ha experimentado el sector hidrocarburos en los últimos meses?: Presidente de PDVSA responde La iguana TV
Venezuela,Búsqueda PDVSA (Google News),PDVSA,N/A,"Exclusiva, Presidente, Pdvsa, Héctor, Obregón","EXCLUSIVA | Presidente de PDVSA, Héctor Obregón, cuenta todo sobre el acuerdo histórico Venezuela-EEUU - La iguana TV",2026-09-07 12:29,https://news.google.com/rss/articles/CBMiekFVX3lxTE4taHIzUFJFQXY5LXJnbkYweHVzdkRVY1EzSlV2R3h6SXZLV2JmdUxZUFNaMlI4NXMzUW9Qd053Y0xwRElCazd2UGotNUNwWGJydnFJWFlfRUZ5ZEpMRHE3dDZpMjBqWjk5dmJZdUNMZkkxSnlrdWNadGdB?oc=5,"EXCLUSIVA | Presidente de PDVSA, Héctor Obregón, cuenta todo sobre el acuerdo histórico Venezuela-EEUU La iguana TV"
Venezuela,Búsqueda PDVSA (Google News),PDVSA,N/A,"Exclusiva, Presidente, Pdvsa, Cuenta, Acuerdo",EXCLUSIVA | Presidente de PDVSA cuenta todo sobre el acuerdo histórico Venezuela-EEUU - La iguana TV,2026-09-07 12:29,https://news.google.com/rss/articles/CBMimwFBVV95cUxQT2d2aWE0YTQtNFlCY09NNWpDRlp3T2FxNzVWMW5iUFgwY09QMWg4TmhmRnlQNkU0Wi0ybVNTczAxZG1fdHRsLWNNNEhkeFpHamJjdEhQUkE1TjRQTk1jOFVJQ0dMSGNLYjN3WXBJeUg2X1BRZUpwSnVxS3JxTFE1R015ejAxTXozZ2xjN2hha1pHaW1WZi14T3FCbw?oc=5,EXCLUSIVA | Presidente de PDVSA cuenta todo sobre el acuerdo histórico Venezuela-EEUU La iguana TV
Venezuela,Búsqueda PDVSA (Google News),PDVSA,N/A,"Venezuela, Mantendrá, Empresas, China, Rusia",Venezuela mantendrá a empresas de China y Rusia como socias de PDVSA - PETROGUIA,2026-09-07 02:59,https://news.google.com/rss/articles/CBMiwAFBVV95cUxNNklkTmcxNkZCU2RKWlo3RmY0YjFKZG5yOEVuS095ZHdwQlNfVy1oVm9IeVdXWU1jTnpoN3FENTI3VE9pZENJM1NvVWlnYlRTYmRhaC1PNlIwWlBXQ1I0TWJYbWxEMnAyNEpXUk9kX3JVamhjSnRkNFhCUjBKaGpKVWNyMzY4Y0I5LXlZWmN1VE9jY3c5Tl9VQWFUd0ZmN0NiR3lmSzN0ckpuc0I3RTBqMndlbXNZN0xoS2haRFJMY0w?oc=5,Venezuela mantendrá a empresas de China y Rusia como socias de PDVSA PETROGUIA
Venezuela,Búsqueda PDVSA (Google News),PDVSA,N/A,"Presidente, Pdvsa, Destaca, Protagónico, Trabajadores",Presidente de PDVSA destaca rol protagónico de trabajadores en la reforma de Ley de Hidrocarburos - Ciudad Valencia,2026-09-06 19:49,https://news.google.com/rss/articles/CBMid0FVX3lxTE1xTEtqQUFqTzh2cE5MRThwT1NjV0xyek53UDFRZ1g4ajU5WmUwM0lqT0sxbERCN3NJTm1lRVRBZ3RuckRqbzIwQTktZjkzS3BiLWVSZm84enhnYWhEVTBiWlJYYlplNlpMS0NjOWF4d0FTaG8taW5N?oc=5,Presidente de PDVSA destaca rol protagónico de trabajadores en la reforma de Ley de Hidrocarburos Ciudad Valencia
Venezuela,Búsqueda Guri (Google News),Guri,Sistema Eléctrico,"Acuerdo, Vernova, Estabilizará, Sistema, Eléctrico",Acuerdo con GE Vernova estabilizará el sistema eléctrico en 12 meses - EL UNIVERSAL,2026-09-06 17:43,https://news.google.com/rss/articles/CBMisAFBVV95cUxNdmh1UFFsZjZ1Z3NTTlJPQnlOS1BtWEtSaTI0Um1VakF2SWh3TnRvVlJBUzdsNG1ZczlqT3BGZnZIVU1sT0h6bk5HREIyT0xBZXNTU2pXQ1RpbFJNRGc2bFMyc1ZYb05qbWR4NExUeHRUMzVObjlGR1JwVzA2SnByZHRXOGNYUGFzZm54SUwwNW11MHVxdk5ldERnT2JLMnVmdWlsWlpmbm5CRjVWSFJBQg?oc=5,Acuerdo con GE Vernova estabilizará el sistema eléctrico en 12 meses EL UNIVERSAL
Venezuela,Búsqueda PDVSA (Google News),PDVSA,N/A,"Vicepresidente, Pdvsa, Asegura, Fortalecimiento, Productivo",Vicepresidente de Pdvsa asegura fortalecimiento productivo por acuerdo con EE.UU. - elestimulo.com,2026-09-06 14:36,https://news.google.com/rss/articles/CBMihAFBVV95cUxQWTRZVDR6bGVhUmpna0xMb1lBVm1hRWE2MHQ2a0k5TG8zR2M5a1V2REJneXJ3eG4xbk9WTHh2WkVyMmRFaThhSFI4X3pxLUlpMmQ1ejhkU1Fvc2JzNFZoNlBEaFN1b3ZlV1FzZi0tMmNybTJ3UXhtRFBmOFlMU3BSdjEtT1M?oc=5,Vicepresidente de Pdvsa asegura fortalecimiento productivo por acuerdo con EE.UU. elestimulo.com
Venezuela,Búsqueda PDVSA (Google News),PDVSA,N/A,"Exdirectivo, Pdvsa, Dudas, Mayúsculas, Ambicioso",Exdirectivo de PDVSA ve “dudas mayúsculas” sobre ambicioso plan petrolero en Venezuela - Univision,2026-09-06 07:40,https://news.google.com/rss/articles/CBMi5wFBVV95cUxPcDBaZ1JhNXNKV2tCdjEwdXRuRTNnMkJHWUZtNEhIMlppREFpUm1VU3lRek9BT1ZaTmgxcVZJRHdNaGkwc2d0dzJpUmRwMk53UFlrd3NWSzZVX3pnRU5vbUdxREN0TDNNdDJDTXlDN21lWGY2UjRfdzVjem9KYzBoQXg0Z2pER01ndXVEbkJ4WmtFTWhNTHc2b1JzbVAtcHlJOEtHTTFVUlNONGM4TVd5d3gyUTNsSzRucHZaRldUWlRHUkE5LVE1US1JYzJ2OFdEY0VSSnVoOC1rUWQzUmJYOVZjNmFtbXM?oc=5,Exdirectivo de PDVSA ve “dudas mayúsculas” sobre ambicioso plan petrolero en Venezuela Univision
Venezuela,Búsqueda PDVSA (Google News),PDVSA,N/A,"Pdvsa, Proyecta, Crecimiento, Producción, Diario",Pdvsa proyecta crecimiento de la producción - Diario Primicia,2026-09-05 21:37,https://news.google.com/rss/articles/CBMigwFBVV95cUxPbzM2TlNFTkNhdHNzZnhkc2pZc3g2OEF4M0FvZkJJdURvZnRhZjZWS183R0dsbmJBOXc0OFJGUTFlV0E3RHFxM3J2bndOYjNpMnA2Snh0dTVWbktsUEUtR25YUjFXb0ktS0wxWlNuVWFJQlRLM3Z1ZXpjbkdudE5jMTNtNA?oc=5,Pdvsa proyecta crecimiento de la producción Diario Primicia
Venezuela,Búsqueda CORPOELEC (Google News),CORPOELEC,N/A,"Venezuela, Reportaron, Fluctuaciones, Eléctricas, Caracas",Reportaron fluctuaciones eléctricas en Caracas y varios estados de Venezuela - El Diario Venezuela,2026-09-05 20:19,https://news.google.com/rss/articles/CBMidkFVX3lxTFB5Y3pHYVNoSnVtd0JLRnctUDdOWkZVZ2FhWjd5MVVhQVBIb0l1V3hMMC14SjhVUGlkRXZVb3VUR2Zmb0xEMVpiS1RHcktWRnROWFRoenZVSGpoenp4bW4zZTh4aHdvV2pRRTN3REJBWnM1Vnk0RVE?oc=5,Reportaron fluctuaciones eléctricas en Caracas y varios estados de Venezuela El Diario Venezuela
Venezuela,Búsqueda PDVSA (Google News),PDVSA,N/A,"Venezuela, Pdvsa, Reactiva, Infraestructura, Petrolera",Venezuela: PDVSA reactiva infraestructura petrolera y comunitaria con alianzas estratégicas - teleSUR,2026-09-05 16:40,https://news.google.com/rss/articles/CBMiekFVX3lxTE1GakNwTmdNVUxteC0zZnJ6Q2tsaXpab0ExSDFSczBUdjdkMWxTcDdXajdOZms0NWYxVkhXcnFUOTdGWE5ERjZIcW9GallJaXM0MkYyeGx0elhucXNVOXMwR0tTbE80WnA2ekN3Qmd3NU9VSDdQYW00V21R?oc=5,Venezuela: PDVSA reactiva infraestructura petrolera y comunitaria con alianzas estratégicas teleSUR
Venezuela,Búsqueda CORPOELEC (Google News),CORPOELEC,N/A,"Acuerdo, Pdvsa, Corpoelec, Vernova, Terminará","¿Acuerdo entre PDVSA, Corpoelec y GE Vernova terminará con los apagones? Esto es lo que se sabe - El Pitazo",2026-09-05 14:48,https://news.google.com/rss/articles/CBMiwAFBVV95cUxNX1JGV0VabkVHSHY1YlhJYU5uTk1IRC1UdnFHN3g1OHpTYmNkTG5vcEM1bmRZTUlGYzYwVlBIYzFaajZQczNsTVMxNURZZUVVQUd1ZV9nX3RHSmJwVEtaMU9CRjdTSTJ4RmhSa05nSDJJMXBmcTlfOTBIV0kxY2x4SEpycWk3OC13b3YtWWl6bGgwQk9udWF4dDBHRkR3V0JaS1g2MzhLRktHVUljdDNOYXpvSHhQODlEY0tuNnZFUUY?oc=5,"¿Acuerdo entre PDVSA, Corpoelec y GE Vernova terminará con los apagones? Esto es lo que se sabe El Pitazo"
Venezuela,Búsqueda CORPOELEC (Google News),CORPOELEC,N/A,"Presidenta, Rodríguez, Pidió, Corpoelec, Alertas",Presidenta Rodríguez pidió a CORPOELEC estar alertas ante saboteos del extremismo contra el SEN - Extra News Mundo,2026-09-05 01:30,https://news.google.com/rss/articles/CBMidEFVX3lxTE91cEljMXFYblYtbUdpd0RUSHA2NXREcmRMaEtZUVRoa0YzclB1SlZpeVgwTWd5UGFkSGtWb1dibDg3UEJ2TlVQVU85TVRWc0FnUVlwbHZNV3EyMk5PNU5XcTFmUXJwNTk2QVN2a0d0cm1PMk9O?oc=5,Presidenta Rodríguez pidió a CORPOELEC estar alertas ante saboteos del extremismo contra el SEN Extra News Mundo
Venezuela,Búsqueda CORPOELEC (Google News),CORPOELEC,Sistema Eléctrico,"Envideo, Presidenta, República, Bolivariana, Venezuela","#EnVideo📹| Presidenta de la República Bolivariana de Venezuela, Delcy Rodríguez, denunció que sectores extremistas cometieron acciones para sabotear el Sistema Eléctrico Nacional (SEN), en el estado zulia, lo que provocó afectaciones en distintas zon - instagram.com",2026-09-04 22:46,https://news.google.com/rss/articles/CBMiVkFVX3lxTE9aZ0N5WXpXOTBYTTR5b1NYU1lDMjEtN3RfVE1KOHdVQTV5ajlBQ0pyb0ZHT01HNTMwQVpqaWhOam5tek5UNXVSSmp1c0tBeTFzSWRubXdR?oc=5,"#EnVideo📹| Presidenta de la República Bolivariana de Venezuela, Delcy Rodríguez, denunció que sectores extremistas cometieron acciones para sabotear el Sistema Eléctrico Nacional (SEN), en el estado zulia, lo que provocó afectaciones en distintas zon instagram.com"
Venezuela,Búsqueda PDVSA (Google News),PDVSA,N/A,"Petrolera, Colombiana, Geopark, Firmó, Contrato",Petrolera colombiana GeoPark firmó un contrato con Pdvsa para operar en Venezuela por 25 años - gerente.com,2026-09-04 22:08,https://news.google.com/rss/articles/CBMiwwFBVV95cUxNNU1fTjZ5WFFMSVAzWTJESEZrZ21mSW5yTGsxd2Rma0FGWk9saXBnT3pxcXF1Tk9WVEZ2R0hRWDZ0U3JiQUhqMFU1R0NsTjJ4MGVqNXdneVpPMEJwLTZ1ZWlLYWl3UE1QQm02dm5YUzhYY0dhUVI5ZjdONEktUUVaZC1palNOVTFBenczRkJETDEtOVBxQW9Ea0Jjc1pqdll6dHRNeU9qWDhHTEQyd1p3QWZQOTRiWkRubng3UEdzaVpLaWc?oc=5,Petrolera colombiana GeoPark firmó un contrato con Pdvsa para operar en Venezuela por 25 años gerente.com
Venezuela,Búsqueda PDVSA (Google News),PDVSA,N/A,"Geopark, Pdvsa, Alían, Impulsar, Producción",GeoPark y PDVSA se alían para impulsar la producción petrolera en Venezuela por 25 años - El Pitazo,2026-09-04 20:59,https://news.google.com/rss/articles/CBMiugFBVV95cUxQMF9jYWRfT0gwQU5ETzlXc29heFdzemhxbTRUTTdKY21nZXppVVN5TjZIUFg4WEFzdEk3OVY2QldOMDc2VUlpSUZpblA1SHVITkZJcU9PcHhNRGJOeWRxLXViRkVwUHVIQVBxdUJMQTc4UlpjaGxpT1VGLWJIU3J0aHRKQzBmX1htVVRjN2t4MGJtZ0wwaVdIUWNTVGFwaS05RkFqcFRnVTdyWkwzRHZrSGlOVzVJUTZNWEE?oc=5,GeoPark y PDVSA se alían para impulsar la producción petrolera en Venezuela por 25 años El Pitazo
Venezuela,Búsqueda SEN (Google News),SEN,Electricidad,"Paula, Henao, Acuerdo, Vernova, Permitirá",Paula Henao: Acuerdo con GE Vernova permitirá generar electricidad para la producción petrolera y aliviará carga del SEN - AlbertoNews,2026-09-04 16:33,https://news.google.com/rss/articles/CBMi8gFBVV95cUxNQmdLdmVOR00xUllZc0tIdzFvMkZ2Uk5XbU4tZmtlLWI4QWM3cnhNR1p2ZEJicHN5Z19ONFNrMkhIUldpNFk3UVZ6c0ZwdENuNG13SDRkVTN0dkQ5VXFPZE5YM0pzbkFfN2lCSHUzbGl0TXVmbl9RN1dQYWZEdHlUR21HRXdvcFo2T2NTalJuSG9ZVG9CUC1HOU5wbENuOEFJVTJlN29Va0JmUDFsUUM5UF9EU1ltVVhXR2g3Qk9Dbmd3QUxWYzFyNmQ1clJzeWNhSUZoc2F4Z0NCS3FjeTlHQ2hXck4tRWtlZmlBV3h0WlpuUQ?oc=5,Paula Henao: Acuerdo con GE Vernova permitirá generar electricidad para la producción petrolera y aliviará carga del SEN AlbertoNews
Venezuela,Búsqueda CORPOELEC (Google News),CORPOELEC,Energía,"Verdad, Vernova, Prevé, Sumar, Gigavatio",GE Vernova prevé sumar un gigavatio de energía en Venezuela en dos años - La Verdad - La Verdad,2026-09-04 16:26,https://news.google.com/rss/articles/CBMimAFBVV95cUxPcmxka2Q5V2FtM2lXMl9CUlZMSVBUbVA3eDlkM3E5TUdhdnEwMzUzWXJYRENCVmo1cXViNDg1MjlZdjBBLVhTOWFJVDZZQmNvbE9fWWFoVlhmU2c0U1RTbVNLN1BDQlRGbEc2aW56cWNSY184ek1NUVI4OXRpZjRwaUFSODhYRngyMlNpUWJTR1dRYTRnQmxKaA?oc=5,GE Vernova prevé sumar un gigavatio de energía en Venezuela en dos años La Verdad - La Verdad
